com/moonsworth/lunar/client/RIHHRCCHRCRRIOOOIHICHCCHIRRCCC/HORHROIOIOICIRHIOCOICHHHIHCIIO/HORHROIOIOICIRHIOCOICHHHIHCIIO/HHRROIIHRRICIIHIIHICRHHRHOHHOO/2Mixin	com/moonsworth/lunar/client/RIHHRCCHRCRRIOOOIHICHCCHIRRCCC/HORHROIOIOICIRHIOCOICHHHIHCIIO/HORHROIOIOICIRHIOCOICHHHIHCIIO/HHRROIIHRRICIIHIIHICRHHRHOHHOO/OldServerPingerMixin
com/moonsworth/lunar/client/RIHHRCCHRCRRIOOOIHICHCCHIRRCCC/HORHROIOIOICIRHIOCOICHHHIHCIIO/HORHROIOIOICIRHIOCOICHHHIHCIIO/RCIOICOHRIOIIRRRROCRHCIICRROHO/2Mixin	com/moonsworth/lunar/client/RIHHRCCHRCRRIOOOIHICHCCHIRRCCC/HORHROIOIOICIRHIOCOICHHHIHCIIO/HORHROIOIOICIRHIOCOICHHHIHCIIO/RCIOICOHRIOIIRRRROCRHCIICRROHO/ResourcePackRepositoryMixin
com/moonsworth/lunar/legacy/HHRROIIHRRICIIHIIHICRHHRHOHHOO/HHRROIIHRRICIIHIIHICRHHRHOHHOO/HRICOROOOCCOCOROCRHHCRRIRCOICO/RCIOICOHRIOIIRRRROCRHCIICRROHO/1Mixin	com/moonsworth/lunar/legacy/HHRROIIHRRICIIHIIHICRHHRHOHHOO/HHRROIIHRRICIIHIIHICRHHRHOHHOO/HRICOROOOCCOCOROCRHHCRRIRCOICO/RCIOICOHRIOIIRRRROCRHCIICRROHO/ServerPingerMixin
com/moonsworth/lunar/legacy/HRICOROOOCCOCOROCRHHCRRIRCOICO/ICRHORIIHOHROHOHOCOOHOOCOORRHO/ORCHOHHCOHCORRICRIHCHHRORHHCHH/1Mixin	com/moonsworth/lunar/legacy/HRICOROOOCCOCOROCRHHCRRIRCOICO/ICRHORIIHOHROHOHOCOOHOOCOORRHO/ORCHOHHCOHCORRICRIHCHHRORHHCHH/ServerPingerMixin
com/moonsworth/lunar/legacy/HRICOROOOCCOCOROCRHHCRRIRCOICO/RHIRRICCRHHHIIHHIHHOHRCHIOORCC/1Mixin	com/moonsworth/lunar/legacy/HRICOROOOCCOCOROCRHHCRRIRCOICO/RHIRRICCRHHHIIHHIHHOHRCHIOORCC/ServerPingerMixin
com/moonsworth/lunar/replaymod/forge/v1_12/HRICOROOOCCOCOROCRHHCRRIRCOICO/10Mixin	com/moonsworth/lunar/replaymod/forge/v1_12/HRICOROOOCCOCOROCRHHCRRIRCOICO/GuiPathingMixin2
com/moonsworth/lunar/replaymod/forge/v1_12/HRICOROOOCCOCOROCRHHCRRIRCOICO/2Mixin	com/moonsworth/lunar/replaymod/forge/v1_12/HRICOROOOCCOCOROCRHHCRRIRCOICO/AbstractGuiPopupMixin
com/moonsworth/lunar/replaymod/forge/v1_8/HRICOROOOCCOCOROCRHHCRRIRCOICO/10Mixin	com/moonsworth/lunar/replaymod/forge/v1_8/HRICOROOOCCOCOROCRHHCRRIRCOICO/GuiPathingMixin2
com/moonsworth/lunar/replaymod/forge/v1_8/HRICOROOOCCOCOROCRHHCRRIRCOICO/2Mixin	com/moonsworth/lunar/replaymod/forge/v1_8/HRICOROOOCCOCOROCRHHCRRIRCOICO/AbstractGuiPopupMixin
com/moonsworth/lunar/v1_12/forge/mixin/1Mixin	com/moonsworth/lunar/v1_12/forge/mixin/ServerPingerMixin
com/moonsworth/lunar/v1_8/forge/mixin/1Mixin	com/moonsworth/lunar/v1_8/forge/mixin/OldServerPingerMixin
