cluster	package	n_classes	n_lazy
01	com.moonsworth.lunar	963	680
01	com.moonsworth.lunar.altmanager	7	0
01	com.moonsworth.lunar.annotations	6	4
01	com.moonsworth.lunar.bridge	981	240
01	com.moonsworth.lunar.bridge.fog	3	2
01	com.moonsworth.lunar.bridge.glintcolorizer	1	0
01	com.moonsworth.lunar.bridge.glintcolorizer.mixin	2	1
01	com.moonsworth.lunar.bridge.hitbox	2	1
02	com.moonsworth.lunar.bridge.hitcolor	3	1
02	com.moonsworth.lunar.bridge.horsestats	60	49
02	com.moonsworth.lunar.bridge.horsestats.mixin	4	1
02	com.moonsworth.lunar.bridge.itemcounter	29	15
02	com.moonsworth.lunar.bridge.itemcounter.mixin	4	3
02	com.moonsworth.lunar.bridge.lighting	4	3
02	com.moonsworth.lunar.bridge.minecraft	29	1
02	com.moonsworth.lunar.bridge.mixin	4	1
03	com.moonsworth.lunar.bridge.optifine	9	0
03	com.moonsworth.lunar.bridge.particle	4	0
03	com.moonsworth.lunar.bridge.potion	3	0
03	com.moonsworth.lunar.bridge.resourcepack	2	0
03	com.moonsworth.lunar.bridge.scoreboard	4	0
03	com.moonsworth.lunar.bridge.server	1	0
03	com.moonsworth.lunar.bridge.slayer	9	7
03	com.moonsworth.lunar.bridge.stats	2	0
04	com.moonsworth.lunar.bridge.tileentity	3	0
04	com.moonsworth.lunar.bridge.world	27	0
04	com.moonsworth.lunar.bridge.world.mixin	4	0
04	com.moonsworth.lunar.bridgeimpl.mixin	1	0
04	com.moonsworth.lunar.client	78	6
04	com.moonsworth.lunar.client.account	5	0
04	com.moonsworth.lunar.client.account.skin	3	0
04	com.moonsworth.lunar.client.alert	2	0
05	com.moonsworth.lunar.client.alert.mixin	4	1
05	com.moonsworth.lunar.client.animations	1	0
05	com.moonsworth.lunar.client.animations.mixin	7	5
05	com.moonsworth.lunar.client.audio.music	1	0
05	com.moonsworth.lunar.client.audio.ogg	4	1
05	com.moonsworth.lunar.client.calculator	4	2
05	com.moonsworth.lunar.client.calculator.mixin	4	2
05	com.moonsworth.lunar.client.chat	22	0
06	com.moonsworth.lunar.client.chest	4	8
06	com.moonsworth.lunar.client.click	8	0
06	com.moonsworth.lunar.client.click.chest	9	4
06	com.moonsworth.lunar.client.click.colorsaturation	2	0
06	com.moonsworth.lunar.client.click.coordinates	1	0
06	com.moonsworth.lunar.client.click.fishing	3	2
06	com.moonsworth.lunar.client.click.gui	3	3
06	com.moonsworth.lunar.client.click.highlight	2	0
07	com.moonsworth.lunar.client.click.holograms	35	13
07	com.moonsworth.lunar.client.click.holograms.mixin	54	0
07	com.moonsworth.lunar.client.click.holograms.nameplate	8	1
07	com.moonsworth.lunar.client.click.holograms.nameplate.mixin	16	5
07	com.moonsworth.lunar.client.click.lotusfish	24	1
07	com.moonsworth.lunar.client.click.lotusfish.mixin	7	5
07	com.moonsworth.lunar.client.click.mixin	1	0
07	com.moonsworth.lunar.client.click.rewindhandlers	3	1
08	com.moonsworth.lunar.client.config	1	0
08	com.moonsworth.lunar.client.config.migration	42	0
08	com.moonsworth.lunar.client.config.option	52	0
08	com.moonsworth.lunar.client.config.option.trait	13	0
08	com.moonsworth.lunar.client.config.override	6	0
08	com.moonsworth.lunar.client.coordinates	7	9
08	com.moonsworth.lunar.client.coordinates.mixin	2	0
08	com.moonsworth.lunar.client.cosmetics	7	0
09	com.moonsworth.lunar.client.cosmetics.emote	29	0
09	com.moonsworth.lunar.client.cosmetics.holograms	11	0
09	com.moonsworth.lunar.client.cosmetics.inactive	16	0
09	com.moonsworth.lunar.client.cosmetics.inactive.gui	3	0
09	com.moonsworth.lunar.client.cosmetics.inactive.mixin	4	0
09	com.moonsworth.lunar.client.cosmetics.inactive.mixin.colorsaturation	3	0
09	com.moonsworth.lunar.client.cosmetics.inactive.mixin.colorsaturation.mixin	2	0
09	com.moonsworth.lunar.client.cosmetics.inactive.mixin.fishing	12	0
10	com.moonsworth.lunar.client.cosmetics.inactive.mixin.gui	6	0
10	com.moonsworth.lunar.client.cosmetics.inactive.mixin.gui.mixin	6	0
10	com.moonsworth.lunar.client.cosmetics.inactive.mixin.highlight	4	0
10	com.moonsworth.lunar.client.cosmetics.inactive.mixin.highlight.mixin	7	0
10	com.moonsworth.lunar.client.cosmetics.inactive.mixin.holograms	3	0
10	com.moonsworth.lunar.client.cosmetics.inactive.mixin.holograms.mixin	3	0
10	com.moonsworth.lunar.client.cosmetics.inactive.mixin.nameplate	3	0
10	com.moonsworth.lunar.client.cosmetics.inactive.mixin.rewindhandlers.mixin	3	0
11	com.moonsworth.lunar.client.cosmetics.inactive.rewindhandlers	21	0
11	com.moonsworth.lunar.client.cosmetics.molang	44	1
11	com.moonsworth.lunar.client.cosmetics.molang.ast	1	0
11	com.moonsworth.lunar.client.cosmetics.skin	16	0
11	com.moonsworth.lunar.client.driver	21	0
11	com.moonsworth.lunar.client.driver.core	4	0
11	com.moonsworth.lunar.client.driver.core.gui	6	0
11	com.moonsworth.lunar.client.driver.core.gui.mixin	28	0
12	com.moonsworth.lunar.client.driver.core.gui.mixin.nameplate	3	0
12	com.moonsworth.lunar.client.driver.core.gui.mixin.rewindhandlers	4	0
12	com.moonsworth.lunar.client.driver.core.highlight	2	0
12	com.moonsworth.lunar.client.driver.core.holograms	5	0
12	com.moonsworth.lunar.client.driver.core.holograms.mixin	5	0
12	com.moonsworth.lunar.client.driver.core.nameplate	2	0
12	com.moonsworth.lunar.client.driver.core.rewindhandlers	1	0
12	com.moonsworth.lunar.client.driver.gui	6	0
13	com.moonsworth.lunar.client.driver.holograms	6	0
13	com.moonsworth.lunar.client.driver.nameplate	1	0
13	com.moonsworth.lunar.client.driver.nameplate.mixin	8	0
13	com.moonsworth.lunar.client.driver.rewindhandlers	2	0
13	com.moonsworth.lunar.client.event	29	0
13	com.moonsworth.lunar.client.event.fishing	49	0
13	com.moonsworth.lunar.client.event.mixin	10	0
13	com.moonsworth.lunar.client.event.mixin.fishing	27	0
14	com.moonsworth.lunar.client.event.mixin.fishing.mixin	6	0
14	com.moonsworth.lunar.client.event.mixin.gui	26	0
14	com.moonsworth.lunar.client.event.mixin.highlight	32	0
14	com.moonsworth.lunar.client.event.mixin.holograms	5	0
14	com.moonsworth.lunar.client.event.mixin.holograms.mixin	1	0
14	com.moonsworth.lunar.client.event.mixin.nameplate	3	0
14	com.moonsworth.lunar.client.event.mixin.rewindhandlers	6	0
14	com.moonsworth.lunar.client.feature	7	4
15	com.moonsworth.lunar.client.feature.mixin	1	0
15	com.moonsworth.lunar.client.fishing	5	2
15	com.moonsworth.lunar.client.fishing.gui.mixin	1	0
15	com.moonsworth.lunar.client.fishing.highlight	2	0
15	com.moonsworth.lunar.client.fishing.holograms	1	0
15	com.moonsworth.lunar.client.fishing.mixin	1	0
15	com.moonsworth.lunar.client.fishing.rewindhandlers	1	0
15	com.moonsworth.lunar.client.fog	14	4
16	com.moonsworth.lunar.client.fog.chest	2	1
16	com.moonsworth.lunar.client.fog.click	3	1
16	com.moonsworth.lunar.client.fog.click.mixin	1	0
16	com.moonsworth.lunar.client.fog.colorsaturation	2	0
16	com.moonsworth.lunar.client.fog.fishing	5	0
16	com.moonsworth.lunar.client.fog.gui	5	4
16	com.moonsworth.lunar.client.fog.highlight	2	1
16	com.moonsworth.lunar.client.fog.highlight.mixin	12	10
17	com.moonsworth.lunar.client.fog.holograms	85	59
17	com.moonsworth.lunar.client.fog.holograms.chest	5	1
17	com.moonsworth.lunar.client.fog.holograms.chest.mixin	1	0
17	com.moonsworth.lunar.client.fog.holograms.click	4	1
17	com.moonsworth.lunar.client.fog.holograms.colorsaturation	13	11
17	com.moonsworth.lunar.client.fog.holograms.colorsaturation.mixin	3	1
17	com.moonsworth.lunar.client.fog.holograms.coordinates	8	1
17	com.moonsworth.lunar.client.fog.holograms.fishing	3	2
18	com.moonsworth.lunar.client.fog.holograms.gui	7	6
18	com.moonsworth.lunar.client.fog.holograms.highlight	7	5
18	com.moonsworth.lunar.client.fog.holograms.highlight.mixin	3	1
18	com.moonsworth.lunar.client.fog.holograms.holograms	2	1
18	com.moonsworth.lunar.client.fog.holograms.mixin	8	6
18	com.moonsworth.lunar.client.fog.holograms.nameplate	17	12
18	com.moonsworth.lunar.client.fog.holograms.nameplate.mixin	1	0
18	com.moonsworth.lunar.client.fog.holograms.rewindhandlers	5	0
19	com.moonsworth.lunar.client.fog.mixin	1	0
19	com.moonsworth.lunar.client.fog.nameplate	2	0
19	com.moonsworth.lunar.client.fog.rewindhandlers	2	1
19	com.moonsworth.lunar.client.fov	62	23
19	com.moonsworth.lunar.client.fov.mixin	12	8
19	com.moonsworth.lunar.client.fov.mixin.nameplate	1	1
19	com.moonsworth.lunar.client.fov.mixin.rewindhandlers	3	2
19	com.moonsworth.lunar.client.fov.mixin.rewindhandlers.mixin	10	9
20	com.moonsworth.lunar.client.fov.nameplate	7	6
20	com.moonsworth.lunar.client.fps	46	28
20	com.moonsworth.lunar.client.fps.mixin	1	0
20	com.moonsworth.lunar.client.framework	112	25
20	com.moonsworth.lunar.client.framework.build	1	0
20	com.moonsworth.lunar.client.framework.combat	1	0
20	com.moonsworth.lunar.client.framework.crash	6	0
20	com.moonsworth.lunar.client.framework.feature	8	1
21	com.moonsworth.lunar.client.framework.feature.animations.customhelditems	4	0
21	com.moonsworth.lunar.client.framework.feature.armorstatus	5	0
21	com.moonsworth.lunar.client.framework.feature.armorstatus.armorstatusbarschild	2	1
21	com.moonsworth.lunar.client.framework.feature.armorstatus.hud	7	0
21	com.moonsworth.lunar.client.framework.feature.armorstatus.mixin	5	3
21	com.moonsworth.lunar.client.framework.feature.armorstatus.nameplate	5	4
21	com.moonsworth.lunar.client.framework.feature.armorstatus.nameplate.mixin	2	1
21	com.moonsworth.lunar.client.framework.feature.attackindicator	15	0
22	com.moonsworth.lunar.client.framework.feature.attackindicator.mixin	14	2
22	com.moonsworth.lunar.client.framework.feature.autotextactions	2	0
22	com.moonsworth.lunar.client.framework.feature.blockoutline	5	1
22	com.moonsworth.lunar.client.framework.feature.chat	12	4
22	com.moonsworth.lunar.client.framework.feature.colorsaturation	2	0
22	com.moonsworth.lunar.client.framework.feature.cooldowns	6	0
22	com.moonsworth.lunar.client.framework.feature.cooldowns.mixin	2	1
22	com.moonsworth.lunar.client.framework.feature.coordinates	4	1
23	com.moonsworth.lunar.client.framework.feature.crosshair	10	2
23	com.moonsworth.lunar.client.framework.feature.crosshair.crosshairelytra	6	2
23	com.moonsworth.lunar.client.framework.feature.crosshair.mixin	5	3
23	com.moonsworth.lunar.client.framework.feature.debug	3	0
23	com.moonsworth.lunar.client.framework.feature.debug.fpsdebugmod	18	3
23	com.moonsworth.lunar.client.framework.feature.debug.fpsdebugmod.mixin	10	3
23	com.moonsworth.lunar.client.framework.feature.debug.fpsdebugmod.profilerdebugmod	20	5
23	com.moonsworth.lunar.client.framework.feature.debug.fpsdebugmod.profilerdebugmod.mixin	2	0
24	com.moonsworth.lunar.client.framework.feature.debug.optimizationdebugmod	4	1
24	com.moonsworth.lunar.client.framework.feature.debug.shaderdebugmod	11	6
24	com.moonsworth.lunar.client.framework.feature.directionhud	6	2
24	com.moonsworth.lunar.client.framework.feature.f3display	22	0
24	com.moonsworth.lunar.client.framework.feature.f3display.chart	6	0
24	com.moonsworth.lunar.client.framework.feature.f3display.mixin	6	0
24	com.moonsworth.lunar.client.framework.feature.freelook	2	0
24	com.moonsworth.lunar.client.framework.feature.gui	5	4
25	com.moonsworth.lunar.client.framework.feature.heightlimit	6	3
25	com.moonsworth.lunar.client.framework.feature.hypixelbedwars	1	0
25	com.moonsworth.lunar.client.framework.feature.hypixelbedwars.bedwars	2	0
25	com.moonsworth.lunar.client.framework.feature.hypixelbedwars.mixin	4	1
25	com.moonsworth.lunar.client.framework.feature.inventorymod	2	0
25	com.moonsworth.lunar.client.framework.feature.inventorymod.mixin	2	1
25	com.moonsworth.lunar.client.framework.feature.inventorymod.slot.inventorysearch	3	1
25	com.moonsworth.lunar.client.framework.feature.itemcounter	10	4
26	com.moonsworth.lunar.client.framework.feature.itemcounter.mixin	2	0
26	com.moonsworth.lunar.client.framework.feature.itemphysics.mixin	1	0
26	com.moonsworth.lunar.client.framework.feature.itemtracker	2	0
26	com.moonsworth.lunar.client.framework.feature.keystrokes	62	23
26	com.moonsworth.lunar.client.framework.feature.keystrokes.mixin	2	1
26	com.moonsworth.lunar.client.framework.feature.killsounds	10	0
26	com.moonsworth.lunar.client.framework.feature.killsounds.mixin	6	3
26	com.moonsworth.lunar.client.framework.feature.knockbacktrainer	2	0
27	com.moonsworth.lunar.client.framework.feature.knockbacktrainer.mixin	1	0
27	com.moonsworth.lunar.client.framework.feature.lightoverlay	8	4
27	com.moonsworth.lunar.client.framework.feature.markers	67	19
27	com.moonsworth.lunar.client.framework.feature.markers.mixin	4	2
27	com.moonsworth.lunar.client.framework.feature.menublur	2	0
27	com.moonsworth.lunar.client.framework.feature.minimap	25	7
27	com.moonsworth.lunar.client.framework.feature.minimap.mixin	8	3
27	com.moonsworth.lunar.client.framework.feature.mobsize.mixin	2	0
28	com.moonsworth.lunar.client.framework.feature.mod	47	21
28	com.moonsworth.lunar.client.framework.feature.mod.debug	1	0
28	com.moonsworth.lunar.client.framework.feature.mod.debug.override	1	0
28	com.moonsworth.lunar.client.framework.feature.mod.debug.testcustomguioverlay	2	1
28	com.moonsworth.lunar.client.framework.feature.mod.fishing	71	12
28	com.moonsworth.lunar.client.framework.feature.mod.fishing.chest	4	0
28	com.moonsworth.lunar.client.framework.feature.mod.fishing.click	36	25
28	com.moonsworth.lunar.client.framework.feature.mod.fishing.colorsaturation	4	0
29	com.moonsworth.lunar.client.framework.feature.mod.fishing.coordinates	4	0
29	com.moonsworth.lunar.client.framework.feature.mod.fishing.coordinates.mixin	5	1
29	com.moonsworth.lunar.client.framework.feature.mod.fishing.gui	50	23
29	com.moonsworth.lunar.client.framework.feature.mod.fishing.gui.mixin	13	6
29	com.moonsworth.lunar.client.framework.feature.mod.fishing.highlight	11	4
29	com.moonsworth.lunar.client.framework.feature.mod.fishing.highlight.mixin	4	1
29	com.moonsworth.lunar.client.framework.feature.mod.fishing.holograms	162	40
29	com.moonsworth.lunar.client.framework.feature.mod.fishing.holograms.holograms	20	8
30	com.moonsworth.lunar.client.framework.feature.mod.fishing.holograms.mixin	6	1
30	com.moonsworth.lunar.client.framework.feature.mod.fishing.holograms.nameplate	15	4
30	com.moonsworth.lunar.client.framework.feature.mod.fishing.holograms.rewindhandlers	4	0
30	com.moonsworth.lunar.client.framework.feature.mod.fishing.lotusfish	5	2
30	com.moonsworth.lunar.client.framework.feature.mod.fishing.lotusfish.mixin	1	0
30	com.moonsworth.lunar.client.framework.feature.mod.fishing.mixin	18	7
30	com.moonsworth.lunar.client.framework.feature.mod.fishing.nameplate	2	0
30	com.moonsworth.lunar.client.framework.feature.mod.fishing.rewindhandlers	7	1
31	com.moonsworth.lunar.client.framework.feature.mod.gui	22	5
31	com.moonsworth.lunar.client.framework.feature.mod.gui.mixin	8	1
31	com.moonsworth.lunar.client.framework.feature.mod.gui.nameplate	6	3
31	com.moonsworth.lunar.client.framework.feature.mod.highlight	18	7
31	com.moonsworth.lunar.client.framework.feature.mod.holograms	37	15
31	com.moonsworth.lunar.client.framework.feature.mod.holograms.fishing	26	14
31	com.moonsworth.lunar.client.framework.feature.mod.holograms.fishing.mixin	2	0
31	com.moonsworth.lunar.client.framework.feature.mod.holograms.gui	2	1
32	com.moonsworth.lunar.client.framework.feature.mod.holograms.highlight	5	6
32	com.moonsworth.lunar.client.framework.feature.mod.holograms.highlight.mixin	2	0
32	com.moonsworth.lunar.client.framework.feature.mod.holograms.mixin	14	7
32	com.moonsworth.lunar.client.framework.feature.mod.holograms.nameplate	2	1
32	com.moonsworth.lunar.client.framework.feature.mod.holograms.rewindhandlers	4	8
32	com.moonsworth.lunar.client.framework.feature.mod.impl.alert.excavation	4	1
32	com.moonsworth.lunar.client.framework.feature.mod.impl.alert.excavation.mixin	5	2
32	com.moonsworth.lunar.client.framework.feature.mod.impl.alert.mixin	1	0
33	com.moonsworth.lunar.client.framework.feature.mod.impl.beeheemoth.mixin	1	0
33	com.moonsworth.lunar.client.framework.feature.mod.impl.burrow	1	0
33	com.moonsworth.lunar.client.framework.feature.mod.impl.burrow.mixin	5	2
33	com.moonsworth.lunar.client.framework.feature.mod.impl.calculator	3	1
33	com.moonsworth.lunar.client.framework.feature.mod.impl.calculator.mixin	6	1
33	com.moonsworth.lunar.client.framework.feature.mod.impl.chest.dungeon.dungeonwaypoints	13	5
33	com.moonsworth.lunar.client.framework.feature.mod.impl.chest.dungeon.dungeonwaypoints.mixin	15	6
33	com.moonsworth.lunar.client.framework.feature.mod.impl.chest.dungeon.ice	1	0
34	com.moonsworth.lunar.client.framework.feature.mod.impl.chest.dungeon.practice	2	1
34	com.moonsworth.lunar.client.framework.feature.mod.impl.chest.mixin	1	0
34	com.moonsworth.lunar.client.framework.feature.mod.impl.click.storageoverlay	2	1
34	com.moonsworth.lunar.client.framework.feature.mod.impl.click.storageoverlay.mixin	7	5
34	com.moonsworth.lunar.client.framework.feature.mod.impl.fishing.mixin	1	0
34	com.moonsworth.lunar.client.framework.feature.mod.impl.gui	1	1
34	com.moonsworth.lunar.client.framework.feature.mod.impl.guiCore	2	2
34	com.moonsworth.lunar.client.framework.feature.mod.impl.ultrasequencer	2	1
35	com.moonsworth.lunar.client.framework.feature.mod.mixin	43	21
35	com.moonsworth.lunar.client.framework.feature.mod.rewindhandlers	40	24
35	com.moonsworth.lunar.client.framework.feature.mod.rewindhandlers.mixin	2	0
35	com.moonsworth.lunar.client.framework.feature.momentum	2	0
35	com.moonsworth.lunar.client.framework.feature.motionblur	2	0
35	com.moonsworth.lunar.client.framework.feature.nickhider	8	2
35	com.moonsworth.lunar.client.framework.feature.onesevenvisuals	2	0
35	com.moonsworth.lunar.client.framework.feature.onesevenvisuals.legacy	1	0
36	com.moonsworth.lunar.client.framework.feature.onesevenvisuals.modern	1	0
36	com.moonsworth.lunar.client.framework.feature.overlay	6	0
36	com.moonsworth.lunar.client.framework.feature.pkg	12	6
36	com.moonsworth.lunar.client.framework.feature.pkg.mixin	5	7
36	com.moonsworth.lunar.client.framework.feature.potioncounter	2	0
36	com.moonsworth.lunar.client.framework.feature.potioneffects	10	3
36	com.moonsworth.lunar.client.framework.feature.pvpinfo	2	0
36	com.moonsworth.lunar.client.framework.feature.pvpinfo.pvp	2	2
37	com.moonsworth.lunar.client.framework.feature.quickplay	1	0
37	com.moonsworth.lunar.client.framework.feature.quickplay.mixin	10	0
37	com.moonsworth.lunar.client.framework.feature.render	2	0
37	com.moonsworth.lunar.client.framework.feature.rewind	30	12
37	com.moonsworth.lunar.client.framework.feature.rewind.fishing	4	3
37	com.moonsworth.lunar.client.framework.feature.rewind.gui	19	13
37	com.moonsworth.lunar.client.framework.feature.rewind.highlight	11	6
37	com.moonsworth.lunar.client.framework.feature.rewind.highlight.nameplate	7	5
38	com.moonsworth.lunar.client.framework.feature.rewind.holograms	4	3
38	com.moonsworth.lunar.client.framework.feature.rewind.mixin	5	2
38	com.moonsworth.lunar.client.framework.feature.rewind.mixin.nameplate	2	4
38	com.moonsworth.lunar.client.framework.feature.rewind.nameplate	26	3
38	com.moonsworth.lunar.client.framework.feature.rewind.nameplate.mixin	2	0
38	com.moonsworth.lunar.client.framework.feature.rewind.nameplate.mixin.colorsaturation	1	0
38	com.moonsworth.lunar.client.framework.feature.rewind.nameplate.mixin.fishing	4	0
38	com.moonsworth.lunar.client.framework.feature.rewind.nameplate.mixin.gui	7	0
39	com.moonsworth.lunar.client.framework.feature.rewind.nameplate.mixin.highlight	1	0
39	com.moonsworth.lunar.client.framework.feature.rewind.nameplate.mixin.holograms	17	0
39	com.moonsworth.lunar.client.framework.feature.rewind.nameplate.mixin.nameplate	3	0
39	com.moonsworth.lunar.client.framework.feature.rewind.nameplate.mixin.rewindhandlers	2	0
39	com.moonsworth.lunar.client.framework.feature.rewind.rewindhandlers	19	10
39	com.moonsworth.lunar.client.framework.feature.rewind.rewindhandlers.chest	2	1
39	com.moonsworth.lunar.client.framework.feature.rewind.rewindhandlers.click	2	1
39	com.moonsworth.lunar.client.framework.feature.rewind.rewindhandlers.colorsaturation	2	1
40	com.moonsworth.lunar.client.framework.feature.rewind.rewindhandlers.coordinates	5	6
40	com.moonsworth.lunar.client.framework.feature.rewind.rewindhandlers.fishing	3	1
40	com.moonsworth.lunar.client.framework.feature.rewind.rewindhandlers.highlight	4	2
40	com.moonsworth.lunar.client.framework.feature.rewind.rewindhandlers.holograms	4	1
40	com.moonsworth.lunar.client.framework.feature.rewind.rewindhandlers.mixin	4	2
40	com.moonsworth.lunar.client.framework.feature.rewind.rewindhandlers.nameplate	8	5
40	com.moonsworth.lunar.client.framework.feature.rewind.rewindhandlers.rewindhandlersCore	11	0
40	com.moonsworth.lunar.client.framework.feature.rewind.rewindhandlers.rewindhandlersCore.mixin	2	1
41	com.moonsworth.lunar.client.framework.feature.rewind.rewindhandlersNameplate	9	6
41	com.moonsworth.lunar.client.framework.feature.rewind.rewindhandlersNameplate.mixin	3	1
41	com.moonsworth.lunar.client.framework.feature.rewind.rewindhandlersNameplateCore	20	11
41	com.moonsworth.lunar.client.framework.feature.rewind.rewindhandlersNameplateCore.mixin	15	12
41	com.moonsworth.lunar.client.framework.feature.saturation	4	4
41	com.moonsworth.lunar.client.framework.feature.screenshot	10	2
41	com.moonsworth.lunar.client.framework.feature.scrollabletooltips	4	1
41	com.moonsworth.lunar.client.framework.feature.scrollabletooltips.mixin	6	2
42	com.moonsworth.lunar.client.framework.feature.snaplook	2	0
42	com.moonsworth.lunar.client.framework.feature.soundchanger	3	1
42	com.moonsworth.lunar.client.framework.feature.teamview	1	0
42	com.moonsworth.lunar.client.framework.feature.tiertagger	30	6
42	com.moonsworth.lunar.client.framework.feature.tiertagger.mixin	8	3
42	com.moonsworth.lunar.client.framework.feature.tiertagger.nameplate	3	0
42	com.moonsworth.lunar.client.framework.feature.tiertagger.rewindhandlers	3	0
42	com.moonsworth.lunar.client.framework.feature.titles	3	1
43	com.moonsworth.lunar.client.framework.feature.toggle	2	0
43	com.moonsworth.lunar.client.framework.feature.tps	7	1
43	com.moonsworth.lunar.client.framework.feature.waila	18	7
43	com.moonsworth.lunar.client.framework.feature.waila.mixin	4	1
43	com.moonsworth.lunar.client.framework.feature.waypoints	11	3
43	com.moonsworth.lunar.client.framework.feature.waypoints.mixin	7	1
43	com.moonsworth.lunar.client.framework.feature.waypoints.mixin.holograms	1	0
43	com.moonsworth.lunar.client.framework.feature.waypoints.mixin.nameplate	1	0
44	com.moonsworth.lunar.client.framework.feature.waypoints.mixin.rewindhandlers	1	0
44	com.moonsworth.lunar.client.framework.feature.worldeditcui	24	2
44	com.moonsworth.lunar.client.framework.feature.worldeditcui.mixin	3	0
44	com.moonsworth.lunar.client.framework.holograms	1	0
44	com.moonsworth.lunar.client.framework.hud	7	0
44	com.moonsworth.lunar.client.framework.listener	18	0
44	com.moonsworth.lunar.client.framework.listener.mixin	8	0
44	com.moonsworth.lunar.client.framework.listener.nameplate	3	0
45	com.moonsworth.lunar.client.framework.listener.rewindhandlers	5	0
45	com.moonsworth.lunar.client.framework.loading	2	0
45	com.moonsworth.lunar.client.framework.mixin	2	0
45	com.moonsworth.lunar.client.framework.nameplate	47	11
45	com.moonsworth.lunar.client.framework.nameplate.mixin	2	0
45	com.moonsworth.lunar.client.framework.transform	6	0
45	com.moonsworth.lunar.client.freelook	1	0
45	com.moonsworth.lunar.client.glintcolorizer	71	19
46	com.moonsworth.lunar.client.glintcolorizer.highlight	7	2
46	com.moonsworth.lunar.client.glintcolorizer.holograms	3	0
46	com.moonsworth.lunar.client.glintcolorizer.mixin	4	0
46	com.moonsworth.lunar.client.glintcolorizer.nameplate	11	2
46	com.moonsworth.lunar.client.glintcolorizer.nameplate.mixin	6	1
46	com.moonsworth.lunar.client.glintcolorizer.rewindhandlers	6	0
46	com.moonsworth.lunar.client.gui	4	0
46	com.moonsworth.lunar.client.gui.blog	2	0
47	com.moonsworth.lunar.client.gui.external	4	0
47	com.moonsworth.lunar.client.gui.external.gui	1	0
47	com.moonsworth.lunar.client.gui.external.highlight	1	0
47	com.moonsworth.lunar.client.gui.external.holograms	1	0
47	com.moonsworth.lunar.client.gui.external.mixin	1	0
47	com.moonsworth.lunar.client.gui.external.rewindhandlers	1	0
47	com.moonsworth.lunar.client.gui.notification	7	0
47	com.moonsworth.lunar.client.gui.prompt	7	0
48	com.moonsworth.lunar.client.guiRewindhandlers	19	18
48	com.moonsworth.lunar.client.guiRewindhandlers.holograms	2	1
48	com.moonsworth.lunar.client.guiRewindhandlers.mixin	8	5
48	com.moonsworth.lunar.client.guiRewindhandlers.nameplate	3	3
48	com.moonsworth.lunar.client.guiRewindhandlers.rewindhandlers	5	4
48	com.moonsworth.lunar.client.heightlimit	2	1
48	com.moonsworth.lunar.client.highlight	30	33
48	com.moonsworth.lunar.client.highlight.fishing	49	35
49	com.moonsworth.lunar.client.highlight.mixin	10	10
49	com.moonsworth.lunar.client.highlight.mixin.fishing	27	35
49	com.moonsworth.lunar.client.highlight.mixin.fishing.mixin	6	5
49	com.moonsworth.lunar.client.highlight.mixin.gui	26	26
49	com.moonsworth.lunar.client.highlight.mixin.highlight	32	39
49	com.moonsworth.lunar.client.highlight.mixin.holograms	5	4
49	com.moonsworth.lunar.client.highlight.mixin.holograms.mixin	1	0
49	com.moonsworth.lunar.client.highlight.mixin.nameplate	5	5
50	com.moonsworth.lunar.client.highlight.mixin.rewindhandlers	6	5
50	com.moonsworth.lunar.client.hitbox	7	1
50	com.moonsworth.lunar.client.hitcolor	1	0
50	com.moonsworth.lunar.client.holograms	11	7
50	com.moonsworth.lunar.client.horsestats	10	7
50	com.moonsworth.lunar.client.horsestats.mixin	5	4
50	com.moonsworth.lunar.client.inactive	23	12
50	com.moonsworth.lunar.client.inactive.gui	3	2
51	com.moonsworth.lunar.client.inactive.mixin	5	2
51	com.moonsworth.lunar.client.inactive.mixin.colorsaturation	3	2
51	com.moonsworth.lunar.client.inactive.mixin.colorsaturation.mixin	2	1
51	com.moonsworth.lunar.client.inactive.mixin.fishing	13	10
51	com.moonsworth.lunar.client.inactive.mixin.gui	6	2
51	com.moonsworth.lunar.client.inactive.mixin.gui.mixin	6	4
51	com.moonsworth.lunar.client.inactive.mixin.highlight	4	3
51	com.moonsworth.lunar.client.inactive.mixin.highlight.mixin	7	6
52	com.moonsworth.lunar.client.inactive.mixin.holograms	3	1
52	com.moonsworth.lunar.client.inactive.mixin.holograms.mixin	3	2
52	com.moonsworth.lunar.client.inactive.mixin.nameplate	3	2
52	com.moonsworth.lunar.client.inactive.mixin.rewindhandlers.mixin	3	1
52	com.moonsworth.lunar.client.inactive.rewindhandlers	24	19
52	com.moonsworth.lunar.client.inventorymod	5	2
52	com.moonsworth.lunar.client.itemcounter	1	3
52	com.moonsworth.lunar.client.itemphysics.mixin	3	2
53	com.moonsworth.lunar.client.itemtracker	1	0
53	com.moonsworth.lunar.client.keystrokes	5	2
53	com.moonsworth.lunar.client.killsounds	36	15
53	com.moonsworth.lunar.client.killsounds.mixin	7	5
53	com.moonsworth.lunar.client.knockbacktrainer	1	0
53	com.moonsworth.lunar.client.lighting	81	10
53	com.moonsworth.lunar.client.lighting.mixin	1	1
53	com.moonsworth.lunar.client.lighting.nameplate	15	5
54	com.moonsworth.lunar.client.lighting.nameplate.mixin	8	5
54	com.moonsworth.lunar.client.lighting.rewindhandlers	1	0
54	com.moonsworth.lunar.client.lightoverlay	18	9
54	com.moonsworth.lunar.client.lotusfish	11	0
54	com.moonsworth.lunar.client.markers	25	17
54	com.moonsworth.lunar.client.markers.gui	6	4
54	com.moonsworth.lunar.client.markers.holograms	7	3
54	com.moonsworth.lunar.client.markers.mixin	9	5
55	com.moonsworth.lunar.client.markers.mixin.fishing	1	1
55	com.moonsworth.lunar.client.markers.mixin.gui	7	5
55	com.moonsworth.lunar.client.markers.mixin.gui.mixin	33	32
55	com.moonsworth.lunar.client.markers.mixin.gui.mixin.nameplate	5	15
55	com.moonsworth.lunar.client.markers.mixin.gui.mixin.rewindhandlers	7	8
55	com.moonsworth.lunar.client.markers.mixin.highlight	2	0
55	com.moonsworth.lunar.client.markers.mixin.holograms	6	4
55	com.moonsworth.lunar.client.markers.mixin.holograms.mixin	5	2
56	com.moonsworth.lunar.client.markers.mixin.nameplate	2	0
56	com.moonsworth.lunar.client.markers.mixin.rewindhandlers	1	0
56	com.moonsworth.lunar.client.markers.nameplate	2	1
56	com.moonsworth.lunar.client.markers.nameplate.mixin	8	7
56	com.moonsworth.lunar.client.markers.rewindhandlers	2	1
56	com.moonsworth.lunar.client.memory	2	0
56	com.moonsworth.lunar.client.mixin	39	11
56	com.moonsworth.lunar.client.mobsize.mixin	2	0
57	com.moonsworth.lunar.client.mod.combat	23	0
57	com.moonsworth.lunar.client.mod.hud	105	2
57	com.moonsworth.lunar.client.mod.misc	172	7
57	com.moonsworth.lunar.client.mod.movement	6	0
57	com.moonsworth.lunar.client.mod.player	23	0
57	com.moonsworth.lunar.client.mod.render	107	7
57	com.moonsworth.lunar.client.mumble	3	0
57	com.moonsworth.lunar.client.nameplate	5	4
58	com.moonsworth.lunar.client.network.apollo	1	0
58	com.moonsworth.lunar.client.network.friend	1	0
58	com.moonsworth.lunar.client.network.hostedworld	7	0
58	com.moonsworth.lunar.client.network.ipc	2	0
58	com.moonsworth.lunar.client.network.mumble	3	0
58	com.moonsworth.lunar.client.network.safety	1	0
58	com.moonsworth.lunar.client.network.server	11	0
58	com.moonsworth.lunar.client.network.transfer	4	0
59	com.moonsworth.lunar.client.network.websocket	5	0
59	com.moonsworth.lunar.client.pkg	6	6
59	com.moonsworth.lunar.client.profile	5	0
59	com.moonsworth.lunar.client.profile.importer	10	0
59	com.moonsworth.lunar.client.render	19	0
59	com.moonsworth.lunar.client.render.color	6	0
59	com.moonsworth.lunar.client.render.font	3	0
59	com.moonsworth.lunar.client.render.particle	71	0
60	com.moonsworth.lunar.client.render.particle.highlight	7	0
60	com.moonsworth.lunar.client.render.particle.holograms	3	0
60	com.moonsworth.lunar.client.render.particle.mixin	4	0
60	com.moonsworth.lunar.client.render.particle.nameplate	11	0
60	com.moonsworth.lunar.client.render.particle.nameplate.mixin	5	0
60	com.moonsworth.lunar.client.render.particle.rewindhandlers	6	0
60	com.moonsworth.lunar.client.render.shader	5	0
60	com.moonsworth.lunar.client.render.texture	6	0
61	com.moonsworth.lunar.client.replay	26	0
61	com.moonsworth.lunar.client.replay.fishing	4	0
61	com.moonsworth.lunar.client.replay.gui	18	0
61	com.moonsworth.lunar.client.replay.highlight	11	0
61	com.moonsworth.lunar.client.replay.highlight.nameplate	7	0
61	com.moonsworth.lunar.client.replay.holograms	4	0
61	com.moonsworth.lunar.client.replay.mixin	4	0
61	com.moonsworth.lunar.client.replay.mixin.nameplate	2	0
62	com.moonsworth.lunar.client.replay.nameplate	26	0
62	com.moonsworth.lunar.client.replay.nameplate.mixin	2	0
62	com.moonsworth.lunar.client.replay.nameplate.mixin.colorsaturation	1	0
62	com.moonsworth.lunar.client.replay.nameplate.mixin.fishing	4	0
62	com.moonsworth.lunar.client.replay.nameplate.mixin.gui	6	0
62	com.moonsworth.lunar.client.replay.nameplate.mixin.highlight	1	0
62	com.moonsworth.lunar.client.replay.nameplate.mixin.holograms	17	0
62	com.moonsworth.lunar.client.replay.nameplate.mixin.nameplate	3	0
63	com.moonsworth.lunar.client.replay.nameplate.mixin.rewindhandlers	2	0
63	com.moonsworth.lunar.client.replay.rewindhandlers	18	0
63	com.moonsworth.lunar.client.replay.rewindhandlers.chest	2	0
63	com.moonsworth.lunar.client.replay.rewindhandlers.click	2	0
63	com.moonsworth.lunar.client.replay.rewindhandlers.colorsaturation	2	0
63	com.moonsworth.lunar.client.replay.rewindhandlers.coordinates	5	0
63	com.moonsworth.lunar.client.replay.rewindhandlers.fishing	3	0
63	com.moonsworth.lunar.client.replay.rewindhandlers.highlight	4	0
64	com.moonsworth.lunar.client.replay.rewindhandlers.holograms	4	0
64	com.moonsworth.lunar.client.replay.rewindhandlers.mixin	4	0
64	com.moonsworth.lunar.client.replay.rewindhandlers.nameplate	8	0
64	com.moonsworth.lunar.client.replay.rewindhandlers.rewindhandlersCore	11	0
64	com.moonsworth.lunar.client.replay.rewindhandlers.rewindhandlersCore.mixin	2	0
64	com.moonsworth.lunar.client.replay.rewindhandlersNameplate	9	0
64	com.moonsworth.lunar.client.replay.rewindhandlersNameplate.mixin	3	0
64	com.moonsworth.lunar.client.replay.rewindhandlersNameplateCore	15	0
65	com.moonsworth.lunar.client.replay.rewindhandlersNameplateCore.mixin	15	0
65	com.moonsworth.lunar.client.rewindhandlers	3	2
65	com.moonsworth.lunar.client.tps	4	0
65	com.moonsworth.lunar.client.translation	8	0
65	com.moonsworth.lunar.client.util	267	153
65	com.moonsworth.lunar.client.util.alert	10	8
65	com.moonsworth.lunar.client.util.chest	6	3
65	com.moonsworth.lunar.client.util.chest.mixin	4	2
66	com.moonsworth.lunar.client.util.click	16	14
66	com.moonsworth.lunar.client.util.collection	9	0
66	com.moonsworth.lunar.client.util.colorsaturation	4	1
66	com.moonsworth.lunar.client.util.gui	5	3
66	com.moonsworth.lunar.client.util.highlight	3	0
66	com.moonsworth.lunar.client.util.holograms	1	0
66	com.moonsworth.lunar.client.util.lotusfish	1	0
66	com.moonsworth.lunar.client.util.lotusfish.mixin	4	2
67	com.moonsworth.lunar.client.util.memory	2	0
67	com.moonsworth.lunar.client.util.mixin	3	3
67	com.moonsworth.lunar.client.util.nameplate	1	2
67	com.moonsworth.lunar.client.util.performance	2	0
67	com.moonsworth.lunar.client.util.raytrace	9	0
67	com.moonsworth.lunar.client.util.rewindhandlers	7	4
67	com.moonsworth.lunar.client.waypoints	2	1
67	com.moonsworth.lunar.config	4	2
68	com.moonsworth.lunar.files	55	13
68	com.moonsworth.lunar.files.mixin	8	3
68	com.moonsworth.lunar.forge	30	4
68	com.moonsworth.lunar.forge.lib	508	420
68	com.moonsworth.lunar.forge.lib.guava.annotations	4	0
68	com.moonsworth.lunar.forge.lib.guava.base	46	1
68	com.moonsworth.lunar.forge.lib.guava.base.internal	1	0
68	com.moonsworth.lunar.forge.lib.guava.cache	22	1
69	com.moonsworth.lunar.forge.lib.guava.collect	222	1
69	com.moonsworth.lunar.forge.lib.guava.escape	10	0
69	com.moonsworth.lunar.forge.lib.guava.eventbus	11	0
69	com.moonsworth.lunar.forge.lib.guava.graph	50	0
69	com.moonsworth.lunar.forge.lib.guava.hash	32	2
69	com.moonsworth.lunar.forge.lib.guava.html	2	0
69	com.moonsworth.lunar.forge.lib.guava.io	34	0
69	com.moonsworth.lunar.forge.lib.guava.math	13	0
70	com.moonsworth.lunar.forge.lib.guava.net	9	0
70	com.moonsworth.lunar.forge.lib.guava.primitives	25	0
70	com.moonsworth.lunar.forge.lib.guava.reflect	16	0
70	com.moonsworth.lunar.forge.lib.guava.util.concurrent	76	0
70	com.moonsworth.lunar.forge.lib.guava.util.concurrent.internal	2	0
70	com.moonsworth.lunar.forge.lib.guava.xml	2	0
70	com.moonsworth.lunar.forge.lib.mixin	17	15
70	com.moonsworth.lunar.forge.mixin	45	13
71	com.moonsworth.lunar.framework	5	1
71	com.moonsworth.lunar.framework.mixin	4	0
71	com.moonsworth.lunar.genesis	1750	858
71	com.moonsworth.lunar.genesis.mixin	3	1
71	com.moonsworth.lunar.ichor	184	60
71	com.moonsworth.lunar.ichor.api	5	2
71	com.moonsworth.lunar.ichor.mixin	19	10
71	com.moonsworth.lunar.ichor.util	51	16
72	com.moonsworth.lunar.icon	1	0
72	com.moonsworth.lunar.icon.mixin	2	0
72	com.moonsworth.lunar.legacy	38	9
72	com.moonsworth.lunar.legacy.mixin	543	100
72	com.moonsworth.lunar.legacy.optifine.wrapper	11	0
72	com.moonsworth.lunar.legacy.wrapper	180	78
72	com.moonsworth.lunar.legacy.wrapper.mixin	4	0
72	com.moonsworth.lunar.legacy.wrapper.util	18	3
73	com.moonsworth.lunar.loader	10	0
73	com.moonsworth.lunar.loader.mixin	6	0
73	com.moonsworth.lunar.mixin	7	0
73	com.moonsworth.lunar.mixin.mixin	20	3
73	com.moonsworth.lunar.network	89	33
73	com.moonsworth.lunar.network.mixin	33	17
73	com.moonsworth.lunar.replaymod.forge	3	0
73	com.moonsworth.lunar.replaymod.forge.ichor	1	0
74	com.moonsworth.lunar.replaymod.forge.v1_12.mixin	7	2
74	com.moonsworth.lunar.replaymod.forge.v1_8.mixin	7	2
74	com.moonsworth.lunar.replaymod.mixin	125	43
74	com.moonsworth.lunar.v1_12.mixin	12	0
74	com.moonsworth.lunar.v1_7.mixin	13	0
74	com.moonsworth.lunar.v1_7.optifine.wrapper	6	0
74	com.moonsworth.lunar.v1_8.mixin	22	0
74	com.moonsworth.lunar.v1_8.optifine.wrapper	8	2
