com.moonsworth.lunar.client.cosmetics.inactive.mixin.colorsaturation	Colorsaturation	com.moonsworth.lunar.client.cosmetics.inactive.mixin.colorsaturation	ModelMatrixStack	Push/pop stack of Matrix4f+Matrix3f with translate/scale/rotate helpers for IBoneSerializer and CubeMesh; the model-baking transform stack used by Rewindhandlers2_2/Fov11	com/moonsworth/lunar/client/cosmetics/inactive/mixin/colorsaturation/Colorsaturation.java
com.moonsworth.lunar.client.cosmetics.inactive.mixin.colorsaturation.mixin	Colorsaturation	com.moonsworth.lunar.client.cosmetics.inactive.mixin.colorsaturation.mixin	AnimationKeyframeParser	Parses Bedrock/Gecko animation keyframe maps into GeckoLib VectorKeyFrameList (easing/easingArgs, radians for rotation) and Molang Evaluatables; used by AnimationJsonParser	com/moonsworth/lunar/client/cosmetics/inactive/mixin/colorsaturation/mixin/Colorsaturation.java
com.moonsworth.lunar.client.cosmetics.inactive.mixin.fishing	Fishing	com.moonsworth.lunar.client.cosmetics.inactive.mixin.fishing	InactiveTask	Task interface of the inactive-cosmetic animation system (isCancellable/start/stop/duration/tick over Inactive3+Holograms3Handler); implemented by AbstractTask/AbstractTimedTask/MoveToOwnerTask/FishingHandler and held by FishingType.taskClass	com/moonsworth/lunar/client/cosmetics/inactive/mixin/fishing/Fishing.java
com.moonsworth.lunar.client.driver.core.gui	Annotation	com.moonsworth.lunar.client.driver.core.gui	JsonSection	RUNTIME method annotation whose value() is a JSON section key ("settings","categories","friends","accounts"); applied to methods returning JsonProvider/JsonElement/toString for the driver GUI	com/moonsworth/lunar/client/driver/core/gui/Annotation.java
com.moonsworth.lunar.client.driver.holograms	ColorsaturationExtension	com.moonsworth.lunar.client.driver.holograms	CosmeticHighlightShader	ShaderDefinition implementation id "cosmetic_highlight": uniforms HighlightColor/Resolution, samplers CosmeticDepth/SceneDepth, alpha-cutout 0.0F	com/moonsworth/lunar/client/driver/holograms/ColorsaturationExtension.java
com.moonsworth.lunar.client.framework.feature.menublur	ColorsaturationExtension	com.moonsworth.lunar.client.framework.feature.menublur	MenuBlurShader	ShaderDefinition implementation id "menu_blur": BlurDir/Radius/OneTexel/Progress uniforms	com/moonsworth/lunar/client/framework/feature/menublur/ColorsaturationExtension.java
com.moonsworth.lunar.client.framework.feature.minimap	Minimap	com.moonsworth.lunar.client.framework.feature.minimap	MinimapMap	Minimap map object: chunk colour-map cache + region files, GL texture/framebuffer and update queue; exposed by the mod as method29() and passed to every Minimap*Provider	com/moonsworth/lunar/client/framework/feature/minimap/Minimap.java
com.moonsworth.lunar.client.framework.feature.minimap.mixin	Minimap	com.moonsworth.lunar.client.framework.feature.minimap.mixin	BoneTransform	Record whose bootstrap component names are rotation;scale;rootOnly (Vector3f/float/boolean); orphan class (no source or jar references) so named from its shape	com/moonsworth/lunar/client/framework/feature/minimap/mixin/Minimap.java
com.moonsworth.lunar.client.framework.feature.mod	MixinHelper	com.moonsworth.lunar.client.framework.feature.mod	GuiRenderer	GUI render framework singleton (MixinHelper.field1): start/end frame, render-state stack, WidgetStateCache/ScissorStack/scaled text/item/slot/box/panel renderers, MouseInput/KeyboardInput/ScrollAnimator	com/moonsworth/lunar/client/framework/feature/mod/MixinHelper.java
com.moonsworth.lunar.client.framework.feature.mod.fishing	Fishing	com.moonsworth.lunar.client.framework.feature.mod.fishing	GlaciteTunnelGraph	glacite-tunnels.json: UndirectedGraph<Fishing2> plus precomputed Map<UnorderedPair,Float> edge weights and getWeight(a,b); loaded by Module.method10() for Glacite Tunnels pathing	com/moonsworth/lunar/client/framework/feature/mod/fishing/Fishing.java
com.moonsworth.lunar.client.framework.feature.mod.fishing.chest	Chest	com.moonsworth.lunar.client.framework.feature.mod.fishing.chest	NpcLocations	important-npc-locations.json: island name -> List<Vector3d> NPC positions; consumed by SkyblockHidePlayersNearNpc	com/moonsworth/lunar/client/framework/feature/mod/fishing/chest/Chest.java
com.moonsworth.lunar.client.framework.feature.mod.fishing.click	Click	com.moonsworth.lunar.client.framework.feature.mod.fishing.click	WorldRenderUtils	Static world-render toolbox (~60 methods): coloured boxes/outlines/beams/lines/billboards/labels; used by Calculator, Burrow, RouteRenderer, pathfinding debug and rewind handlers	com/moonsworth/lunar/client/framework/feature/mod/fishing/click/Click.java
com.moonsworth.lunar.client.framework.feature.mod.fishing.click	JsonDeserializerImpl	com.moonsworth.lunar.client.framework.feature.mod.fishing.click	Vec3iDeserializer	Gson adapter for Vec3iBridge from "x,y,z" strings; registered in Module for Vec3iBridge.class	com/moonsworth/lunar/client/framework/feature/mod/fishing/click/JsonDeserializerImpl.java
com.moonsworth.lunar.client.framework.feature.mod.fishing.colorsaturation	Colorsaturation	com.moonsworth.lunar.client.framework.feature.mod.fishing.colorsaturation	MinionXpData	minions.json data: categories (minion name -> category key) and xp (item id -> xp per item); used by SkyblockEnhancedMinionMenu to compute minion XP/levels	com/moonsworth/lunar/client/framework/feature/mod/fishing/colorsaturation/Colorsaturation.java
com.moonsworth.lunar.client.framework.feature.mod.fishing.coordinates	Coordinates	com.moonsworth.lunar.client.framework.feature.mod.fishing.coordinates	SkillLevelCalculator	Static XP->level math for skills/runecrafting/social/pet100/pet200/catacombs from the max-levels.json arrays; used by SkillXpListener and SkyblockPartyFinder	com/moonsworth/lunar/client/framework/feature/mod/fishing/coordinates/Coordinates.java
com.moonsworth.lunar.client.framework.feature.mod.fishing.coordinates.mixin	Coordinates	com.moonsworth.lunar.client.framework.feature.mod.fishing.coordinates.mixin	MaxLevels	max-levels.json holder: Object2IntOpenHashMap<CoordinatesType> + Object2IntOpenHashMap<String>; returned by Module.method24() and queried by SkillLevelCalculator	com/moonsworth/lunar/client/framework/feature/mod/fishing/coordinates/mixin/Coordinates.java
com.moonsworth.lunar.client.framework.feature.mod.fishing.mixin	Fishing	com.moonsworth.lunar.client.framework.feature.mod.fishing.mixin	MetalDetectorTreasureMap	Map<MetalDetectorTreasureType,Set<Vector3ic>> of relative treasure offsets; built by MetalDetectorLocationsDeserializer, consumed by SkyblockMetalDetector	com/moonsworth/lunar/client/framework/feature/mod/fishing/mixin/Fishing.java
com.moonsworth.lunar.client.framework.feature.mod.fishing.nameplate	JsonDeserializerImpl	com.moonsworth.lunar.client.framework.feature.mod.fishing.nameplate	VisitorTrackerDeserializer	Gson adapter for SkyblockVisitorTrackerHud.Data from the visitor JSON (total/accepted/denied/gardenXP/farmingXP/copper/bits/rarities); registered by the HUD class	com/moonsworth/lunar/client/framework/feature/mod/fishing/nameplate/JsonDeserializerImpl.java
com.moonsworth.lunar.client.framework.feature.mod.gui	Bridge7Iterator	com.moonsworth.lunar.client.framework.feature.mod.gui	InventoryButtonsEditor	Skyblock inventory-buttons editor screen: edits HighlightButton size/scale/shape/colors/command/hover/item with live preview; language path .skyblockInventoryButtonsEditor	com/moonsworth/lunar/client/framework/feature/mod/gui/Bridge7Iterator.java
com.moonsworth.lunar.client.framework.feature.mod.gui.mixin	Bridge7Iterator	com.moonsworth.lunar.client.framework.feature.mod.gui.mixin	DungeonWaypointShareScreen	Dungeon waypoint share screen: room/boss-floor selection, export/import string and zip, language path .dungeonWaypointShare	com/moonsworth/lunar/client/framework/feature/mod/gui/mixin/Bridge7Iterator.java
com.moonsworth.lunar.client.framework.feature.mod.holograms.fishing.mixin	Fishing	com.moonsworth.lunar.client.framework.feature.mod.holograms.fishing.mixin	GiftRecord	Winter-gift record cached per armor stand by GiftTracker: gift stand, From:/To: stands+names, fromSelf/toSelf flags; method1() = !fromSelf && !toSelf	com/moonsworth/lunar/client/framework/feature/mod/holograms/fishing/mixin/Fishing.java
com.moonsworth.lunar.client.framework.feature.mod.impl.chest.dungeon.dungeonwaypoints	JsonDeserializerImpl	com.moonsworth.lunar.client.framework.feature.mod.impl.chest.dungeon.dungeonwaypoints	LegacyDungeonWaypointDeserializer	Gson adapter for the legacy Dungeonwaypoints format ("pos" string + color/showThroughWalls); registered for Dungeonwaypoints.class in Module	com/moonsworth/lunar/client/framework/feature/mod/impl/chest/dungeon/dungeonwaypoints/JsonDeserializerImpl.java
com.moonsworth.lunar.client.framework.feature.motionblur	ColorsaturationExtension	com.moonsworth.lunar.client.framework.feature.motionblur	MotionBlurShader	ShaderDefinition implementation id "motion_blur": PrevSampler sampler + Phosphor vec3 uniform	com/moonsworth/lunar/client/framework/feature/motionblur/ColorsaturationExtension.java
com.moonsworth.lunar.client.framework.feature.quickplay.mixin	Bridge7Iterator	com.moonsworth.lunar.client.framework.feature.quickplay.mixin	QuickplayOverlay	Quickplay options overlay: favorite toggle + keybind binding + done; method133 returns "Quickplay Overlay"	com/moonsworth/lunar/client/framework/feature/quickplay/mixin/Bridge7Iterator.java
com.moonsworth.lunar.client.framework.feature.waila	Waila	com.moonsworth.lunar.client.framework.feature.waila	WailaComponent	Element interface (getWidth/getHeight/render) implemented by every *WailaComponent, VerticalWailaGroup, WailaHandler and WailaIterator	com/moonsworth/lunar/client/framework/feature/waila/Waila.java
com.moonsworth.lunar.client.framework.feature.waila.mixin	Waila	com.moonsworth.lunar.client.framework.feature.waila.mixin	WailaRow	Horizontal WAILA row: list of elements plus scale, lays them out left to right; toString "WAILARow(elements=..., scale=...)"	com/moonsworth/lunar/client/framework/feature/waila/mixin/Waila.java
com.moonsworth.lunar.client.framework.listener	Annotation	com.moonsworth.lunar.client.framework.listener	RequiresDynamicListener	Method annotation carrying DynamicListenerIsEnabled.Type; applied to option getters (LightingExtension4, GuiRewindhandlers2Extension2) whose value is only meaningful while that dynamic listener is enabled	com/moonsworth/lunar/client/framework/listener/Annotation.java
com.moonsworth.lunar.client.mod.hud	Coordinates	com.moonsworth.lunar.client.mod.hud	CoordinatesHud	The coordinates HUD mod (getId "COORDINATES"): X/Y/Z/C/biome/direction child mods, background/border/copy-coords settings	com/moonsworth/lunar/client/mod/hud/Coordinates.java
com.moonsworth.lunar.client.mod.hud	Waila	com.moonsworth.lunar.client.mod.hud	WailaHud	The WAILA (What Am I Looking At) HUD mod: block coords/correct tool/break time/light level/entities/cosmetics settings and render context	com/moonsworth/lunar/client/mod/hud/Waila.java
com.moonsworth.lunar.client.mod.misc	Rewind	com.moonsworth.lunar.client.mod.misc	RewindMod	The Rewind recording/replay mod (getId "REWIND"): record/pause/marker keys, shadow rewind, mic+system audio, validates and opens RewindHandlers	com/moonsworth/lunar/client/mod/misc/Rewind.java
com.moonsworth.lunar.client.mod.render	Minimap	com.moonsworth.lunar.client.mod.render	MinimapMod	The minimap HUD mod (shape/markers/waypoints/entity-marker settings, Ref...method94()), owns the MinimapMap and the render/marker providers	com/moonsworth/lunar/client/mod/render/Minimap.java
com.moonsworth.lunar.client.render.particle	Glintcolorizer2Base	com.moonsworth.lunar.client.render.particle	BedrockComponentAppearanceBillboard	Upstream Blockbuster Bedrock component: size/facing_camera_mode/uv+flipbook, calculateUVs w/h; registered by JsonDeserializerIterator under minecraft:particle_appearance_billboard	com/moonsworth/lunar/client/render/particle/Glintcolorizer2Base.java
com.moonsworth.lunar.client.render.particle	Glintcolorizer2Base2	com.moonsworth.lunar.client.render.particle	BedrockComponentAppearanceTinting	Upstream Blockbuster component: Tint color from "color"; registered under minecraft:particle_appearance_tinting, sorting index -10	com/moonsworth/lunar/client/render/particle/Glintcolorizer2Base2.java
com.moonsworth.lunar.client.render.particle	Glintcolorizer2Base3	com.moonsworth.lunar.client.render.particle	SSFunction	mclib.math.functions.SSFunction: string-in/string-out function base ("cannot receive number arguments", stringValue(), booleanValue = equalsIgnoreCase("true"))	com/moonsworth/lunar/client/render/particle/Glintcolorizer2Base3.java
com.moonsworth.lunar.client.render.particle	Glintcolorizer2Base4	com.moonsworth.lunar.client.render.particle	Cos	mclib.math.functions.trig.Cos: Math.cos(arg0); MathBuilder registers it as function "cos"	com/moonsworth/lunar/client/render/particle/Glintcolorizer2Base4.java
com.moonsworth.lunar.client.render.particle	Glintcolorizer2Base42	com.moonsworth.lunar.client.render.particle	Abs	mclib.math.functions.classic.Abs: Math.abs(arg0); MathBuilder registers it as "abs"	com/moonsworth/lunar/client/render/particle/Glintcolorizer2Base42.java
com.moonsworth.lunar.client.render.particle	Glintcolorizer2Base43	com.moonsworth.lunar.client.render.particle	Exp	mclib.math.functions.classic.Exp: Math.exp(arg0); MathBuilder registers it as "exp"	com/moonsworth/lunar/client/render/particle/Glintcolorizer2Base43.java
com.moonsworth.lunar.client.render.particle	Glintcolorizer2Base44	com.moonsworth.lunar.client.render.particle	Min	mclib.math.functions.limit.Min: Math.min(arg0,arg1); MathBuilder registers it as "min"	com/moonsworth/lunar/client/render/particle/Glintcolorizer2Base44.java
com.moonsworth.lunar.client.render.particle	Glintcolorizer2Impl	com.moonsworth.lunar.client.render.particle	BedrockComponentParticleLifetime	Upstream Blockbuster component: expiration_expression/max_lifetime -> particle.lifetime; registered under minecraft:particle_lifetime_expression, sorting index 1000	com/moonsworth/lunar/client/render/particle/Glintcolorizer2Impl.java
com.moonsworth.lunar.client.render.particle	Glintcolorizer2Impl2	com.moonsworth.lunar.client.render.particle	BedrockComponentKillPlane	Upstream Blockbuster component: exactly the 4-float plane a,b,c,d and plane-crossing particle.dead test; registered under minecraft:particle_kill_plane, sorting index 100	com/moonsworth/lunar/client/render/particle/Glintcolorizer2Impl2.java
com.moonsworth.lunar.client.render.particle.highlight	Glintcolorizer2Base	com.moonsworth.lunar.client.render.particle.highlight	BedrockComponentShapeBase	Upstream Blockbuster shape base: offset/direction(inwards|vector)/surface_only; applied at particle spawn (IComponentParticleInitialize)	com/moonsworth/lunar/client/render/particle/highlight/Glintcolorizer2Base.java
com.moonsworth.lunar.client.render.particle.highlight	Glintcolorizer2Base2	com.moonsworth.lunar.client.render.particle.highlight	BedrockComponentShapeEntityAABB	Upstream Blockbuster shape: random point in the target entity AABB (width/eye-height) with 6-way surface roll	com/moonsworth/lunar/client/render/particle/highlight/Glintcolorizer2Base2.java
com.moonsworth.lunar.client.render.particle.highlight	Glintcolorizer2Base3	com.moonsworth.lunar.client.render.particle.highlight	BedrockComponentShapeSphere	Upstream Blockbuster shape: random unit vector scaled by "radius" (half radius when not surface_only)	com/moonsworth/lunar/client/render/particle/highlight/Glintcolorizer2Base3.java
com.moonsworth.lunar.client.render.particle.highlight	Glintcolorizer2Base4	com.moonsworth.lunar.client.render.particle.highlight	BedrockComponentShapePoint	Upstream Blockbuster shape: position = offset, fixed direction applied only for ShapeDirection.Vector	com/moonsworth/lunar/client/render/particle/highlight/Glintcolorizer2Base4.java
com.moonsworth.lunar.client.render.particle.holograms	Glintcolorizer2Base	com.moonsworth.lunar.client.render.particle.holograms	BedrockComponentRate	Upstream Blockbuster abstract rate base with the single MolangExpression particles field	com/moonsworth/lunar/client/render/particle/holograms/Glintcolorizer2Base.java
com.moonsworth.lunar.client.render.particle.holograms	Glintcolorizer2Base2	com.moonsworth.lunar.client.render.particle.holograms	BedrockComponentRateSteady	Upstream Blockbuster component: spawn_rate/max_particles (default 50), per-emitter-tick emission with fraction carry	com/moonsworth/lunar/client/render/particle/holograms/Glintcolorizer2Base2.java
com.moonsworth.lunar.client.render.particle.holograms	Glintcolorizer2Base3	com.moonsworth.lunar.client.render.particle.holograms	BedrockComponentRateInstant	Upstream Blockbuster component: num_particles burst on the first emitter tick (default 10)	com/moonsworth/lunar/client/render/particle/holograms/Glintcolorizer2Base3.java
com.moonsworth.lunar.client.render.particle.mixin	Glintcolorizer2Base4	com.moonsworth.lunar.client.render.particle.mixin	SinDegrees	mclib.math.molang.functions.SinDegrees: Math.sin(deg/180*PI); MolangParser (Glintcolorizer3Iterator) registers it as "sin"	com/moonsworth/lunar/client/render/particle/mixin/Glintcolorizer2Base4.java
com.moonsworth.lunar.client.render.particle.mixin	Glintcolorizer2Base42	com.moonsworth.lunar.client.render.particle.mixin	CosDegrees	mclib.math.molang.functions.CosDegrees: Math.cos(deg/180*PI); MolangParser registers it as "cos" (distinct from the root Cos)	com/moonsworth/lunar/client/render/particle/mixin/Glintcolorizer2Base42.java
com.moonsworth.lunar.client.render.particle.nameplate	Glintcolorizer2Base4	com.moonsworth.lunar.client.render.particle.nameplate	Lerp	mclib.math.functions.utility.Lerp: Interpolations.lerp(a,b,t); registered as "lerp" in MathBuilder	com/moonsworth/lunar/client/render/particle/nameplate/Glintcolorizer2Base4.java
com.moonsworth.lunar.client.render.particle.nameplate	Glintcolorizer2Base42	com.moonsworth.lunar.client.render.particle.nameplate	HermiteBlend	mclib.math.functions.utility.HermiteBlend: 3x^2-2x^3; registered as "hermite_blend"	com/moonsworth/lunar/client/render/particle/nameplate/Glintcolorizer2Base42.java
com.moonsworth.lunar.client.render.particle.nameplate	Glintcolorizer2Base43	com.moonsworth.lunar.client.render.particle.nameplate	LerpRotate	mclib.math.functions.utility.LerpRotate: Interpolations.lerpYaw(a,b,t); registered as "lerprotate"	com/moonsworth/lunar/client/render/particle/nameplate/Glintcolorizer2Base43.java
com.moonsworth.lunar.client.render.particle.nameplate	Glintcolorizer2Base44	com.moonsworth.lunar.client.render.particle.nameplate	RandomFunction	mclib.math.functions.utility.Random: seeded/range random (3rd arg seeds, 2 args pick min..max); registered as "random"; suffixed to avoid the java.util.Random clash in the declaring file	com/moonsworth/lunar/client/render/particle/nameplate/Glintcolorizer2Base44.java
com.moonsworth.lunar.client.render.particle.nameplate	Glintcolorizer2Impl	com.moonsworth.lunar.client.render.particle.nameplate	BedrockComponentLocalSpace	Upstream Blockbuster component: position/rotation/scale/scale_billboard/direction/acceleration/gravity + linear/angular_velocity flags, sorting index 1000	com/moonsworth/lunar/client/render/particle/nameplate/Glintcolorizer2Impl.java
com.moonsworth.lunar.client.render.particle.nameplate	Glintcolorizer2Impl2	com.moonsworth.lunar.client.render.particle.nameplate	BedrockComponentInitialization	Upstream Blockbuster meta component: creation_expression/per_update_expression on the emitter (IComponentEmitterInitialize+Update)	com/moonsworth/lunar/client/render/particle/nameplate/Glintcolorizer2Impl2.java
com.moonsworth.lunar.client.render.particle.nameplate.mixin	Glintcolorizer2Base	com.moonsworth.lunar.client.render.particle.nameplate.mixin	NameplateBillboardComponent	Nameplate-engine appearance billboard: extends the root billboard component and renders nameplate quads through Bridge2_32; registered for minecraft:particle_appearance_billboard by nameplate/JsonDeserializerIterator	com/moonsworth/lunar/client/render/particle/nameplate/mixin/Glintcolorizer2Base.java
com.moonsworth.lunar.client.render.particle.nameplate.mixin	Glintcolorizer2Base2	com.moonsworth.lunar.client.render.particle.nameplate.mixin	NameplateTintingComponent	Nameplate-engine tinting: extends the root tinting component, renderOnScreen applies the Tint; registered for minecraft:particle_appearance_tinting	com/moonsworth/lunar/client/render/particle/nameplate/mixin/Glintcolorizer2Base2.java
com.moonsworth.lunar.client.render.particle.nameplate.mixin	Glintcolorizer2Impl	com.moonsworth.lunar.client.render.particle.nameplate.mixin	NameplateCollisionTintingComponent	Upstream BedrockComponentCollisionTinting for the nameplate engine: enabled+color, renders collision-tinting particles only; registered for blockbuster:particle_collision_tinting	com/moonsworth/lunar/client/render/particle/nameplate/mixin/Glintcolorizer2Impl.java
com.moonsworth.lunar.client.render.particle.nameplate.mixin	Glintcolorizer2Impl2	com.moonsworth.lunar.client.render.particle.nameplate.mixin	NameplateCollisionAppearanceComponent	Upstream BedrockComponentCollisionAppearance for the nameplate engine: enabled/lit/material/texture + billboard UV/flipbook and the full nameplate quad render; registered for blockbuster:particle_collision_appearance	com/moonsworth/lunar/client/render/particle/nameplate/mixin/Glintcolorizer2Impl2.java
com.moonsworth.lunar.client.render.particle.rewindhandlers	Glintcolorizer2Base	com.moonsworth.lunar.client.render.particle.rewindhandlers	BedrockComponentMotion	Upstream Blockbuster abstract motion base (empty body)	com/moonsworth/lunar/client/render/particle/rewindhandlers/Glintcolorizer2Base.java
com.moonsworth.lunar.client.render.particle.rewindhandlers	Glintcolorizer2Base2	com.moonsworth.lunar.client.render.particle.rewindhandlers	BedrockComponentMotionParametric	Upstream Blockbuster component: relative_position + rotation applied to the particle matrix	com/moonsworth/lunar/client/render/particle/rewindhandlers/Glintcolorizer2Base2.java
com.moonsworth.lunar.client.render.particle.rewindhandlers	Glintcolorizer2Base3	com.moonsworth.lunar.client.render.particle.rewindhandlers	BedrockComponentMotionDynamic	Upstream Blockbuster component: linear_acceleration / linear_drag_coefficient / rotation_acceleration / rotation_drag_coefficient	com/moonsworth/lunar/client/render/particle/rewindhandlers/Glintcolorizer2Base3.java
com.moonsworth.lunar.client.render.particle.rewindhandlers	Glintcolorizer2Impl	com.moonsworth.lunar.client.render.particle.rewindhandlers	BedrockComponentInitialSpin	Upstream Blockbuster component: "rotation" + "rotation_rate" -> particle initialRotation/rotationVelocity (rate/20)	com/moonsworth/lunar/client/render/particle/rewindhandlers/Glintcolorizer2Impl.java
com.moonsworth.lunar.client.render.particle.rewindhandlers	Glintcolorizer2Impl2	com.moonsworth.lunar.client.render.particle.rewindhandlers	BedrockComponentInitialSpeed	Upstream Blockbuster component: JSON array direction[3] or primitive speed (default 1) scaling the particle direction	com/moonsworth/lunar/client/render/particle/rewindhandlers/Glintcolorizer2Impl2.java
com.moonsworth.lunar.client.replay	Rewind	com.moonsworth.lunar.client.replay	ReplayAction	@FunctionalInterface run(Rewind3_3) used as the keybind action in ReplayKeybindHandler option/combination maps and invoked with the active replay session	com/moonsworth/lunar/client/replay/Rewind.java
com.moonsworth.lunar.client.replay.fishing	Fishing	com.moonsworth.lunar.client.replay.fishing	UuidProvider	Single-method interface (T get()) always instantiated as Fishing<UUID>: RewindIterator implements it and Highlight/HighlightTreeMap key entries by the returned UUID	com/moonsworth/lunar/client/replay/fishing/Fishing.java
com.moonsworth.lunar.client.replay.mixin	Rewind	com.moonsworth.lunar.client.replay.mixin	RewindFileCache	Replay file library: Map<UUID,RewindFileReader>, scans .rewind files with MediaPool+ThumbnailManager, opens/caches/closes readers by UUID	com/moonsworth/lunar/client/replay/mixin/Rewind.java
com.moonsworth.lunar.client.replay.rewindhandlers.chest	Chest	com.moonsworth.lunar.client.replay.rewindhandlers.chest	RewindTimelinePanel	GuiIterator panel of the rewindTimeline route (RewindTimelineBridge.method15 -> RewindHandlers.method29): emits selectedLayer/additionalSelectedLayers/links/timeline tracks+layers+keyframes	com/moonsworth/lunar/client/replay/rewindhandlers/chest/Chest.java
com.moonsworth.lunar.client.replay.rewindhandlers.click	Click	com.moonsworth.lunar.client.replay.rewindhandlers.click	RewindTimelinesListPanel	GuiIterator panel of the rewindTimelinesList route (RewindTimelinesListBridge.method15 -> RewindHandlers.method34): emits the list of replay timelines (id+name)	com/moonsworth/lunar/client/replay/rewindhandlers/click/Click.java
com.moonsworth.lunar.client.replay.rewindhandlers.colorsaturation	Colorsaturation	com.moonsworth.lunar.client.replay.rewindhandlers.colorsaturation	RewindPropertiesPanel	GuiIterator panel of the rewindProperties route (RewindPropertiesBridge.method15 -> RewindHandlers.method35): emits availableProperties/showMods/hideKeyframeControls/properties/canUndo/canRedo	com/moonsworth/lunar/client/replay/rewindhandlers/colorsaturation/Colorsaturation.java
com.moonsworth.lunar.client.replay.rewindhandlers.coordinates	Coordinates	com.moonsworth.lunar.client.replay.rewindhandlers.coordinates	RewindEditorContext	Static rewind-editor context (selected layers/keyframes, playhead, zoom, timeline lookup helpers) and base class of the rewind route providers (RewindTimelineBridge/RewindPropertiesBridge/RewindEditorBridge/...)	com/moonsworth/lunar/client/replay/rewindhandlers/coordinates/Coordinates.java
com.moonsworth.lunar.client.replay.rewindhandlers.holograms	Bridge7Iterator	com.moonsworth.lunar.client.replay.rewindhandlers.holograms	RewindLoadingScreen	Screen shown while a rewind recording loads: "Loading Rewind..." banner and a cancel button that closes the rewind mod	com/moonsworth/lunar/client/replay/rewindhandlers/holograms/Bridge7Iterator.java
com.moonsworth.lunar.client.util	Annotation	com.moonsworth.lunar.client.util	TranslationKey	Annotation whose Type enum holds translation-key prefixes (features.$MOD$.info, settings, settings.labels/buttons, gui.components...); the IntelliJ @Pattern is a translation-key pattern; 100 jar refs	com/moonsworth/lunar/client/util/Annotation.java
com.moonsworth.lunar.client.util	Coordinates	com.moonsworth.lunar.client.util	LunarSoundPlayer	Custom sound player: plays registered sounds or mp3/wav/ogg files from .minecraft/lunar/sounds, owns the sound-name list, file-size check and 10s missing-sound throttle	com/moonsworth/lunar/client/util/Coordinates.java
com.moonsworth.lunar.client.util	Fishing	com.moonsworth.lunar.client.util	LineSegment	Immutable (Vector3dc,Vector3dc) pair: produced by LineFitter edge fitting, drawn by fishing.click.Click.method18, emitted as replay highlight quad edges by RewindHandlers3Updater	com/moonsworth/lunar/client/util/Fishing.java
com.moonsworth.lunar.client.util	MixinHelper	com.moonsworth.lunar.client.util	SpecBuilder	Abstract fluent builder base of the source-generation spec library (JavadocSpec+AnnotationSpec sets, typed self-returning methods); extended by FieldSpec.Data and MethodSpec.Data	com/moonsworth/lunar/client/util/MixinHelper.java
com.moonsworth.lunar.ichor	Annotation	com.moonsworth.lunar.ichor	TransformMethod	Ichor transformer method-hook annotation: String value is the target method name/pattern (default ".*"), e.g. @Annotation("<init>") on (ClassNode,MethodNode) hooks; sibling of @TransformClass	com/moonsworth/lunar/ichor/Annotation.java
