package	n_classes	n_lazy	sample
com.moonsworth.lunar	963	680	AbstractCollectionIterator,AbstractMapLoader,Annotation,Annotation10,Annotation10_2,Annotation11
com.moonsworth.lunar.altmanager	7	0	AltAccount,AltList,AltManagerMod,AltStore,Client,DeviceCode
com.moonsworth.lunar.annotations	6	4	Annotation,Annotation2,Annotation3,Annotation4,SourceMarker,ThreadRestrictions
com.moonsworth.lunar.bridge	981	240	AbstractHorseBridge,AbstractMethodErrorImpl,AbstractTextureMultiTexBridge,AdventureComponentBridge,AdventureComponentCoercion,AlcBridge
com.moonsworth.lunar.bridge.fog	3	2	Fog,Fog2,Fog3
com.moonsworth.lunar.bridge.glintcolorizer	1	0	Glintcolorizer
com.moonsworth.lunar.bridge.glintcolorizer.mixin	2	1	Glintcolorizer,Glintcolorizer2
com.moonsworth.lunar.bridge.hitbox	2	1	Hitbox,Hitbox2
com.moonsworth.lunar.bridge.hitcolor	3	1	Hitcolor,Hitcolor2,HitcolorExtension
com.moonsworth.lunar.bridge.horsestats	60	49	BridgeExtension,Data,Data2,Data3,Extension,Horsestats
com.moonsworth.lunar.bridge.horsestats.mixin	4	1	Horsestats,HorsestatsHandler,HorsestatsType,HorsestatsType2
com.moonsworth.lunar.bridge.itemcounter	29	15	Itemcounter,Itemcounter$Extension,Itemcounter$Type,Itemcounter$Type2,Itemcounter2,Itemcounter2_2
com.moonsworth.lunar.bridge.itemcounter.mixin	4	3	Itemcounter,Itemcounter2,Itemcounter3,Itemcounter4
com.moonsworth.lunar.bridge.lighting	4	3	Lighting,Lighting2,Lighting3,Lighting4
com.moonsworth.lunar.bridge.minecraft	29	1	AxisCoordinateChooser,ChatComponentFactoryBridge,ChatFormatting,ClickEventActionBridge,ClipboardBridge,DamageSourceBridge
com.moonsworth.lunar.bridge.mixin	4	1	ClickEventBridge,HoverEventBridge,MixinHelper,MixinHelper2
com.moonsworth.lunar.bridge.optifine	9	0	ConnectedProperties,ConnectedTextureMethod,ConnectedTexturesBridge,CustomColorsBridge,CustomItemsBridge,OptifineBridge
com.moonsworth.lunar.bridge.particle	4	0	LegacyParticleType,ParticleData,ParticleType,SimpleParticleData
com.moonsworth.lunar.bridge.potion	3	0	PotionBridge,PotionEffectBridge,PotionRegistryBridge
com.moonsworth.lunar.bridge.resourcepack	2	0	PackFiltersBridge,ResourcePackParentBridge
com.moonsworth.lunar.bridge.scoreboard	4	0	ScoreBridge,ScorePlayerTeamBridge,ScoreboardBridge,ScoreboardObjectiveBridge
com.moonsworth.lunar.bridge.server	1	0	IntegratedServerBridge
com.moonsworth.lunar.bridge.slayer	9	7	Slayer,Slayer2,Slayer3,Slayer4,Slayer5,Slayer6
com.moonsworth.lunar.bridge.stats	2	0	StatBaseBridge,StatisticsFileBridge
com.moonsworth.lunar.bridge.tileentity	3	0	BeamSegmentBridge,BlockEntityBridge,TileEntityChestBridge
com.moonsworth.lunar.bridge.world	27	0	AxisDirection,Biome,BiomeBridge,BiomeCategory,BlockRenderTypeBridge,BoxEdgeConsumer
com.moonsworth.lunar.bridge.world.mixin	4	0	BlockAccessBridge,ChunkBridge,Itemcounter,WorldBridge
com.moonsworth.lunar.bridgeimpl.mixin	1	0	MixinHelper
com.moonsworth.lunar.client	78	6	ApolloButtonContent,ApolloButtonShape,ApolloTypeRegistry,AutoTextHotkeyApolloHandler,Autotexthotkey,Badge
com.moonsworth.lunar.client.account	5	0	AccountProfile,AccountSession,AccountType,MinecraftProfile,YggdrasilAuthServiceFactory
com.moonsworth.lunar.client.account.skin	3	0	SavedSkin,SkinLoadException,SkinType
com.moonsworth.lunar.client.alert	2	0	Alert,AlertExtension,Extension
com.moonsworth.lunar.client.alert.mixin	4	1	Alert,Alert2,Alert2Handler,AlertType
com.moonsworth.lunar.client.animations	1	0	Animations
com.moonsworth.lunar.client.animations.mixin	7	5	Animations,AnimationsImpl,AnimationsImpl2,AnimationsImpl3,AnimationsImpl4,AnimationsImpl5
com.moonsworth.lunar.client.audio.music	1	0	StyngrSong
com.moonsworth.lunar.client.audio.ogg	4	1	Crc32,LotusfishException,OggPage,OggPageReader
com.moonsworth.lunar.client.calculator	4	2	Calculator,Calculator2,CalculatorType,CalculatorType2
com.moonsworth.lunar.client.calculator.mixin	4	2	Calculator,CalculatorHandler,CalculatorHandler2,CalculatorHandler3,Data
com.moonsworth.lunar.client.chat	22	0	ChatActionHandler,ChatMessage,EmbedType,FriendChatMessage,IconChangeEvent,ImageEmbed
com.moonsworth.lunar.client.chest	4	8	Chest,Chest2,Chest3,Chest4,Data,Data2
com.moonsworth.lunar.client.click	8	0	Alert,AlertTask,Bridge7Iterator,Bridge7Iterator$Type2,Bridge7Iterator_2,Bridge7Iterator_3
com.moonsworth.lunar.client.click.chest	9	4	Chest,ChestType,FogImpl,Gui2Extension,Gui2Iterator,Gui2Iterator2
com.moonsworth.lunar.client.click.colorsaturation	2	0	Bridge7Iterator,Calculator2Iterator
com.moonsworth.lunar.client.click.coordinates	1	0	Bridge7Iterator,Type
com.moonsworth.lunar.client.click.fishing	3	2	Fishing,Fishing2,Fishing3
com.moonsworth.lunar.client.click.gui	3	3	Bridge7Iterator,Bridge7Iterator2,Bridge7Iterator22,Type,Type2,Type3
com.moonsworth.lunar.client.click.highlight	2	0	Bridge7Iterator,Calculator2Iterator
com.moonsworth.lunar.client.click.holograms	35	13	Bridge7Iterator,Bridge7Iterator2,Calculator2Base,Calculator2Handler,Calculator2Iterator,Calculator2Iterator3
com.moonsworth.lunar.client.click.holograms.mixin	54	0	Calculator2Base,Calculator2Impl,Calculator2Impl2,Calculator2Impl3,Calculator2Impl4,Calculator2Impl42
com.moonsworth.lunar.client.click.holograms.nameplate	8	1	Bridge7Iterator,Bridge7Iterator2,Bridge7Task,Calculator2Impl,Data,Highlight3Handler
com.moonsworth.lunar.client.click.holograms.nameplate.mixin	16	5	Data,Data2,Data3,Data4,Data5,Data6
com.moonsworth.lunar.client.click.lotusfish	24	1	Bridge7Iterator,Calculator2Base,Calculator2Base2,Calculator2Base3,Calculator2Impl,Calculator2Impl2
com.moonsworth.lunar.client.click.lotusfish.mixin	7	5	Bridge7Iterator,Calculator2Extension,Data,Data2,Lotusfish,Lotusfish2
com.moonsworth.lunar.client.click.mixin	1	0	Bridge7Iterator
com.moonsworth.lunar.client.click.rewindhandlers	3	1	Data,Object2ObjectOpenHashMapImpl,Rewindhandlers,Rewindhandlers2
com.moonsworth.lunar.client.config	1	0	FeatureFlag
com.moonsworth.lunar.client.config.migration	42	0	AutoTextActionsMigration,BedWarsHeightLimitMigration,BlockOutlineMigration,BossbarColorMigration,BossbarOffsetMigration,BossbarPositionMigration
com.moonsworth.lunar.client.config.option	52	0	AbstractNumberRule,AbstractOptionBuilder,AlertExtension,BakedOptionNode,BooleanOption,ByteNumberRange
com.moonsworth.lunar.client.config.option.trait	13	0	BuilderTraitType,Data,Lightoverlay,LightoverlayException,LightoverlayHandler,LightoverlayType
com.moonsworth.lunar.client.config.override	6	0	AlertCard,ChildContainer,InterceptHandler,OverrideSource,SettingIntercept,SettingOverride
com.moonsworth.lunar.client.coordinates	7	9	Coordinates,Coordinates2,Coordinates3,Coordinates4,Coordinates5,Data
com.moonsworth.lunar.client.coordinates.mixin	2	0	Coordinates,CoordinatesThread
com.moonsworth.lunar.client.cosmetics	7	0	BodywearCosmetic,CloakTextureSlicer,Cosmetic,CosmeticCategory,CosmeticSettings,CosmeticSlot
com.moonsworth.lunar.client.cosmetics.emote	29	0	BOBJMesh,BOBJModel,BipedModelRenderer,Builder,ConditionalOutfitEntry,ConditionalOutfitTree
com.moonsworth.lunar.client.cosmetics.holograms	11	0	BlockMorphRenderer,EmoteAnimator,EmoteDefinition,EmoteGiftProvider,EmoteMorphAnimator,IBoneRenderer
com.moonsworth.lunar.client.cosmetics.inactive	16	0	AnimationBuilderDeserializer,AnimationState,AnimationTicker,ArmorSlot,AttachedBone,CosmeticDefinitionMapper
com.moonsworth.lunar.client.cosmetics.inactive.gui	3	0	AnimationSelector,ConditionalAnimationSelector,ConditionalAnimationState,GuiHandler
com.moonsworth.lunar.client.cosmetics.inactive.mixin	4	0	CompanionCosmetic,GeckolibCosmeticManager,InactiveException,ItemCosmeticDefinition,MolangFunction
com.moonsworth.lunar.client.cosmetics.inactive.mixin.colorsaturation	3	0	ModelMatrixStack,TickConverter,VectorConverter
com.moonsworth.lunar.client.cosmetics.inactive.mixin.colorsaturation.mixin	2	0	AnimationJsonParser,AnimationKeyframeParser
com.moonsworth.lunar.client.cosmetics.inactive.mixin.fishing	12	0	AbstractTask,AbstractTimedTask,AttachToOwnerTask,FishingHandler,FishingType,InactiveTask
com.moonsworth.lunar.client.cosmetics.inactive.mixin.gui	6	0	AnimationControllerDefinition,AnimationControllerImpl,AnimationDefinition,AnimationEventImpl,AnimationStateConfig,AnimationTest
com.moonsworth.lunar.client.cosmetics.inactive.mixin.gui.mixin	6	0	AttackingAnimationController,IdleMoveController,LayeredAnimationController,MolangAnimationController,OccasionalAnimationController,SingleAnimationController
com.moonsworth.lunar.client.cosmetics.inactive.mixin.highlight	4	0	BoneQuery,EvaluatorIterator,MolangRuntime,QueryDefaults,QueryTransition
com.moonsworth.lunar.client.cosmetics.inactive.mixin.highlight.mixin	7	0	FunctionImpl,MolangAnimationState,MolangCheckBiome,MolangCheckBiomeCategory,MolangCheckSnowyBiome,MolangLightLevel
com.moonsworth.lunar.client.cosmetics.inactive.mixin.holograms	3	0	EmoteModel,EvaluatorImpl,InterpolationState,MolangResourceModel,RuntimeKey
com.moonsworth.lunar.client.cosmetics.inactive.mixin.holograms.mixin	3	0	BedrockAnimatedModel,ModelRenderState,ModelTextureProvider
com.moonsworth.lunar.client.cosmetics.inactive.mixin.nameplate	3	0	AnimationCache,AnimationFileLoader,ModelGeometryLoader,and
com.moonsworth.lunar.client.cosmetics.inactive.mixin.rewindhandlers.mixin	3	0	BoneHierarchyBuilder,BoneHierarchyNode,DefaultEdgeImpl
com.moonsworth.lunar.client.cosmetics.inactive.rewindhandlers	21	0	BedrockBone,BedrockGeometry,BedrockGeometryFile,BedrockModel,BoneHierarchySerializer,CubeMesh
com.moonsworth.lunar.client.cosmetics.molang	44	1	ChildScope,ConstantExpression,GeneratedClassLoader,MolangBuiltin,MolangBuiltinFunctions,MolangClassBuilder
com.moonsworth.lunar.client.cosmetics.molang.ast	1	0	ConstantEvaluatable
com.moonsworth.lunar.client.cosmetics.skin	16	0	BodyOverlayLayerRenderer,BodyPartSpec,CubeAxis,CubeDirection,CubeListBuilder,CustomizableCube
com.moonsworth.lunar.client.driver	21	0	ClipboardHandler,ComponentStyleData,Data,DriverBridge,DriverComponent,DriverContext
com.moonsworth.lunar.client.driver.core	4	0	DriverFieldType,DriverView,MarkerIconRenderer,UltralightConfigFactory
com.moonsworth.lunar.client.driver.core.gui	6	0	ButtonProvider,ButtonProviderGui,CachedJsonProvider,Data,DriverDataProvider,JsonProvider
com.moonsworth.lunar.client.driver.core.gui.mixin	28	0	AccountBridge,AlertBridge,BadgeBridge,ColorBridge,CosmeticPreviewBridge,HomeButtonBridge
com.moonsworth.lunar.client.driver.core.gui.mixin.nameplate	3	0	ConversationImageUploader,FriendApi,FriendsGuiExtension,PendingImage,and
com.moonsworth.lunar.client.driver.core.gui.mixin.rewindhandlers	4	0	MinimapJsApi,WaypointGroupBridge,WaypointImportJsApi,WaypointJsApi
com.moonsworth.lunar.client.driver.core.highlight	2	0	StorePrice,StorePriceEntry
com.moonsworth.lunar.client.driver.core.holograms	5	0	HologramBounds,HologramElement,HologramModelBridge,HologramRenderer,HologramSubject
com.moonsworth.lunar.client.driver.core.holograms.mixin	5	0	EmoteHologram,HologramCameraPreset,HologramEntry,HologramSkin,SkinOverride
com.moonsworth.lunar.client.driver.core.nameplate	2	0	LockerContext,LockerSection
com.moonsworth.lunar.client.driver.core.rewindhandlers	1	0	MinimapViewContext
com.moonsworth.lunar.client.driver.gui	6	0	AbstractDataProvider,AnalyticsDataProvider,Data,FeatureDataProvider,MarkersDataProvider,ModsBridge
com.moonsworth.lunar.client.driver.holograms	6	0	CosmeticHighlightRenderer,CosmeticHighlightShader,CosmeticHologram,HologramsIterator,HoverModel,MarkerModelRenderer
com.moonsworth.lunar.client.driver.nameplate	1	0	PositionQuad
com.moonsworth.lunar.client.driver.nameplate.mixin	8	0	ComponentCharCallback,ComponentCursorCallback,ComponentDropCallback,ComponentFocusCallback,ComponentKeyCallback,ComponentMouseButtonCallback
com.moonsworth.lunar.client.driver.rewindhandlers	2	0	ConfigureWaypointProps,Data,WaypointContext
com.moonsworth.lunar.client.event	29	0	ApolloOptionUpdateEvent,CancellableEvent,DebuggingEventBus,EventBusAccess,EventBusOperation,EventKeyInput
com.moonsworth.lunar.client.event.fishing	49	0	EventAttack,EventBlockHighlight,EventBlockHighlightAlpha,EventBlockHighlightColor,EventBlockHighlightLayer,EventBlockHighlightRotation
com.moonsworth.lunar.client.event.mixin	10	0	CommandInput,EventActionBarMessage,EventChatMessage,EventChatSend,EventCommand,EventCommandRegister
com.moonsworth.lunar.client.event.mixin.fishing	27	0	BlockUpdate,EventBlockBreakProgress,EventBlockChange,EventBlockPlace,EventBlockUpdate,EventChunk
com.moonsworth.lunar.client.event.mixin.fishing.mixin	6	0	EventEntityItemSpawn,EventMapUpdate,EventRenderEntityItem,EventRenderEntityItemLegacy,EventUseItem,EventUseItemOnBlock
com.moonsworth.lunar.client.event.mixin.gui	26	0	EventBossBarUpdate,EventBridgePayload,EventDisconnect,EventDisconnectReason,EventGuiScreen,EventLocationChange
com.moonsworth.lunar.client.event.mixin.highlight	32	0	EventAlertUpdate,EventCameraOffset,EventChunkReload,EventFovModifier,EventFovModifierPost,EventFovRender
com.moonsworth.lunar.client.event.mixin.holograms	5	0	EventAssetServerConnected,EventClientShutdown,EventFeatureToggle,EventOptionsReload,EventOptionsReloadBase,EventWebSocketReady
com.moonsworth.lunar.client.event.mixin.holograms.mixin	1	0	EventIchorHandlersLoaded
com.moonsworth.lunar.client.event.mixin.nameplate	3	0	EventRenderHud,EventRenderHudBase,EventRenderHudFocused,EventRenderTabList,Focused
com.moonsworth.lunar.client.event.mixin.rewindhandlers	6	0	EventInitialScreenOpen,EventKeybind,EventMouseButton,EventMouseScroll,EventMouseWheel,EventPerspectiveChange
com.moonsworth.lunar.client.feature	7	4	Module,Module2,ModuleType,ModuleType2,ModuleType3,ModuleType3_2
com.moonsworth.lunar.client.feature.mixin	1	0	MixinHelper
com.moonsworth.lunar.client.fishing	5	2	Fishing,Fishing2,Fishing2Extension,Fishing_2,Nameplate,and
com.moonsworth.lunar.client.fishing.gui.mixin	1	0	Fishing2Extension
com.moonsworth.lunar.client.fishing.highlight	2	0	Data,Fishing2Extension,Highlight
com.moonsworth.lunar.client.fishing.holograms	1	0	Fishing2Extension
com.moonsworth.lunar.client.fishing.mixin	1	0	Fishing2Extension
com.moonsworth.lunar.client.fishing.rewindhandlers	1	0	Fishing2Extension
com.moonsworth.lunar.client.fog	14	4	Data,Fog,Fog2,FogHandler,FogHandler2,FogLoader
com.moonsworth.lunar.client.fog.chest	2	1	Chest,Chest2,Data
com.moonsworth.lunar.client.fog.click	3	1	Click,ClickImpl,Extension,GuiRewindhandlersHandler2
com.moonsworth.lunar.client.fog.click.mixin	1	0	Click
com.moonsworth.lunar.client.fog.colorsaturation	2	0	Colorsaturation,Gui2Handler
com.moonsworth.lunar.client.fog.fishing	5	0	Fishing,FishingException,Gui2Handler,Gui2Type,ProfileLookupCallbackHandler
com.moonsworth.lunar.client.fog.gui	5	4	Data,Data5,FogHandler2,Gui,Gui2,Gui3
com.moonsworth.lunar.client.fog.highlight	2	1	ConsumerBase,FogHandler2
com.moonsworth.lunar.client.fog.highlight.mixin	12	10	ConsumerBase,ConsumerBase10,ConsumerBase2,ConsumerBase3,ConsumerBase4,ConsumerBase5
com.moonsworth.lunar.client.fog.holograms	85	59	Data,Data2,Data4,DefaultEdgeImpl,EnumMapImpl,Extension
com.moonsworth.lunar.client.fog.holograms.chest	5	1	Chest,Chest2,Chest2Handler,Chest2Iterator,Chest2Iterator2
com.moonsworth.lunar.client.fog.holograms.chest.mixin	1	0	HologramsHandler
com.moonsworth.lunar.client.fog.holograms.click	4	1	Click,ClickHandler,ClickHandler2,Gui2Handler
com.moonsworth.lunar.client.fog.holograms.colorsaturation	13	11	Colorsaturation,Colorsaturation2,Colorsaturation2_2,Colorsaturation3,Colorsaturation3_2,Colorsaturation4
com.moonsworth.lunar.client.fog.holograms.colorsaturation.mixin	3	1	Colorsaturation,ColorsaturationExtension,ColorsaturationExtension2
com.moonsworth.lunar.client.fog.holograms.coordinates	8	1	Coordinates,Coordinates2,Coordinates2Handler,Coordinates2Handler2,Coordinates2Handler3,Coordinates2Handler4
com.moonsworth.lunar.client.fog.holograms.fishing	3	2	Fishing,Fishing2,FogLoader2
com.moonsworth.lunar.client.fog.holograms.gui	7	6	Gui,IterableExtension,IterableExtension2,IterableExtension22,IterableExtension222,IterableExtension23
com.moonsworth.lunar.client.fog.holograms.highlight	7	5	Data,Data2,Data3,Data4,FogIterator,Highlight
com.moonsworth.lunar.client.fog.holograms.highlight.mixin	3	1	HighlightImpl,HighlightImpl2,HighlightIterator
com.moonsworth.lunar.client.fog.holograms.holograms	2	1	Holograms,Holograms2
com.moonsworth.lunar.client.fog.holograms.mixin	8	6	Holograms,Holograms2,Holograms3,Holograms4,Holograms5,Holograms6
com.moonsworth.lunar.client.fog.holograms.nameplate	17	12	Data6,FogHandler,Nameplate,Nameplate2,Nameplate2_2,Nameplate3
com.moonsworth.lunar.client.fog.holograms.nameplate.mixin	1	0	Nameplate
com.moonsworth.lunar.client.fog.holograms.rewindhandlers	5	0	Bridge13Handler,Highlight3Iterator23,Highlight3Iterator23$Data,Highlight3Iterator23_2,Rewindhandlers
com.moonsworth.lunar.client.fog.mixin	1	0	Gui2Handler
com.moonsworth.lunar.client.fog.nameplate	2	0	Gui2Handler,NameplateTask
com.moonsworth.lunar.client.fog.rewindhandlers	2	1	RewindhandlersType,RewindhandlersType2
com.moonsworth.lunar.client.fov	62	23	Data,Data2,Extension,Fov,Fov10,Fov11
com.moonsworth.lunar.client.fov.mixin	12	8	Data,Data2,Data3,Extension,Fov,Fov2
com.moonsworth.lunar.client.fov.mixin.nameplate	1	1	ModuleType3
com.moonsworth.lunar.client.fov.mixin.rewindhandlers	3	2	Data5,Gui2Iterator,Rewindhandlers,Rewindhandlers2
com.moonsworth.lunar.client.fov.mixin.rewindhandlers.mixin	10	9	RewindhandlersImpl,RewindhandlersImpl10,RewindhandlersImpl2,RewindhandlersImpl3,RewindhandlersImpl4,RewindhandlersImpl5
com.moonsworth.lunar.client.fov.nameplate	7	6	Nameplate,Nameplate2,Nameplate3,Nameplate4,Nameplate5,Nameplate6
com.moonsworth.lunar.client.fps	46	28	Data,Data10,Data11,Data12,Data13,Data14
com.moonsworth.lunar.client.fps.mixin	1	0	EvaluatableImpl
com.moonsworth.lunar.client.framework	112	25	AbstractFeature,AlertExtension,ArgumentCommandNode,BackgroundHudComponent,BoundArguments,Calculator2Handler
com.moonsworth.lunar.client.framework.build	1	0	BuildDataKey,LunarBuildData
com.moonsworth.lunar.client.framework.combat	1	0	Data,PlayerCombatState
com.moonsworth.lunar.client.framework.crash	6	0	CrashReportError,CrashReporter,ExceptionSanitizer,IchorStackTraceFilter,IgnoredExceptionPatterns,ThrowableJsonSerializer
com.moonsworth.lunar.client.framework.feature	8	1	HudElement,HudElementBounds,ModOptionOverrides,Module,Module2,ModuleHandler
com.moonsworth.lunar.client.framework.feature.animations.customhelditems	4	0	CustomhelditemsType,HeldItemHand,Lighting3Loader,Lighting3Loader2
com.moonsworth.lunar.client.framework.feature.armorstatus	5	0	ArmorStatusListMode,ArmorStatusSlot,DurabilityDisplayMode,DurabilityPosition,HotbarPosition
com.moonsworth.lunar.client.framework.feature.armorstatus.armorstatusbarschild	2	1	Armorstatusbarschild,Armorstatusbarschild2,Data,Type
com.moonsworth.lunar.client.framework.feature.armorstatus.hud	7	0	ArmorStatusDurabilityRenderer,ArmorStatusElement,ArmorStatusElementChildMod,ArmorStatusElementHud,ArmorStatusElementProvider,ArmorStatusHud
com.moonsworth.lunar.client.framework.feature.armorstatus.mixin	5	3	ArmorstatusType,Gui2Extension,Gui2Extension2,Gui2Extension3,Gui2Extension4
com.moonsworth.lunar.client.framework.feature.armorstatus.nameplate	5	4	Nameplate,Nameplate2,Nameplate3,Nameplate4,Nameplate5
com.moonsworth.lunar.client.framework.feature.armorstatus.nameplate.mixin	2	1	Framework7Extension2,Nameplate
com.moonsworth.lunar.client.framework.feature.attackindicator	15	0	AbstractItemAttackIndicator,AttackIndicatorMode,AttackIndicatorProvider,AttackIndicatorState,BlockBreakAttackIndicator,BowAttackIndicator
com.moonsworth.lunar.client.framework.feature.attackindicator.mixin	14	2	Attackindicator,Attackindicator2,Attackindicator2Handler,Attackindicator2Handler2,Attackindicator2Handler22,Attackindicator2Handler23
com.moonsworth.lunar.client.framework.feature.autotextactions	2	0	AutoTextAction,Lighting3Loader
com.moonsworth.lunar.client.framework.feature.blockoutline	5	1	BlockOutlineMode,BlockOverlayMode,Blockoutline,Gui2Extension,Gui2Extension2,and
com.moonsworth.lunar.client.framework.feature.chat	12	4	Chat,Chat2,Chat3,Chat4,Chat5,ChatEmojiTransformer
com.moonsworth.lunar.client.framework.feature.colorsaturation	2	0	ColorSaturationShader,ColorsaturationExtension
com.moonsworth.lunar.client.framework.feature.cooldowns	6	0	Cooldown,CooldownTextPosition,Cooldowns,Gui2Extension,IconCooldown,ItemCooldown
com.moonsworth.lunar.client.framework.feature.cooldowns.mixin	2	1	CooldownsImpl,CooldownsImpl2
com.moonsworth.lunar.client.framework.feature.coordinates	4	1	CoordinatesBiomeChildMod,CoordinatesChildHudModImpl,CoordinatesChildHudModImpl2,CoordinatesDirectionChildMod,Data
com.moonsworth.lunar.client.framework.feature.crosshair	10	2	Crosshair,Crosshair2,Crosshair3,CrosshairGridSize,CrosshairMode,CrosshairPattern
com.moonsworth.lunar.client.framework.feature.crosshair.crosshairelytra	6	2	CrosshairShapeDrawer,CrosshairShapeRenderer,CrosshairTextureRenderer,Crosshairelytra,Crosshairelytra2,Crosshairelytra3
com.moonsworth.lunar.client.framework.feature.crosshair.mixin	5	3	CrosshairType,Gui2Extension,Gui2Extension2,Gui2Extension3,Gui2Extension4
com.moonsworth.lunar.client.framework.feature.debug	3	0	Data,Debug,DebugType,Extension,Gui2Extension,Type
com.moonsworth.lunar.client.framework.feature.debug.fpsdebugmod	18	3	Data,Data2,DebugArchive,DynamicListenerDebugTask,EventBusDebugTask,F3DataTask
com.moonsworth.lunar.client.framework.feature.debug.fpsdebugmod.mixin	10	3	Fpsdebugmod,Fpsdebugmod2,Fpsdebugmod3,Fpsdebugmod4,Fpsdebugmod4Impl,Fpsdebugmod4Impl2
com.moonsworth.lunar.client.framework.feature.debug.fpsdebugmod.profilerdebugmod	20	5	AllThreadsProfiler,Data,Profile,ProfileCallNode,ProfileEncoder,ProfileFlag
com.moonsworth.lunar.client.framework.feature.debug.fpsdebugmod.profilerdebugmod.mixin	2	0	Profilerdebugmod,ProfilerdebugmodIterator
com.moonsworth.lunar.client.framework.feature.debug.optimizationdebugmod	4	1	OptimizationDebugCategory,OptimizationDebugOption,OptimizationdebugmodType,OptimizationdebugmodType2
com.moonsworth.lunar.client.framework.feature.debug.shaderdebugmod	11	6	Data,Data2,Markers3Handler,ShaderCloakEditorContext,ShaderCloakExporter,ShaderDebugJsBridge
com.moonsworth.lunar.client.framework.feature.directionhud	6	2	Data,DirectionHudPosition,Directionhud,Directionhud2,Directionhud3,Directionhud3Impl
com.moonsworth.lunar.client.framework.feature.f3display	22	0	F3DebugConditionalWriter,F3DebugEntry,F3DebugInfo,F3DebugLine,F3DebugMeasurer,F3DebugRenderer
com.moonsworth.lunar.client.framework.feature.f3display.chart	6	0	BandwidthChart,F3Chart,FpsChart,GpuChart,PingChart,RamChart
com.moonsworth.lunar.client.framework.feature.f3display.mixin	6	0	F3display,F3displayImpl,F3displayImpl2,F3displayImpl3,F3displayImpl4,F3displayImpl5
com.moonsworth.lunar.client.framework.feature.freelook	2	0	FreelookMode,Gui2Extension
com.moonsworth.lunar.client.framework.feature.gui	5	4	Data4,Gui,Gui2,GuiUpdater,GuiUpdater2,GuiUpdater3
com.moonsworth.lunar.client.framework.feature.heightlimit	6	3	Data,Data2,Data3,HeightLimitRenderer,HeightLimitState,HeightLimitVariant
com.moonsworth.lunar.client.framework.feature.hypixelbedwars	1	0	TitlesHandler
com.moonsworth.lunar.client.framework.feature.hypixelbedwars.bedwars	2	0	Bedwars,BedwarsUpdater,Data,Type
com.moonsworth.lunar.client.framework.feature.hypixelbedwars.mixin	4	1	BedwarsBedModelFactory,BedwarsTeamColorMapper,Hypixelbedwars,Hypixelbedwars2
com.moonsworth.lunar.client.framework.feature.inventorymod	2	0	InventorySlotUtils,Inventorymod
com.moonsworth.lunar.client.framework.feature.inventorymod.mixin	2	1	Extension,GuiRewindhandlersHandler2,InventoryScreenPreserver
com.moonsworth.lunar.client.framework.feature.inventorymod.slot.inventorysearch	3	1	Gui2Extension,InventorySearchOverlay,ModuleBase2
com.moonsworth.lunar.client.framework.feature.itemcounter	10	4	DamagedItemEntry,ItemCounterEntry,ItemCounterRenderer,ItemCounterTextSide,Itemcounter,Itemcounter2
com.moonsworth.lunar.client.framework.feature.itemcounter.mixin	2	0	BlockVariantAliases,Data,Itemcounter
com.moonsworth.lunar.client.framework.feature.itemphysics.mixin	1	0	Itemphysics
com.moonsworth.lunar.client.framework.feature.itemtracker	2	0	Data,ItemTrackerData,Itemtracker
com.moonsworth.lunar.client.framework.feature.keystrokes	62	23	CircularFillKeystrokeRenderer,CollapseKeystrokeRenderer,CrossCollapseKeystrokeRenderer,CrossGrowKeystrokeRenderer,Data4,DefaultKeystrokeKey
com.moonsworth.lunar.client.framework.feature.keystrokes.mixin	2	1	Framework7Extension2,Keystrokes
com.moonsworth.lunar.client.framework.feature.killsounds	10	0	ChatPatternKillMessageParser,DeathMessageKillParser,KillEvent,KillMessageParser,KillSoundFilter,KillSoundSettings
com.moonsworth.lunar.client.framework.feature.killsounds.mixin	6	3	Killsounds,Killsounds2,Killsounds3,Killsounds4,Killsounds4Loader,Killsounds4Loader2
com.moonsworth.lunar.client.framework.feature.knockbacktrainer	2	0	KnockbackEvent,KnockbackTrainerThread
com.moonsworth.lunar.client.framework.feature.knockbacktrainer.mixin	1	0	Knockbacktrainer
com.moonsworth.lunar.client.framework.feature.lightoverlay	8	4	Data,Data2,Extension,LightOverlayBoxRenderer,LightOverlayCrossRenderer,LightOverlayRenderer
com.moonsworth.lunar.client.framework.feature.markers	67	19	BannerIconMapping,BlockVariantIconMapping,BoatIconMapping,Data,Data2,DyeColorIconMapping
com.moonsworth.lunar.client.framework.feature.markers.mixin	4	2	Gui2Extension,Markers,Markers2,Markers3
com.moonsworth.lunar.client.framework.feature.menublur	2	0	ColorsaturationExtension,MenuBlurShader
com.moonsworth.lunar.client.framework.feature.minimap	25	7	Data,EntityMinimapLayer,Minimap,Minimap2,Minimap2Impl,Minimap2Impl2
com.moonsworth.lunar.client.framework.feature.minimap.mixin	8	3	BoneTransform,ChunkColorMap,MapCoord,Minimap,Minimap2,Minimap3
com.moonsworth.lunar.client.framework.feature.mobsize.mixin	2	0	TessellatorRenderer,WorldRenderer
com.moonsworth.lunar.client.framework.feature.mod	47	21	BoxRenderer,GuiComponent,GuiEventDispatcher,GuiModule,GuiModuleManager,GuiRenderState
com.moonsworth.lunar.client.framework.feature.mod.debug	1	0	HologramsHandler
com.moonsworth.lunar.client.framework.feature.mod.debug.override	1	0	ModuleBase
com.moonsworth.lunar.client.framework.feature.mod.debug.testcustomguioverlay	2	1	ModuleBase2,TestOverlayModule
com.moonsworth.lunar.client.framework.feature.mod.fishing	71	12	AllInviteCommand,BoopCommand,ChatCommandSettings,ChatMessageQueue,CoinflipCommand,CommandPathMigrationStep
com.moonsworth.lunar.client.framework.feature.mod.fishing.chest	4	0	Chest,ImportantNpcLocationsDeserializer,JsonDeserializerIterator,NpcLocations
com.moonsworth.lunar.client.framework.feature.mod.fishing.click	36	25	AnimatedValue,AverageInterval,BlockBox,BlockFace,CalculatorParser,CircleCandidate
com.moonsworth.lunar.client.framework.feature.mod.fishing.colorsaturation	4	0	Colorsaturation,JsonDeserializerIterator,MinionDataDeserializer,MinionXpData
com.moonsworth.lunar.client.framework.feature.mod.fishing.coordinates	4	0	Coordinates,JsonDeserializerIterator,MaxLevelsDeserializer,SkillLevelCalculator,and
com.moonsworth.lunar.client.framework.feature.mod.fishing.coordinates.mixin	5	1	Coordinates,CoordinatesType,CoordinatesType2,MaxLevels,SkillXpSource
com.moonsworth.lunar.client.framework.feature.mod.fishing.gui	50	23	ApiItemValueParser,Data,Data2,DyeColor,DyeItemValueParser,EnchantedBookItemValueParser
com.moonsworth.lunar.client.framework.feature.mod.fishing.gui.mixin	13	6	Data,Gui,Gui2,Gui3,Gui4,Gui5
com.moonsworth.lunar.client.framework.feature.mod.fishing.highlight	11	4	Highlight,Highlight2,Highlight3,Highlight4,Highlight5,HighlightButton
com.moonsworth.lunar.client.framework.feature.mod.fishing.highlight.mixin	4	1	Gui2Extension,Gui2Extension2,HighlightButtonShape,HighlightTextSide
com.moonsworth.lunar.client.framework.feature.mod.fishing.holograms	162	40	AddRoomPositionAction,BettermapSettings,BettermapVariant,BossMapElement,BossMapFloor,ChatFilterRule
com.moonsworth.lunar.client.framework.feature.mod.fishing.holograms.holograms	20	8	DetectedRoomShape,DungeonMapItem,DungeonRoom,EarlyInDoorAction,EarlyInRoomAction,EarlyInUnknownAction
com.moonsworth.lunar.client.framework.feature.mod.fishing.holograms.mixin	6	1	Holograms,Holograms2,JsonDeserializerIterator,KuudraPearlWaypoint,KuudraWaypoints,KuudraWaypointsDeserializer
com.moonsworth.lunar.client.framework.feature.mod.fishing.holograms.nameplate	15	4	Data,DungeonPlayerTracker,Gui2Extension,HologramTextRenderer,Holograms4Updater,LineBatchRenderer
com.moonsworth.lunar.client.framework.feature.mod.fishing.holograms.rewindhandlers	4	0	DungeonRoomTracker,Holograms4Iterator,Rewindhandlers,RoomStateHistory
com.moonsworth.lunar.client.framework.feature.mod.fishing.lotusfish	5	2	Data,Lotusfish,Lotusfish2,Lotusfish3,PlayerListEntryParser,ScoreboardSection
com.moonsworth.lunar.client.framework.feature.mod.fishing.lotusfish.mixin	1	0	Lotusfish
com.moonsworth.lunar.client.framework.feature.mod.fishing.mixin	18	7	ChocolateEggLocations,ChocolateEggLocationsDeserializer,ChocolateRabbit,Data,Fishing,Fishing2
com.moonsworth.lunar.client.framework.feature.mod.fishing.nameplate	2	0	JsonDeserializerImpl,VisitorTrackerDeserializer
com.moonsworth.lunar.client.framework.feature.mod.fishing.rewindhandlers	7	1	JsonDeserializerIterator,Rewindhandlers,Rewindhandlers2,RewindhandlersType,SeaCreature,SeaCreatureRegistry
com.moonsworth.lunar.client.framework.feature.mod.gui	22	5	AddInventoryButton,Bridge7Iterator,Bridge7Iterator2,Bridge7Iterator22,Bridge7Iterator222,Calculator2Updater
com.moonsworth.lunar.client.framework.feature.mod.gui.mixin	8	1	Bridge7Impl,Bridge7Iterator,Data2,DungeonWaypointHudSettings,DungeonWaypointShareScreen,Gui
com.moonsworth.lunar.client.framework.feature.mod.gui.nameplate	6	3	Data,Data2,Extension,HudVisibilityWrapper,Nameplate,Nameplate2
com.moonsworth.lunar.client.framework.feature.mod.highlight	18	7	ContainerOverlayPreviewMode,CropType,DungeonFloor,Gui2Extension,Gui2Extension2,Gui2Extension3
com.moonsworth.lunar.client.framework.feature.mod.holograms	37	15	AlertDisplayListener,ClassFilteredEntityQuery,ComparableImpl,Data,DoubleHookListener,DungeonFloorListener
com.moonsworth.lunar.client.framework.feature.mod.holograms.fishing	26	14	ActionBarStatsListener,CommissionListener,Data,Data2,EquippedItemListener,FishingHookTracker
com.moonsworth.lunar.client.framework.feature.mod.holograms.fishing.mixin	2	0	Fishing,GiftRecord
com.moonsworth.lunar.client.framework.feature.mod.holograms.gui	2	1	GuiRewindhandlersHandler2,WormScathaSpawnListener
com.moonsworth.lunar.client.framework.feature.mod.holograms.highlight	5	6	Data,Data2,Data3,Data4,GuiRewindhandlersHandler2,GuiRewindhandlersHandler22
com.moonsworth.lunar.client.framework.feature.mod.holograms.highlight.mixin	2	0	HighlightType,SkyblockMenuType
com.moonsworth.lunar.client.framework.feature.mod.holograms.mixin	14	7	BurrowGroundScanner,BurrowLocatingListener,BurrowTracker,BurrowTrailLocator,BurrowTrailPredictor,Data
com.moonsworth.lunar.client.framework.feature.mod.holograms.nameplate	2	1	CropTracker,GuiRewindhandlersHandler2
com.moonsworth.lunar.client.framework.feature.mod.holograms.rewindhandlers	4	8	ChatMessageListener,ChatMessageParser,CoopChatMessage,Data,Data2,Data3
com.moonsworth.lunar.client.framework.feature.mod.impl.alert.excavation	4	1	Excavation,Excavation2,ExcavationGrid,ExcavationIterator
com.moonsworth.lunar.client.framework.feature.mod.impl.alert.excavation.mixin	5	2	ExcavationType,ExcavationType2,ExcavationType3,FossilCellState,FossilPattern
com.moonsworth.lunar.client.framework.feature.mod.impl.alert.mixin	1	0	AlertType
com.moonsworth.lunar.client.framework.feature.mod.impl.beeheemoth.mixin	1	0	BeeheemothType
com.moonsworth.lunar.client.framework.feature.mod.impl.burrow	1	0	Burrow
com.moonsworth.lunar.client.framework.feature.mod.impl.burrow.mixin	5	2	BurrowKind,BurrowType,BurrowType2,BurrowType3,BurrowWarp
com.moonsworth.lunar.client.framework.feature.mod.impl.calculator	3	1	Calculator,Calculator2,TrackedBlockHighlight
com.moonsworth.lunar.client.framework.feature.mod.impl.calculator.mixin	6	1	Calculator,CalculatorType,CalculatorType2,Gui2Extension,RaffleTaskDifficulty,RaffleTaskFilter
com.moonsworth.lunar.client.framework.feature.mod.impl.chest.dungeon.dungeonwaypoints	13	5	Data,DungeonWaypointCodec,DungeonWaypointDecoder,DungeonWaypointManager,DungeonWaypointRaycast,Dungeonwaypoints
com.moonsworth.lunar.client.framework.feature.mod.impl.chest.dungeon.dungeonwaypoints.mixin	15	6	DungeonFloorWaypoints,DungeonRoomWaypoints,DungeonWaypointBoxMode,Dungeonwaypoints,Dungeonwaypoints2,Dungeonwaypoints3
com.moonsworth.lunar.client.framework.feature.mod.impl.chest.dungeon.ice	1	0	Data,Ice
com.moonsworth.lunar.client.framework.feature.mod.impl.chest.dungeon.practice	2	1	Framework7Extension2,TerminalSolverModule
com.moonsworth.lunar.client.framework.feature.mod.impl.chest.mixin	1	0	ChestType
com.moonsworth.lunar.client.framework.feature.mod.impl.click.storageoverlay	2	1	Storageoverlay,Storageoverlay2
com.moonsworth.lunar.client.framework.feature.mod.impl.click.storageoverlay.mixin	7	5	ChestsPerRow,Gui2Extension,Gui2Extension2,Gui2Extension3,Gui2Extension4,Gui2Extension5
com.moonsworth.lunar.client.framework.feature.mod.impl.fishing.mixin	1	0	FishingType
com.moonsworth.lunar.client.framework.feature.mod.impl.gui	1	1	Data,Framework7Extension2
com.moonsworth.lunar.client.framework.feature.mod.impl.guiCore	2	2	BettermapHud,BettermapHudComponent,Data2,Framework7Extension2
com.moonsworth.lunar.client.framework.feature.mod.impl.ultrasequencer	2	1	ExperimentSolverModule,Framework7Extension2
com.moonsworth.lunar.client.framework.feature.mod.mixin	43	21	MixinHelper,MixinHelper10,MixinHelper1010,MixinHelper1011,MixinHelper1012,MixinHelper1013
com.moonsworth.lunar.client.framework.feature.mod.rewindhandlers	40	24	CommissionEvent,CommissionRemoveEvent,CommissionStartEvent,Data,Data13,Data14
com.moonsworth.lunar.client.framework.feature.mod.rewindhandlers.mixin	2	0	EventCropPlaced,Rewindhandlers
com.moonsworth.lunar.client.framework.feature.momentum	2	0	Gui2Extension,MomentumRounding
com.moonsworth.lunar.client.framework.feature.motionblur	2	0	ColorsaturationExtension,MotionBlurShader
com.moonsworth.lunar.client.framework.feature.nickhider	8	2	Extension,Highlight3Handler,NickHiderBridge,Nickhider,Nickhider2,Nickhider3
com.moonsworth.lunar.client.framework.feature.onesevenvisuals	2	0	ConsumerImpl,Onesevenvisuals
com.moonsworth.lunar.client.framework.feature.onesevenvisuals.legacy	1	0	Onesevenvisuals
com.moonsworth.lunar.client.framework.feature.onesevenvisuals.modern	1	0	Data,ItemTransform,Modern,Type
com.moonsworth.lunar.client.framework.feature.overlay	6	0	AnimationCacheEntry,ConnectedTexture,ConnectedTexturesListener,Data,GlassTextureProcessor,HudColorOverride
com.moonsworth.lunar.client.framework.feature.pkg	12	6	Pkg,Pkg2,Pkg2_2,Pkg3,Pkg3$Data,Pkg3$Type
com.moonsworth.lunar.client.framework.feature.pkg.mixin	5	7	Data,Data2,Data3,Data4,Pkg,Pkg2
com.moonsworth.lunar.client.framework.feature.potioncounter	2	0	Gui2Extension,PotionCounterType
com.moonsworth.lunar.client.framework.feature.potioneffects	10	3	CompactPotionEffectRenderer,GridPotionEffectRenderer,IconPotionEffectRenderer,Potioneffects,Potioneffects2,Potioneffects3
com.moonsworth.lunar.client.framework.feature.pvpinfo	2	0	Gui2Extension,PvpInfoTimePeriod
com.moonsworth.lunar.client.framework.feature.pvpinfo.pvp	2	2	Data3,Framework7Extension2,PvpInfoStatComponent,PvpInfoStatHud
com.moonsworth.lunar.client.framework.feature.quickplay	1	0	Quickplay
com.moonsworth.lunar.client.framework.feature.quickplay.mixin	10	0	Bridge7Iterator,Bridge7Iterator2,Bridge7Iterator3,Calculator2Updater,Calculator2Updater2,QuickplayGameEntry
com.moonsworth.lunar.client.framework.feature.render	2	0	Gui2Extension,ParticleColorMode
com.moonsworth.lunar.client.framework.feature.rewind	30	12	Data,Fishing2Loader,Fishing2Loader2,Fishing2Loader3,Fishing2Loader32,Fishing2Loader4
com.moonsworth.lunar.client.framework.feature.rewind.fishing	4	3	Fishing,Fishing2,Fishing3,Fishing4
com.moonsworth.lunar.client.framework.feature.rewind.gui	19	13	AlertImpl,ByteBufLoader,Gui,Gui2,Gui2$Data,Gui2_2
com.moonsworth.lunar.client.framework.feature.rewind.highlight	11	6	Data,Data2,HashMapImpl,Highlight,Highlight$Data,Highlight2
com.moonsworth.lunar.client.framework.feature.rewind.highlight.nameplate	7	5	Data2,Data3,LinkedHashMapImpl,LinkedHashSetImpl,Nameplate,Nameplate2
com.moonsworth.lunar.client.framework.feature.rewind.holograms	4	3	Holograms,Holograms2,Holograms3,Holograms4
com.moonsworth.lunar.client.framework.feature.rewind.mixin	5	2	Data,InputStreamLoader,Rewind,Rewind2,Rewind3,RewindThread
com.moonsworth.lunar.client.framework.feature.rewind.mixin.nameplate	2	4	Data,Data2,Data3,Data4,Data5,Nameplate
com.moonsworth.lunar.client.framework.feature.rewind.nameplate	26	3	Fishing2Iterator,Fishing2Iterator2,Fishing2Iterator3,Nameplate,Nameplate2,Nameplate2Impl
com.moonsworth.lunar.client.framework.feature.rewind.nameplate.mixin	2	0	Nameplate2Impl,Nameplate2Impl2
com.moonsworth.lunar.client.framework.feature.rewind.nameplate.mixin.colorsaturation	1	0	Nameplate2Impl
com.moonsworth.lunar.client.framework.feature.rewind.nameplate.mixin.fishing	4	0	Nameplate2Impl,Nameplate2Impl2,Nameplate2Impl3,Nameplate2Impl4
com.moonsworth.lunar.client.framework.feature.rewind.nameplate.mixin.gui	7	0	Nameplate2Impl,Nameplate2Impl2,Nameplate2Impl3,Nameplate2Impl4,Nameplate2Impl5,Nameplate2Impl6
com.moonsworth.lunar.client.framework.feature.rewind.nameplate.mixin.highlight	1	0	Nameplate2Impl
com.moonsworth.lunar.client.framework.feature.rewind.nameplate.mixin.holograms	17	0	Nameplate2Impl,Nameplate2Impl10,Nameplate2Impl11,Nameplate2Impl12,Nameplate2Impl13,Nameplate2Impl14
com.moonsworth.lunar.client.framework.feature.rewind.nameplate.mixin.nameplate	3	0	Nameplate2Impl,Nameplate2Impl2,Nameplate2Impl3
com.moonsworth.lunar.client.framework.feature.rewind.nameplate.mixin.rewindhandlers	2	0	Nameplate2Iterator,Nameplate2Iterator2
com.moonsworth.lunar.client.framework.feature.rewind.rewindhandlers	19	10	Data4,Gui,Gui2Extension,Gui2Extension2,Gui2Extension3,Gui2Extension4
com.moonsworth.lunar.client.framework.feature.rewind.rewindhandlers.chest	2	1	Chest,Chest2
com.moonsworth.lunar.client.framework.feature.rewind.rewindhandlers.click	2	1	Click,Click2
com.moonsworth.lunar.client.framework.feature.rewind.rewindhandlers.colorsaturation	2	1	Colorsaturation,Colorsaturation2
com.moonsworth.lunar.client.framework.feature.rewind.rewindhandlers.coordinates	5	6	Coordinates,Coordinates2,Coordinates3,Coordinates4,Data,Data2
com.moonsworth.lunar.client.framework.feature.rewind.rewindhandlers.fishing	3	1	Gui2Extension,Gui2Extension2,GuiIterator
com.moonsworth.lunar.client.framework.feature.rewind.rewindhandlers.highlight	4	2	Highlight,Highlight2,Highlight2_2,Highlight_2
com.moonsworth.lunar.client.framework.feature.rewind.rewindhandlers.holograms	4	1	Bridge7Iterator,Holograms,Holograms2,Markers3Iterator
com.moonsworth.lunar.client.framework.feature.rewind.rewindhandlers.mixin	4	2	Rewindhandlers,Rewindhandlers2,RewindhandlersImpl,RewindhandlersImpl2
com.moonsworth.lunar.client.framework.feature.rewind.rewindhandlers.nameplate	8	5	Nameplate,Nameplate2,Nameplate2$Data4,Nameplate2_2,Nameplate3,Nameplate4
com.moonsworth.lunar.client.framework.feature.rewind.rewindhandlers.rewindhandlersCore	11	0	RewindHandlers3Handler,RewindHandlers3Impl,RewindHandlers3Impl2,RewindHandlers3Impl3,RewindHandlers3Impl4,RewindHandlers3Impl5
com.moonsworth.lunar.client.framework.feature.rewind.rewindhandlers.rewindhandlersCore.mixin	2	1	Gui2Extension,Gui2Extension2
com.moonsworth.lunar.client.framework.feature.rewind.rewindhandlersNameplate	9	6	Gui2Extension,Gui2Extension2,Gui2Extension3,Nameplate,RewindhandlersNameplate,RewindhandlersNameplate2
com.moonsworth.lunar.client.framework.feature.rewind.rewindhandlersNameplate.mixin	3	1	RewindhandlersNameplate,RewindhandlersNameplateImpl,RewindhandlersNameplateImpl2
com.moonsworth.lunar.client.framework.feature.rewind.rewindhandlersNameplateCore	20	11	Nameplate,RewindhandlersNameplateCore,RewindhandlersNameplateCore2,RewindhandlersNameplateCore3,RewindhandlersNameplateCore4,RewindhandlersNameplateCore4Iterator
com.moonsworth.lunar.client.framework.feature.rewind.rewindhandlersNameplateCore.mixin	15	12	RewindhandlersNameplateCore,RewindhandlersNameplateCoreImpl,RewindhandlersNameplateCoreImpl10,RewindhandlersNameplateCoreImpl11,RewindhandlersNameplateCoreImpl12,RewindhandlersNameplateCoreImpl13
com.moonsworth.lunar.client.framework.feature.saturation	4	4	Data,Data2,Data3,OutlinePoint,OutlineTexture,Saturation
com.moonsworth.lunar.client.framework.feature.screenshot	10	2	ByteArrayInputStreamLoader,Gui2Iterator,ProgressNotification,Screenshot,Screenshot2,ScreenshotCallable
com.moonsworth.lunar.client.framework.feature.scrollabletooltips	4	1	ScrollableTooltipsController,Scrollabletooltips,Scrollabletooltips2,ScrollabletooltipsType
com.moonsworth.lunar.client.framework.feature.scrollabletooltips.mixin	6	2	BasicTooltipScroll,ScaleTooltipScroll,Scrollabletooltips,ScrollabletooltipsHandler,ScrollabletooltipsHandler2,ScrollabletooltipsHandler3
com.moonsworth.lunar.client.framework.feature.snaplook	2	0	Gui2Extension,SnaplookPerspective
com.moonsworth.lunar.client.framework.feature.soundchanger	3	1	Data,SoundChangerEntry,Soundchanger,Soundchanger2
com.moonsworth.lunar.client.framework.feature.teamview	1	0	Data,TeamViewMatcher,Teamview
com.moonsworth.lunar.client.framework.feature.tiertagger	30	6	Data,Gui2Extension,MctiersMetadata,PvphqMetadata,TierApiProvider,TierBadgeFormatter
com.moonsworth.lunar.client.framework.feature.tiertagger.mixin	8	3	Data,Gui2Extension,Gui2Extension2,LightingExtension4952,LightingExtension49522,TierFallbackMode
com.moonsworth.lunar.client.framework.feature.tiertagger.nameplate	3	0	SubtiersMetadata,Tiertagger2Iterator,Tiertagger6Impl
com.moonsworth.lunar.client.framework.feature.tiertagger.rewindhandlers	3	0	Data,Tiertagger2Iterator,Tiertagger6Iterator,TiertestsMetadata
com.moonsworth.lunar.client.framework.feature.titles	3	1	TitleRenderer,Titles,Titles2
com.moonsworth.lunar.client.framework.feature.toggle	2	0	Calculator2Type,ToggleActionType
com.moonsworth.lunar.client.framework.feature.tps	7	1	BedwarsLevelFormats,Data,Gui2Extension,JsonDeserializerIterator,LevelHeadSource,Tps
com.moonsworth.lunar.client.framework.feature.waila	18	7	CosmeticWailaComponent,EntityWailaComponent,ItemWailaComponent,SpacerWailaComponent,StringWailaComponent,TextureWailaComponent
com.moonsworth.lunar.client.framework.feature.waila.mixin	4	1	Waila,Waila2,WailaLayout,WailaRow
com.moonsworth.lunar.client.framework.feature.waypoints	11	3	BadlionWaypointImporter,Data,Gui2Loader,Gui2Loader_2,GuiHandler,GuiHandler2
com.moonsworth.lunar.client.framework.feature.waypoints.mixin	7	1	ColeWeightWaypointImporter,Data,Gui2Loader,Gui2Loader2,SkytilsWaypointImporter,VoxelMapWaypointImporter
com.moonsworth.lunar.client.framework.feature.waypoints.mixin.holograms	1	0	Gui2Loader
com.moonsworth.lunar.client.framework.feature.waypoints.mixin.nameplate	1	0	Gui2Loader
com.moonsworth.lunar.client.framework.feature.waypoints.mixin.rewindhandlers	1	0	Gui2Loader
com.moonsworth.lunar.client.framework.feature.worldeditcui	24	2	BoundedSelection,CuboidSelection,CylinderSelection,EllipsoidSelection,Polygon2dSelection,PolyhedronSelection
com.moonsworth.lunar.client.framework.feature.worldeditcui.mixin	3	0	Worldeditcui,WorldeditcuiHandler,WorldeditcuiIterator
com.moonsworth.lunar.client.framework.holograms	1	0	Serverholograms
com.moonsworth.lunar.client.framework.hud	7	0	HorizontalHudRow,HudRow,HudRowAlignment,HudRowLayout,ItemIconHudRow,SpacerHudRow
com.moonsworth.lunar.client.framework.listener	18	0	BiomeDisplay,BiomeListener,CpsListener,Data,DependencyTracker,DependencyValue
com.moonsworth.lunar.client.framework.listener.mixin	8	0	GuiRewindhandlers,HudTimerTicker,KeybindOptionListener,PlayerCosmeticsSubscription,PlayerStatTracker,ProjectileTracker
com.moonsworth.lunar.client.framework.listener.nameplate	3	0	DynamicListenerEvent,EventSubscription,EventSubscriptionRegistry,ThreadedEvent
com.moonsworth.lunar.client.framework.listener.rewindhandlers	5	0	HypixelLocation,HypixelPartyTracker,LocrawResponse,PartyState,TpsTracker
com.moonsworth.lunar.client.framework.loading	2	0	LoadableResource,LoadingStage
com.moonsworth.lunar.client.framework.mixin	2	0	Highlight3Handler,InitialScreenGuard
com.moonsworth.lunar.client.framework.nameplate	47	11	Alert2Iterator,Alert2Iterator2,CommandCompleter,CommandSuggestionBuilder,CommandSuggestionCollector,CommandSuggestionProvider
com.moonsworth.lunar.client.framework.nameplate.mixin	2	0	Framework11Handler,Nameplate
com.moonsworth.lunar.client.framework.transform	6	0	FunctionProviderFactory,LunarTransformLoader,LwjglRelocationTransform,NewInstanceFactoryTransform,PreMixinTransform,RandomRewriteTransform
com.moonsworth.lunar.client.freelook	1	0	Highlight3Handler
com.moonsworth.lunar.client.glintcolorizer	71	19	Data,Glintcolorizer,Glintcolorizer$Data,Glintcolorizer$Data2,Glintcolorizer2,Glintcolorizer2Base
com.moonsworth.lunar.client.glintcolorizer.highlight	7	2	Data6,Data7,Glintcolorizer2Base,Glintcolorizer2Base2,Glintcolorizer2Base3,Glintcolorizer2Base32
com.moonsworth.lunar.client.glintcolorizer.holograms	3	0	Glintcolorizer2Base,Glintcolorizer2Base2,Glintcolorizer2Base3
com.moonsworth.lunar.client.glintcolorizer.mixin	4	0	Glintcolorizer2Base4,Glintcolorizer2Base42,Glintcolorizer3Iterator,GlintcolorizerException
com.moonsworth.lunar.client.glintcolorizer.nameplate	11	2	Bridge8Extension3,Data,Glintcolorizer2Base4,Glintcolorizer2Base42,Glintcolorizer2Base43,Glintcolorizer2Base44
com.moonsworth.lunar.client.glintcolorizer.nameplate.mixin	6	1	Glintcolorizer2Base,Glintcolorizer2Base2,Glintcolorizer2Impl,Glintcolorizer2Impl2,Glintcolorizer5Iterator,GlintcolorizerExtension3
com.moonsworth.lunar.client.glintcolorizer.rewindhandlers	6	0	Glintcolorizer2Base,Glintcolorizer2Base2,Glintcolorizer2Base3,Glintcolorizer2Impl,Glintcolorizer2Impl2,Glintcolorizer2Iterator
com.moonsworth.lunar.client.gui	4	0	BugReportCategory,CompetitiveDisconnectScreen,EmptyScreen,IllegalStateException
com.moonsworth.lunar.client.gui.blog	2	0	BlogPost,BlogPostDownloadTask
com.moonsworth.lunar.client.gui.external	4	0	ExternalLink,ExternalLinkRegistry,FancyMenuCompat,ModMenuCompat,and,for
com.moonsworth.lunar.client.gui.external.gui	1	0	GuiExternalLink
com.moonsworth.lunar.client.gui.external.highlight	1	0	Data,RecordingExternalLink
com.moonsworth.lunar.client.gui.external.holograms	1	0	HologramExternalLink
com.moonsworth.lunar.client.gui.external.mixin	1	0	MainMenuExternalLink
com.moonsworth.lunar.client.gui.external.rewindhandlers	1	0	TurboExternalLink
com.moonsworth.lunar.client.gui.notification	7	0	AnchorFunction,FriendNotification,FriendNotificationLong,HostedWorldNotification,Notification,NotificationAnchor
com.moonsworth.lunar.client.gui.prompt	7	0	ActivePrompt,BlockedActionPrompt,MaliciousServerPrompt,MaliciousUrlPrompt,OpenUrlPrompt,PromptAction
com.moonsworth.lunar.client.guiRewindhandlers	19	18	Annotation,Annotation2,Annotation3,Data,Data2,Data3
com.moonsworth.lunar.client.guiRewindhandlers.holograms	2	1	GuiRewindhandlers2Extension,GuiRewindhandlers2Extension2
com.moonsworth.lunar.client.guiRewindhandlers.mixin	8	5	GuiRewindhandlers,GuiRewindhandlers2,GuiRewindhandlers3,GuiRewindhandlers4,GuiRewindhandlers5,GuiRewindhandlers6
com.moonsworth.lunar.client.guiRewindhandlers.nameplate	3	3	Data9,Nameplate,Nameplate2,Nameplate3
com.moonsworth.lunar.client.guiRewindhandlers.rewindhandlers	5	4	GuiRewindhandlersHandler2,GuiRewindhandlersHandler22,Rewindhandlers,Rewindhandlers2,Rewindhandlers3
com.moonsworth.lunar.client.heightlimit	2	1	Heightlimit,Heightlimit2
com.moonsworth.lunar.client.highlight	30	33	Data,Data2,Data3,Data4,Data5,Data6
com.moonsworth.lunar.client.highlight.fishing	49	35	Data,Data2,Data3,Data4,Data6,Data7
com.moonsworth.lunar.client.highlight.mixin	10	10	Data,Data2,Data3,HighlightImpl,HighlightImpl2,HighlightImpl3
com.moonsworth.lunar.client.highlight.mixin.fishing	27	35	Data,Data10,Data11,Data3,Data4,Data5
com.moonsworth.lunar.client.highlight.mixin.fishing.mixin	6	5	HighlightImpl,HighlightImpl2,HighlightImpl3,HighlightImpl4,HighlightImpl5,HighlightImpl6
com.moonsworth.lunar.client.highlight.mixin.gui	26	26	Data13,Data14,Data15,Data16,Gui,HighlightBase
com.moonsworth.lunar.client.highlight.mixin.highlight	32	39	Data,Data10,Data11,Data12,Data13,Data14
com.moonsworth.lunar.client.highlight.mixin.holograms	5	4	Data12,HighlightBase,HighlightImpl,HighlightImpl2,HighlightImpl3,HighlightImpl4
com.moonsworth.lunar.client.highlight.mixin.holograms.mixin	1	0	HighlightImpl
com.moonsworth.lunar.client.highlight.mixin.nameplate	5	5	Data,Data4,HighlightImpl,HighlightImpl2,HighlightImpl3,HighlightImpl4
com.moonsworth.lunar.client.highlight.mixin.rewindhandlers	6	5	HighlightImpl,HighlightImpl2,HighlightImpl3,HighlightImpl4,HighlightImpl5,HighlightImpl6
com.moonsworth.lunar.client.hitbox	7	1	Gui2Extension,Hitbox,Hitbox2,Hitbox2Handler,Hitbox2Handler2,Hitbox2Handler3
com.moonsworth.lunar.client.hitcolor	1	0	Data,FogHandler
com.moonsworth.lunar.client.holograms	11	7	Data,Gui2Handler,Holograms,Holograms2,Holograms3,Holograms4
com.moonsworth.lunar.client.horsestats	10	7	Data2,Data3,FogIterator,Horsestats,Horsestats$Data,Horsestats$Data2
com.moonsworth.lunar.client.horsestats.mixin	5	4	Data,Horsestats,Horsestats2,Horsestats3,Horsestats4,Horsestats5
com.moonsworth.lunar.client.inactive	23	12	Data,Inactive,Inactive2,Inactive2_2,Inactive3,Inactive3$Data
com.moonsworth.lunar.client.inactive.gui	3	2	Data2,Gui,GuiHandler,GuiHandler2
com.moonsworth.lunar.client.inactive.mixin	5	2	Data7,FogIterator,Gui2Handler,Gui2Impl,Gui2Impl2,InactiveException
com.moonsworth.lunar.client.inactive.mixin.colorsaturation	3	2	Colorsaturation,Colorsaturation2,Colorsaturation3
com.moonsworth.lunar.client.inactive.mixin.colorsaturation.mixin	2	1	Colorsaturation,Colorsaturation2
com.moonsworth.lunar.client.inactive.mixin.fishing	13	10	Fishing,FishingHandler,FishingHandler2,FishingHandler3,FishingHandler4,FishingHandler42
com.moonsworth.lunar.client.inactive.mixin.gui	6	2	AnimationControllerImpl,AnimationEventImpl,Extension,Gui,Gui2,Gui3
com.moonsworth.lunar.client.inactive.mixin.gui.mixin	6	4	Gui,Gui2,Gui2Impl,Gui2Impl2,Gui2Impl3,Gui3
com.moonsworth.lunar.client.inactive.mixin.highlight	4	3	Data5,EvaluatorIterator,Highlight,Highlight2,Highlight3
com.moonsworth.lunar.client.inactive.mixin.highlight.mixin	7	6	FunctionImpl,FunctionImpl2,FunctionImpl3,FunctionImpl4,FunctionImpl5,FunctionImpl6
com.moonsworth.lunar.client.inactive.mixin.holograms	3	1	Data,Data2,EvaluatorImpl,Holograms,Holograms2Iterator
com.moonsworth.lunar.client.inactive.mixin.holograms.mixin	3	2	Holograms,Holograms2,Holograms3
com.moonsworth.lunar.client.inactive.mixin.nameplate	3	2	Nameplate,Nameplate2,Nameplate3,and
com.moonsworth.lunar.client.inactive.mixin.rewindhandlers.mixin	3	1	DefaultEdgeImpl,Rewindhandlers,Rewindhandlers2
com.moonsworth.lunar.client.inactive.rewindhandlers	24	19	Data,Data2,IBoneSerializer,Rewindhandlers,Rewindhandlers10,Rewindhandlers11
com.moonsworth.lunar.client.inventorymod	5	2	Inventorymod,Inventorymod2,Inventorymod3,InventorymodError,JsonSerializer,and
com.moonsworth.lunar.client.itemcounter	1	3	Data2,Data3,Itemcounter,Type4
com.moonsworth.lunar.client.itemphysics.mixin	3	2	Itemphysics,Itemphysics2,Itemphysics3
com.moonsworth.lunar.client.itemtracker	1	0	TypeAdapter
com.moonsworth.lunar.client.keystrokes	5	2	Highlight3Iterator,Keystrokes,Keystrokes2,Keystrokes3,KeystrokesType
com.moonsworth.lunar.client.killsounds	36	15	Data,Extension,Killsounds,Killsounds10,Killsounds11,Killsounds12
com.moonsworth.lunar.client.killsounds.mixin	7	5	Killsounds,Killsounds2,Killsounds3,Killsounds4,Killsounds5,Killsounds6
com.moonsworth.lunar.client.knockbacktrainer	1	0	KnockbacktrainerThread
com.moonsworth.lunar.client.lighting	81	10	AbstractBooleanOption,AbstractByteOption,AbstractDoubleOption,AbstractFloatOption,AbstractIntegerOption,AbstractKeybindOption
com.moonsworth.lunar.client.lighting.mixin	1	1	LightingExtension44
com.moonsworth.lunar.client.lighting.nameplate	15	5	Alert2Handler,AlertExtension,AlertExtension2,Data,GuiExtension,GuiExtension2
com.moonsworth.lunar.client.lighting.nameplate.mixin	8	5	Nameplate,NameplateHandler,NameplateImpl,NameplateImpl2,NameplateImpl3,NameplateImpl4
com.moonsworth.lunar.client.lighting.rewindhandlers	1	0	RewindhandlersType
com.moonsworth.lunar.client.lightoverlay	18	9	Data,Data2,Lightoverlay,Lightoverlay2,Lightoverlay2Extension,Lightoverlay2Extension2
com.moonsworth.lunar.client.lotusfish	11	0	Data,FunctionProvider,Ichor2Handler,Ichor2Handler2,Ichor2Handler22,Ichor2Impl
com.moonsworth.lunar.client.markers	25	17	Bridge7Handler,BrowserHandler,ClipboardHandler,Data,Data2,Data3
com.moonsworth.lunar.client.markers.gui	6	4	Data,Gui,GuiExtension,GuiExtension2,GuiExtension3,GuiExtension_2
com.moonsworth.lunar.client.markers.holograms	7	3	ColorsaturationExtension,Holograms,Holograms2,Holograms2Impl,HologramsIterator,HologramsIterator2
com.moonsworth.lunar.client.markers.mixin	9	5	Bridge7Handler,Data,Data2,Data3,Highlight3Iterator,Markers
com.moonsworth.lunar.client.markers.mixin.fishing	1	1	Data2,Fishing
com.moonsworth.lunar.client.markers.mixin.gui	7	5	Annotation,Data,Data2,Extension,Gui,Gui2
com.moonsworth.lunar.client.markers.mixin.gui.mixin	33	32	Data,Data2,Gui,Gui10,Gui11,Gui12
com.moonsworth.lunar.client.markers.mixin.gui.mixin.nameplate	5	15	Data10,Data11,Data12,Data2,Data3,Data4
com.moonsworth.lunar.client.markers.mixin.gui.mixin.rewindhandlers	7	8	Data,Data16,Data17,Data2,GuiExtension,GuiExtension2
com.moonsworth.lunar.client.markers.mixin.highlight	2	0	Gui2Handler,Highlight
com.moonsworth.lunar.client.markers.mixin.holograms	6	4	Holograms,Holograms2,Holograms3,Holograms4,Holograms5,HologramsType
com.moonsworth.lunar.client.markers.mixin.holograms.mixin	5	2	Holograms,Holograms2,Holograms2Iterator,HologramsType,HologramsType2
com.moonsworth.lunar.client.markers.mixin.nameplate	2	0	MarkersImpl,NameplateType
com.moonsworth.lunar.client.markers.mixin.rewindhandlers	1	0	Markers3Handler
com.moonsworth.lunar.client.markers.nameplate	2	1	Nameplate,Nameplate2
com.moonsworth.lunar.client.markers.nameplate.mixin	8	7	Nameplate,Nameplate2,Nameplate3,Nameplate4,Nameplate5,Nameplate6
com.moonsworth.lunar.client.markers.rewindhandlers	2	1	Data,MarkersImpl,MarkersImpl2
com.moonsworth.lunar.client.memory	2	0	Memory,MemoryTask
com.moonsworth.lunar.client.mixin	39	11	BlockDoublePlantMixin,Data,DataWatcherMixin,EffectRendererMixin,EntityClientPlayerMPMixin,EntityFXMixin
com.moonsworth.lunar.client.mobsize.mixin	2	0	TessellatorRenderer,WorldRenderer
com.moonsworth.lunar.client.mod.combat	23	0	AttackIndicator,Combo,Cooldowns,DamageTint,Data,HitColor
com.moonsworth.lunar.client.mod.hud	105	2	ActionBar,AudioSubtitles,BaitStack,BedwarsTeamMember,BedwarsTimersHudElement,BedwarsUpgrade
com.moonsworth.lunar.client.mod.misc	172	7	ApolloDebugMod,ArrowFrame,AutoTextActions,AutoTextHotkey,BasicDebugMod,BeaconPitch
com.moonsworth.lunar.client.mod.movement	6	0	Freelook,Momentum,SkyblockSmoothTeleport,Snaplook,ToggleSneak,Zoom
com.moonsworth.lunar.client.mod.player	23	0	Data,HotbarKeyOverlay,InventoryMod,InventorySearch,ItemDropProtection,MumbleLink
com.moonsworth.lunar.client.mod.render	107	7	Armorstatus,ArmorstatusBarsChild,ArmorstatusProtectionChild,BettermapPrimary,BettermapSecondary,BlockOutline
com.moonsworth.lunar.client.mumble	3	0	LinkData,MumbleLink,MumbleVec
com.moonsworth.lunar.client.nameplate	5	4	FogHandler2,Highlight3Iterator,Nameplate,Nameplate2,Nameplate_2,Type2
com.moonsworth.lunar.client.network.apollo	1	0	ApolloPacketUtils,and
com.moonsworth.lunar.client.network.friend	1	0	FriendStatus
com.moonsworth.lunar.client.network.hostedworld	7	0	Data,HostedWorldEntryRenderer,HostedWorldHost,HostedWorldPlayer,HostedWorldRefreshThread,HostedWorldRelay
com.moonsworth.lunar.client.network.ipc	2	0	PendingRequest,RpcChannelImpl,WebSocketClientIterator
com.moonsworth.lunar.client.network.mumble	3	0	LinkData,MumbleLink,MumbleVec
com.moonsworth.lunar.client.network.safety	1	0	MaliciousListFetcher,MaliciousServer,MaliciousUrl,SafetyAction
com.moonsworth.lunar.client.network.server	11	0	MojangBlocklist,PinnedServer,PluginChannelRegistry,PluginMessageHandler,ResolvedServerAddress,ServerAddressPipeline
com.moonsworth.lunar.client.network.transfer	4	0	PingServerCache,PingServerData,TransferHandler,TransferSrvResolver
com.moonsworth.lunar.client.network.websocket	5	0	AssetServerClient,ConnectionState,Data,ReconnectBackoff,WebSocketClientHandler,WebSocketRpcChannel
com.moonsworth.lunar.client.pkg	6	6	Data3,Pkg,Pkg2,Pkg3,Pkg4,Pkg5
com.moonsworth.lunar.client.profile	5	0	HudPosition,ModProfile,ModProfileManager,ProfileColor,ProfileData
com.moonsworth.lunar.client.profile.importer	10	0	BadlionProfileConfig,BadlionProfileConverter,BadlionProfileImporter,CanvasCrosshair,ConvertedProfile,Data
com.moonsworth.lunar.client.render	19	0	ByteBufferCache,DeferredDraw,EntityRenderLayer,FloatArrayBuilder,GlProgramCache,GpuResourceTracker
com.moonsworth.lunar.client.render.color	6	0	AnimatedColor,AnimatedColorImpl,ColorAnimation,ColorMutator,MutableColor,SolidColor
com.moonsworth.lunar.client.render.font	3	0	CacheKey,CachedTextMesh,TextRenderCache,TextRenderPass
com.moonsworth.lunar.client.render.particle	71	0	Abs,AngleMath,BedrockComponentAppearanceBillboard,BedrockComponentAppearanceLighting,BedrockComponentAppearanceTinting,BedrockComponentBase
com.moonsworth.lunar.client.render.particle.highlight	7	0	BedrockComponentShapeBase,BedrockComponentShapeBox,BedrockComponentShapeDisc,BedrockComponentShapeEntityAABB,BedrockComponentShapePoint,BedrockComponentShapeSphere
com.moonsworth.lunar.client.render.particle.holograms	3	0	BedrockComponentRate,BedrockComponentRateInstant,BedrockComponentRateSteady
com.moonsworth.lunar.client.render.particle.mixin	4	0	CosDegrees,MolangException,MolangParser,SinDegrees
com.moonsworth.lunar.client.render.particle.nameplate	11	0	BedrockComponentInitialization,BedrockComponentLocalSpace,BlockbusterParticleDeserializer,GifFrame,GifTexture,HermiteBlend
com.moonsworth.lunar.client.render.particle.nameplate.mixin	5	0	NameplateBillboardComponent,NameplateCollisionAppearanceComponent,NameplateCollisionTintingComponent,NameplateGlintRenderer,NameplateTintingComponent
com.moonsworth.lunar.client.render.particle.rewindhandlers	6	0	BedrockComponentInitialSpeed,BedrockComponentInitialSpin,BedrockComponentMotion,BedrockComponentMotionCollision,BedrockComponentMotionDynamic,BedrockComponentMotionParametric
com.moonsworth.lunar.client.render.shader	5	0	ShaderDefinition,ShaderPackHelper,ShaderPass,ShaderStateHelper,ShaderUniformUpdater
com.moonsworth.lunar.client.render.texture	6	0	AnimatedTexture,BaseTexture,ClickImpl,PersistentTexture,PersistentTextureImpl,TextureProcessor
com.moonsworth.lunar.client.replay	26	0	AudioSegment,BooleanProperty,ColorProperty,ColorValue,EffectSegment,GameplaySegment
com.moonsworth.lunar.client.replay.fishing	4	0	NumberInterpolator,RewindSettingKeys,Sliceable,UuidProvider
com.moonsworth.lunar.client.replay.gui	18	0	AlertImpl,AngleUtils,AudioSampleFormat,ByteBufLoader,EntityPositionApplier,GameplayTrack
com.moonsworth.lunar.client.replay.highlight	11	0	HashMapImpl,HighlightAdapter,LinkedHashMapImpl,MediaPool,MediaPoolAdapter,PropertyMapAdapter
com.moonsworth.lunar.client.replay.highlight.nameplate	7	0	HighlightTreeMap,LinkedHashMapImpl,LinkedHashSetImpl,TransactionalSet,TreeMapImpl,UndoRedoBatch
com.moonsworth.lunar.client.replay.holograms	4	0	EntityOverrideRegistry,SegmentRegistry,TimelineElementRegistry,TrackRegistry
com.moonsworth.lunar.client.replay.mixin	4	0	InputStreamLoader,RewindFileCache,RewindFileReader,RewindThread
com.moonsworth.lunar.client.replay.mixin.nameplate	2	0	EndOfCentralDirectory,SeekableByteChannelLoader,Zip64EndOfCentralDirectory,Zip64ExtraField,ZipEntryLocation,ZipEntryLocator
com.moonsworth.lunar.client.replay.nameplate	26	0	AnimatedPropertyGroup,BeamPacket,ButtonStatePacket,ClickHandlerPacket,DisconnectMode,DisconnectPacket
com.moonsworth.lunar.client.replay.nameplate.mixin	2	0	HypixelLocationPacket,LocationPacket
com.moonsworth.lunar.client.replay.nameplate.mixin.colorsaturation	1	0	TickMarkerPacket
com.moonsworth.lunar.client.replay.nameplate.mixin.fishing	4	0	ResetLevelPacket,SnapshotEndPacket,SnapshotLoadPacket,SnapshotStartPacket
com.moonsworth.lunar.client.replay.nameplate.mixin.gui	6	0	CloseScreenPacket,CursorPositionPacket,MouseInputPacket,OpenChatPacket,OpenInventoryPacket,ScreenAlignmentPacket
com.moonsworth.lunar.client.replay.nameplate.mixin.highlight	1	0	NoOpPacket
com.moonsworth.lunar.client.replay.nameplate.mixin.holograms	17	0	AttackPacket,AttackStrengthPacket,DropItemPacket,HeldItemPacket,ItemSwapPacket,LookPacket
com.moonsworth.lunar.client.replay.nameplate.mixin.nameplate	3	0	MessageSignaturePacket,RawNetworkPacket,SetPausedPacket
com.moonsworth.lunar.client.replay.nameplate.mixin.rewindhandlers	2	0	ClientPackPacket,ServerPackPacket
com.moonsworth.lunar.client.replay.rewindhandlers	18	0	AudioSampleRate,AudioStream,AudioStreamAdapter,BitrateMode,EffectsJsApi,EffectsPanel
com.moonsworth.lunar.client.replay.rewindhandlers.chest	2	0	RewindTimelineBridge,RewindTimelinePanel
com.moonsworth.lunar.client.replay.rewindhandlers.click	2	0	RewindTimelinesListBridge,RewindTimelinesListPanel
com.moonsworth.lunar.client.replay.rewindhandlers.colorsaturation	2	0	RewindPropertiesBridge,RewindPropertiesPanel
com.moonsworth.lunar.client.replay.rewindhandlers.coordinates	5	0	ExportSettingsSection,KeyframeMove,KeyframeTarget,LayerMove,PendingKeyframeMove,RewindEditorContext
com.moonsworth.lunar.client.replay.rewindhandlers.fishing	3	0	CreateProjectBridge,VideoOrientation,VideoResolution
com.moonsworth.lunar.client.replay.rewindhandlers.highlight	4	0	MediaExporter,MediaExporterJsApi,MusicTrack,MusicTrackManager
com.moonsworth.lunar.client.replay.rewindhandlers.holograms	4	0	PlaybackStateProvider,ReplayViewContext,RewindEditorBridge,RewindLoadingScreen
com.moonsworth.lunar.client.replay.rewindhandlers.mixin	4	0	AudioWaveformRenderer,CameraRewindHandler,RewindCameraController,RewindhandlersImpl
com.moonsworth.lunar.client.replay.rewindhandlers.nameplate	8	0	EntityContextMenu,GuiScreenContext,LayerPropertiesContext,LocalPlayerContext,ReplayContext,RewindInteractionJsApi
com.moonsworth.lunar.client.replay.rewindhandlers.rewindhandlersCore	11	0	CameraUpdateHandler,EntityOverrideRenderer,ExportTargetHandler,HudVisibilityHandler,ReplayDriverHandler,ReplaySoundHandler
com.moonsworth.lunar.client.replay.rewindhandlers.rewindhandlersCore.mixin	2	0	CameraFollowMode,CameraMode
com.moonsworth.lunar.client.replay.rewindhandlersNameplate	9	0	EncoderProbe,FFmpegDownloader,FFmpegRenderer,LoopbackAudioRecorder,RewindhandlersNameplate,VideoCodec
com.moonsworth.lunar.client.replay.rewindhandlersNameplate.mixin	3	0	PersistentPixelBufferPool,RewindhandlersNameplate,RewindhandlersNameplateImpl
com.moonsworth.lunar.client.replay.rewindhandlersNameplateCore	15	0	ApolloSettingsCapture,AudioSampleConverter,AudioTrack,ClientboundPacketEventFactory,EntityStateCapture,PlayerListCapture
com.moonsworth.lunar.client.replay.rewindhandlersNameplateCore.mixin	15	0	CosmeticsRecorder,GuiStateRecorder,HudStateRecorder,KeybindRecorder,KeyframeRecorder,LocationRecorder
com.moonsworth.lunar.client.rewindhandlers	3	2	Rewindhandlers,Rewindhandlers2,Rewindhandlers3,and
com.moonsworth.lunar.client.tps	4	0	Data,FogIterator,Tps,TpsException,TpsType
com.moonsworth.lunar.client.translation	8	0	CachedReplacement,ClientLanguage,ConstantReplacement,Data,SharedTranslations,StringArrayReplacement
com.moonsworth.lunar.client.util	267	153	AbstractQueueImpl,AbstractSpec,Annotation,Annotation2,Annotation3,Annotation4
com.moonsworth.lunar.client.util.alert	10	8	Alert,Alert2,Alert3,Alert4,Alert5,Alert5Extension
com.moonsworth.lunar.client.util.chest	6	3	Chest,Chest2,Data,Data2,Extension,SBase
com.moonsworth.lunar.client.util.chest.mixin	4	2	Chest,ChestHandler,ChestHandler2,ChestHandler3
com.moonsworth.lunar.client.util.click	16	14	BridgeExtension2,BridgeExtension3,Click,Click10,Click11,Click12
com.moonsworth.lunar.client.util.collection	9	0	CachedValuesMap,CopyOnWriteIfNeededArrayList,ElementAdder,ImmutableListView,ImmutableListViewImpl,LazyListBuilder
com.moonsworth.lunar.client.util.colorsaturation	4	1	Colorsaturation,Colorsaturation2,ColorsaturationHandler,ColorsaturationTask
com.moonsworth.lunar.client.util.gui	5	3	Gui,ListExtension,ListExtension2,ListExtension22,ListExtension3
com.moonsworth.lunar.client.util.highlight	3	0	CloseableImpl,FilenameFilter,Highlight,and
com.moonsworth.lunar.client.util.holograms	1	0	MapImpl
com.moonsworth.lunar.client.util.lotusfish	1	0	AudioFileReader
com.moonsworth.lunar.client.util.lotusfish.mixin	4	2	Lotusfish,Lotusfish2,Lotusfish3,LotusfishException
com.moonsworth.lunar.client.util.memory	2	0	Memory,MemoryTask
com.moonsworth.lunar.client.util.mixin	3	3	Data2,MixinHelper,MixinHelper2,MixinHelper22
com.moonsworth.lunar.client.util.nameplate	1	2	Data10,Data11,Nameplate
com.moonsworth.lunar.client.util.performance	2	0	Data,GcMonitor,PerfSnapshotRecorder
com.moonsworth.lunar.client.util.raytrace	9	0	BlockRaycastContext,CosmeticRaycastContext,Data,DynamicRay,EntityRaycastContext,Extension
com.moonsworth.lunar.client.util.rewindhandlers	7	4	Gui2Extension,Rewindhandlers,RewindhandlersExtension,RewindhandlersExtension2,RewindhandlersExtension3,RewindhandlersExtension32
com.moonsworth.lunar.client.waypoints	2	1	Data2,RpcChannelImpl,WebSocketClientIterator
com.moonsworth.lunar.config	4	2	Config,Config2,ConfigType,Data,Data2,MinecraftVersionOrdinal
com.moonsworth.lunar.files	55	13	ArtifactData,BinaryMappingsFormat,BinaryMappingsReader,BinaryMappingsWriter,ClassInfoImpl,ClasspathMappingProvider
com.moonsworth.lunar.files.mixin	8	3	AssetIndex,Data,DownloadInfo,Files,Files2,Files3
com.moonsworth.lunar.forge	30	4	AlwaysAvailableInputStream,ClassPatch,ClassPatchHook,ClassPatchRegistry,Data2,Data3
com.moonsworth.lunar.forge.lib	508	420	AttributeLoader,Bootstrap,Bootstrap_2,ChecksumUpdater,ChecksumUpdater_2,ClassReader
com.moonsworth.lunar.forge.lib.guava.annotations	4	0	Beta,GwtCompatible,GwtIncompatible,VisibleForTesting
com.moonsworth.lunar.forge.lib.guava.base	46	1	Absent,AbstractIterator,And,AndPredicate,Any,AnyOf
com.moonsworth.lunar.forge.lib.guava.base.internal	1	0	Finalizer
com.moonsworth.lunar.forge.lib.guava.cache	22	1	AbstractCache,AbstractCacheSet,AbstractLoadingCache,AbstractReferenceEntry,AccessDurationParser,AccessQueue
com.moonsworth.lunar.forge.lib.guava.collect	222	1	AboveAll,AboveValue,AbstractBiMap,AbstractCell,AbstractEntry,AbstractFilteredMap
com.moonsworth.lunar.forge.lib.guava.escape	10	0	ArrayBasedCharEscaper,ArrayBasedEscaperMap,ArrayBasedUnicodeEscaper,Builder,CharArrayDecorator,CharEscaper
com.moonsworth.lunar.forge.lib.guava.eventbus	11	0	AllowConcurrentEvents,AsyncEventBus,DeadEvent,Dispatcher,Event,EventBus
com.moonsworth.lunar.forge.lib.guava.graph	50	0	AbstractBaseGraph,AbstractDirectedNetworkConnections,AbstractGraph,AbstractGraphBuilder,AbstractNetwork,AbstractUndirectedNetworkConnections
com.moonsworth.lunar.forge.lib.guava.hash	32	2	AbstractByteHasher,AbstractCompositeHashFunction,AbstractHashFunction,AbstractHasher,AbstractNonStreamingHashFunction,AbstractStreamingHasher
com.moonsworth.lunar.forge.lib.guava.html	2	0	HtmlEscapers
com.moonsworth.lunar.forge.lib.guava.io	34	0	Alphabet,AppendableWriter,AsByteSource,AsCharSink,AsCharSource,Base16Encoding
com.moonsworth.lunar.forge.lib.guava.math	13	0	BigIntegerMath,DoubleMath,DoubleUtils,IntMath,LinearTransformation,LinearTransformationBuilder
com.moonsworth.lunar.forge.lib.guava.net	9	0	HostAndPort,HostSpecifier,HttpHeaders,InetAddresses,InternetDomainName,MediaType
com.moonsworth.lunar.forge.lib.guava.primitives	25	0	AsList,AsciiDigits,BooleanArrayAsList,BooleanComparator,Booleans,Builder
com.moonsworth.lunar.forge.lib.guava.reflect	16	0	AbstractInvocationHandler,Bounds,Builder,ClassInfo,ClassOwnership,ClassPath
com.moonsworth.lunar.forge.lib.guava.util.concurrent	76	0	AbstractCatchingFuture,AbstractExecutionThreadService,AbstractFuture,AbstractIdleService,AbstractListeningExecutorService,AbstractScheduledService
com.moonsworth.lunar.forge.lib.guava.util.concurrent.internal	2	0	InternalFutureFailureAccess,InternalFutures
com.moonsworth.lunar.forge.lib.guava.xml	2	0	XmlEscapers
com.moonsworth.lunar.forge.lib.mixin	17	15	Bootstrap,Bootstrap2,Bootstrap3,CloseableExtension,CloseableExtension2,CloseableExtension3
com.moonsworth.lunar.forge.mixin	45	13	ASMClassLoaderMixin,ASMClassLoaderMixin2,ChunkProviderServerMixin,EnumHelperMixin,EventBus,EventBusMixin
com.moonsworth.lunar.framework	5	1	Data2,FrameworkType,Ichor5Handler,Ichor6Impl,MappingNamespace,OptifineMixinHandler
com.moonsworth.lunar.framework.mixin	4	0	Data,Ichor2Handler,Ichor2Iterator,Ichor2Iterator2,NotchResourceTransformer
com.moonsworth.lunar.genesis	1750	858	Absent,AbstractBaseGraph,AbstractBiMap$Inverse,AbstractByteHasher,AbstractCache,AbstractCache$StatsCounter
com.moonsworth.lunar.genesis.mixin	3	1	MixinHelper,MixinHelper2,MixinHelperType,corresponding
com.moonsworth.lunar.ichor	184	60	AccessWideningHook,Annotation,Annotation10,Annotation11,Annotation12,Annotation13
com.moonsworth.lunar.ichor.api	5	2	IchorAPI,IchorAPI2,IchorAPI3,IchorClassLoader,IchorExclusionFilter
com.moonsworth.lunar.ichor.mixin	19	10	ArrayElementSignature,ArrayTypeSignature,ClassSignature,ClassTypeSignature,Data,Data2
com.moonsworth.lunar.ichor.util	51	16	Annotation,Annotation2,Annotation3,Annotation4,AnnotationUtils,AsmUtils
com.moonsworth.lunar.icon	1	0	Icon
com.moonsworth.lunar.icon.mixin	2	0	Bridge2Handler,Bridge3Handler
com.moonsworth.lunar.legacy	38	9	Bridge2Handler,Bridge3Handler,BufferedImageTexture,ClickIterator,ConnectingScreenLock,Data
com.moonsworth.lunar.legacy.mixin	543	100	ALC10Mixin,ALMixin,AbstractClientPlayerCapeMixin,AbstractClientPlayerMixin,AbstractClientPlayerMixin2,AbstractClientPlayerMixin3
com.moonsworth.lunar.legacy.optifine.wrapper	11	0	ConnectedTexturesBridgeImpl,CustomColorsBridgeImpl,CustomItemsBridgeImpl,IImageBufferLoader,ShadersBridgeImpl,Slayer3Handler
com.moonsworth.lunar.legacy.wrapper	180	78	AbstractTextureImpl,AlcBridgeImpl,AncientDummyPlayer,AudioStreamCache,BakedQuadBuilder,BakedQuadFace
com.moonsworth.lunar.legacy.wrapper.mixin	4	0	Bridge2Handler,Bridge5Handler,JsonToNbtBridgeImpl,NbtIoBridgeImpl
com.moonsworth.lunar.legacy.wrapper.util	18	3	BlockPathEvaluator,BlockStateBridgeV1_7,Bridge2Handler,Bridge3Extension2,ChatComponentFactoryBridgeImpl,EmissiveMetadataSection
com.moonsworth.lunar.loader	10	0	AdventureDependency,FabricLoaderDependency,Ichor2Iterator,Ichor4Type,Ichor4Type2,Ichor6Impl
com.moonsworth.lunar.loader.mixin	6	0	ConfigRegistrationTask,Data,Ichor5Loader,MixinConfigLoader,MixinHelper,MixinInternal3Handler
com.moonsworth.lunar.mixin	7	0	ChannelInitializerImpl,DummyPlayerFactoryV1_7,EntityClientPlayerMPImpl,LegacyImpl,MultiBridgeV1_7,NetworkChannelInitializer
com.moonsworth.lunar.mixin.mixin	20	3	BiomeGenBaseBridgeMixin,BiomeGenBaseMixin,BiomeGenBaseMixin2,ChunkBiomeMixin,ChunkMixin,ChunkMixin2
com.moonsworth.lunar.network	89	33	AbstractOpenApiSchema,AnalyticsBatchEntry,AnalyticsEnvironment,AnalyticsEvent,BaseGameEvent,BaseGameEventGeoLocation
com.moonsworth.lunar.network.mixin	33	17	ApiCallback,ApiClient,ApiException,ApiKeyAuth,ApiResponse,Authentication
com.moonsworth.lunar.replaymod.forge	3	0	Ichor5Loader,Ichor5Loader2,Ichor6Impl,ReplayModMixinHandler
com.moonsworth.lunar.replaymod.forge.ichor	1	0	Ichor2Handler2
com.moonsworth.lunar.replaymod.forge.v1_12.mixin	7	2	ConnectionEventHandlerAccessor,EventRegistrationsHandler,MixinHelper,MixinHelper2,MixinHelper3,PacketListenerAccessor
com.moonsworth.lunar.replaymod.forge.v1_8.mixin	7	2	ConnectionEventHandlerV1_8Accessor,EventRegistrationsHandler,MixinHelper,MixinHelper2,MixinHelper3,PacketListenerV1_8Accessor
com.moonsworth.lunar.replaymod.mixin	125	43	AbstractGuiButtonMixin,AbstractGuiButtonMixin2,AbstractGuiButtonV1_8Mixin,AbstractGuiDropdownMenuEntryV1_8Mixin,AbstractGuiDropdownMenuMixin,AbstractGuiDropdownMenuMixin2
com.moonsworth.lunar.v1_12.mixin	12	0	C00HandshakeMixin,ClientBrandRetrieverMixin,FMLClientHandlerMixin,ForgeHooksClientMixin,GuiIngameForgeMixin,GuiScreenMixin
com.moonsworth.lunar.v1_7.mixin	13	0	AbstractTextureMixin,ConfigMixin,ConnectedPropertiesMixin,CustomColorizerMixin,CustomSkyLayerMixin,CustomSkyMixin
com.moonsworth.lunar.v1_7.optifine.wrapper	6	0	Slayer3Handler,Slayer6Renderer,Slayer6Renderer2,Slayer6Renderer22,Slayer7Handler,Slayer7Impl
com.moonsworth.lunar.v1_8.mixin	22	0	C00HandshakeMixin,ClientBrandRetrieverMixin,ClientCommandHandlerMixin,FMLClientHandlerMixin,ForgeHooksClientMixin,GuiEditSignMixin
com.moonsworth.lunar.v1_8.optifine.wrapper	8	2	CustomItemsWrapper,Slayer3Handler,Slayer3Impl,Slayer3Impl2,Slayer3Impl22,Wrapper
