com/moonsworth/lunar/client/menublur/mixin/mixin/mixin/mixin/GuiButtonRecipeMixin	com/moonsworth/lunar/client/mixin/GuiButtonRecipeMixin
com/moonsworth/lunar/client/menublur/mixin/mixin/mixin/mixin/GuiRecipeBookMixin	com/moonsworth/lunar/client/mixin/GuiRecipeBookMixin
com/moonsworth/lunar/client/menublur/mixin/mixin/mixin/mixin2/GuiCraftingMixin	com/moonsworth/lunar/client/mixin/GuiCraftingMixin
com/moonsworth/lunar/client/menublur/mixin/mixin/mixin/mixin2/GuiInventoryMixin	com/moonsworth/lunar/client/mixin/GuiInventoryMixin
com/moonsworth/lunar/client/menublur/mixin/mixin/mixin/mixin3/GuiSubtitleOverlayMixin	com/moonsworth/lunar/client/mixin/GuiSubtitleOverlayMixin
com/moonsworth/lunar/client/menublur/mixin/mixin/mixin2/EntityRendererMixin	com/moonsworth/lunar/client/mixin/EntityRendererMixin
com/moonsworth/lunar/client/menublur/mixin/mixin/mixin2/mixin/TextureMapMixin	com/moonsworth/lunar/client/mixin/TextureMapMixin
com/moonsworth/lunar/client/menublur/mixin/mixin/mixin3/KeyBindingMixin	com/moonsworth/lunar/client/mixin/KeyBindingMixin
com/moonsworth/lunar/client/minimap/mixin/mixin/mixin/EntityRendererMixin	com/moonsworth/lunar/client/mixin/EntityRendererMixin2
com/moonsworth/lunar/client/minimap/mixin/mixin/mixin/RenderBlocksMixin	com/moonsworth/lunar/client/mixin/RenderBlocksMixin
com/moonsworth/lunar/client/minimap/mixin/mixin/mixin/RenderGlobalMixin	com/moonsworth/lunar/client/mixin/RenderGlobalMixin
com/moonsworth/lunar/client/minimap/mixin/mixin/mixin/mixin/TextureMapMixin	com/moonsworth/lunar/client/mixin/TextureMapMixin2
com/moonsworth/lunar/client/minimap/mixin/mixin/mixin2/OldServerPingerMixin	com/moonsworth/lunar/client/mixin/OldServerPingerMixin
com/moonsworth/lunar/client/minimap/mixin/mixin/mixin3/EntityClientPlayerMPMixin	com/moonsworth/lunar/client/mixin/EntityClientPlayerMPMixin
com/moonsworth/lunar/client/minimap/mixin/mixin/mixin4/EntityFXMixin	com/moonsworth/lunar/client/mixin/EntityFXMixin
com/moonsworth/lunar/client/minimap/mixin/mixin/mixin5/MapCoordMixin	com/moonsworth/lunar/client/mixin/MapCoordMixin
com/moonsworth/lunar/client/minimap/mixin/mixin/mixin6/ResourcePackRepositoryMixin	com/moonsworth/lunar/client/mixin/ResourcePackRepositoryMixin
com/moonsworth/lunar/client/minimap/mixin/mixin2/mixin/mixin/BlockDoublePlantMixin	com/moonsworth/lunar/client/mixin/BlockDoublePlantMixin
com/moonsworth/lunar/client/mobsize/mixin/mixin/mixin/EntityRendererMixin	com/moonsworth/lunar/client/mixin/EntityRendererMixin3
com/moonsworth/lunar/client/mobsize/mixin/mixin/mixin/RegionRenderCacheMixin	com/moonsworth/lunar/client/mixin/RegionRenderCacheMixin
com/moonsworth/lunar/client/mobsize/mixin/mixin/mixin/mixin/TextureMapMixin	com/moonsworth/lunar/client/mixin/TextureMapMixin3
com/moonsworth/lunar/client/mobsize/mixin/mixin/mixin2/EffectRendererMixin	com/moonsworth/lunar/client/mixin/EffectRendererMixin
com/moonsworth/lunar/client/mobsize/mixin/mixin/mixin2/EntityFXMixin	com/moonsworth/lunar/client/mixin/EntityFXMixin2
com/moonsworth/lunar/client/mobsize/mixin/mixin2/DataWatcherMixin	com/moonsworth/lunar/client/mixin/DataWatcherMixin
com/moonsworth/lunar/forge/mixin/mixin/ASMClassLoaderMixin	com/moonsworth/lunar/forge/mixin/ASMClassLoaderMixin
com/moonsworth/lunar/forge/mixin/mixin/ChunkProviderServerMixin	com/moonsworth/lunar/forge/mixin/ChunkProviderServerMixin
com/moonsworth/lunar/forge/mixin/mixin/EventBusMixin	com/moonsworth/lunar/forge/mixin/EventBusMixin
com/moonsworth/lunar/forge/mixin/mixin/EventBusMixin2	com/moonsworth/lunar/forge/mixin/EventBusMixin2
com/moonsworth/lunar/forge/mixin/mixin/FMLClientHandlerMixin	com/moonsworth/lunar/forge/mixin/FMLClientHandlerMixin
com/moonsworth/lunar/forge/mixin/mixin/FMLCommonHandlerMixin	com/moonsworth/lunar/forge/mixin/FMLCommonHandlerMixin
com/moonsworth/lunar/forge/mixin/mixin/FMLNetworkHandlerMixin	com/moonsworth/lunar/forge/mixin/FMLNetworkHandlerMixin
com/moonsworth/lunar/forge/mixin/mixin/FMLRelaunchLogMixin	com/moonsworth/lunar/forge/mixin/FMLRelaunchLogMixin
com/moonsworth/lunar/forge/mixin/mixin/FMLSanityCheckerMixin	com/moonsworth/lunar/forge/mixin/FMLSanityCheckerMixin
com/moonsworth/lunar/forge/mixin/mixin/ForgeEventFactoryMixin	com/moonsworth/lunar/forge/mixin/ForgeEventFactoryMixin
com/moonsworth/lunar/forge/mixin/mixin/ForgeVersionMixin	com/moonsworth/lunar/forge/mixin/ForgeVersionMixin
com/moonsworth/lunar/forge/mixin/mixin/LoadControllerMixin	com/moonsworth/lunar/forge/mixin/LoadControllerMixin
com/moonsworth/lunar/forge/mixin/mixin/LoaderMixin	com/moonsworth/lunar/forge/mixin/LoaderMixin
com/moonsworth/lunar/forge/mixin/mixin/LoggingSubscriberExceptionHandlerMixin	com/moonsworth/lunar/forge/mixin/LoggingSubscriberExceptionHandlerMixin
com/moonsworth/lunar/forge/mixin/mixin/ModDiscovererMixin	com/moonsworth/lunar/forge/mixin/ModDiscovererMixin
com/moonsworth/lunar/forge/mixin/mixin/ModelLoaderMixin	com/moonsworth/lunar/forge/mixin/ModelLoaderMixin
com/moonsworth/lunar/forge/mixin/mixin/ObjectHolderRefMixin	com/moonsworth/lunar/forge/mixin/ObjectHolderRefMixin
com/moonsworth/lunar/forge/mixin/mixin/SplashProgressMixin	com/moonsworth/lunar/forge/mixin/SplashProgressMixin
com/moonsworth/lunar/forge/mixin2/mixin/ASMClassLoaderMixin	com/moonsworth/lunar/forge/mixin/ASMClassLoaderMixin2
com/moonsworth/lunar/forge/mixin2/mixin/EnumHelperMixin	com/moonsworth/lunar/forge/mixin/EnumHelperMixin
com/moonsworth/lunar/forge/mixin2/mixin/EventBusMixin	com/moonsworth/lunar/forge/mixin/EventBusMixin3
com/moonsworth/lunar/forge/mixin2/mixin/EventBusMixin2	com/moonsworth/lunar/forge/mixin/EventBusMixin22
com/moonsworth/lunar/forge/mixin2/mixin/FMLCommonHandlerMixin	com/moonsworth/lunar/forge/mixin/FMLCommonHandlerMixin2
com/moonsworth/lunar/forge/mixin2/mixin/FMLNetworkHandlerMixin	com/moonsworth/lunar/forge/mixin/FMLNetworkHandlerMixin2
com/moonsworth/lunar/forge/mixin2/mixin/FMLSanityCheckerMixin	com/moonsworth/lunar/forge/mixin/FMLSanityCheckerMixin2
com/moonsworth/lunar/forge/mixin2/mixin/ForgeEventFactoryMixin	com/moonsworth/lunar/forge/mixin/ForgeEventFactoryMixin2
com/moonsworth/lunar/forge/mixin2/mixin/ForgeHooksMixin	com/moonsworth/lunar/forge/mixin/ForgeHooksMixin
com/moonsworth/lunar/forge/mixin2/mixin/ForgeVersionMixin	com/moonsworth/lunar/forge/mixin/ForgeVersionMixin2
com/moonsworth/lunar/forge/mixin2/mixin/LoaderMixin	com/moonsworth/lunar/forge/mixin/LoaderMixin2
com/moonsworth/lunar/forge/mixin2/mixin/ModDiscovererMixin	com/moonsworth/lunar/forge/mixin/ModDiscovererMixin2
com/moonsworth/lunar/forge/mixin2/mixin/ModelLoaderMixin	com/moonsworth/lunar/forge/mixin/ModelLoaderMixin2
com/moonsworth/lunar/forge/mixin2/mixin/SplashProgressMixin	com/moonsworth/lunar/forge/mixin/SplashProgressMixin2
com/moonsworth/lunar/legacy/mixin/mixin/MinecraftMixin	com/moonsworth/lunar/legacy/mixin/MinecraftMixin
com/moonsworth/lunar/legacy/mixin/mixin/TimerMixin	com/moonsworth/lunar/legacy/mixin/TimerMixin
com/moonsworth/lunar/legacy/mixin/mixin/mixin/ContainerLocalRenderInformationMixin	com/moonsworth/lunar/legacy/mixin/ContainerLocalRenderInformationMixin
com/moonsworth/lunar/legacy/mixin/mixin/mixin/EntityRendererMixin	com/moonsworth/lunar/legacy/mixin/EntityRendererMixin
com/moonsworth/lunar/legacy/mixin/mixin/mixin/GlStateManagerMixin	com/moonsworth/lunar/legacy/mixin/GlStateManagerMixin
com/moonsworth/lunar/legacy/mixin/mixin/mixin/ItemModelMesherMixin	com/moonsworth/lunar/legacy/mixin/ItemModelMesherMixin
com/moonsworth/lunar/legacy/mixin/mixin/mixin/RenderChunkMixin	com/moonsworth/lunar/legacy/mixin/RenderChunkMixin
com/moonsworth/lunar/legacy/mixin/mixin/mixin/RenderGlobalMixin	com/moonsworth/lunar/legacy/mixin/RenderGlobalMixin
com/moonsworth/lunar/legacy/mixin/mixin/mixin/TessellatorMixin	com/moonsworth/lunar/legacy/mixin/TessellatorMixin
com/moonsworth/lunar/legacy/mixin/mixin/mixin/ThreadDownloadImageDataMixin	com/moonsworth/lunar/legacy/mixin/ThreadDownloadImageDataMixin
com/moonsworth/lunar/legacy/mixin/mixin/mixin/WorldRendererMixin	com/moonsworth/lunar/legacy/mixin/WorldRendererMixin
com/moonsworth/lunar/legacy/mixin/mixin/mixin/mixin/mixin/ItemCameraTransformsMixin	com/moonsworth/lunar/legacy/mixin/ItemCameraTransformsMixin
com/moonsworth/lunar/legacy/mixin/mixin/mixin/mixin/mixin/ModelBakeryMixin	com/moonsworth/lunar/legacy/mixin/ModelBakeryMixin
com/moonsworth/lunar/legacy/mixin/mixin/mixin/mixin/mixin/ModelBlockMixin	com/moonsworth/lunar/legacy/mixin/ModelBlockMixin
com/moonsworth/lunar/legacy/mixin/mixin/mixin/mixin2/EntityGuardianMixin	com/moonsworth/lunar/legacy/mixin/EntityGuardianMixin
com/moonsworth/lunar/legacy/mixin/mixin/mixin/mixin2/ItemRendererMixin	com/moonsworth/lunar/legacy/mixin/ItemRendererMixin
com/moonsworth/lunar/legacy/mixin/mixin/mixin/mixin2/RenderItemMixin	com/moonsworth/lunar/legacy/mixin/RenderItemMixin
com/moonsworth/lunar/legacy/mixin/mixin/mixin/mixin2/RenderManagerMixin	com/moonsworth/lunar/legacy/mixin/RenderManagerMixin
com/moonsworth/lunar/legacy/mixin/mixin/mixin/mixin2/RenderPlayerMixin	com/moonsworth/lunar/legacy/mixin/RenderPlayerMixin
com/moonsworth/lunar/legacy/mixin/mixin/mixin/mixin2/RenderPlayer_v1_7Mixin	com/moonsworth/lunar/legacy/mixin/RenderPlayer_v1_7Mixin
com/moonsworth/lunar/legacy/mixin/mixin/mixin/mixin2/RenderPlayer_v1_7Mixin2	com/moonsworth/lunar/legacy/mixin/RenderPlayer_v1_7Mixin2
com/moonsworth/lunar/legacy/mixin/mixin/mixin/mixin2/RendererLivingEntityMixin	com/moonsworth/lunar/legacy/mixin/RendererLivingEntityMixin
com/moonsworth/lunar/legacy/mixin/mixin/mixin/mixin2/TileEntityBeaconRendererMixin	com/moonsworth/lunar/legacy/mixin/TileEntityBeaconRendererMixin
com/moonsworth/lunar/legacy/mixin/mixin/mixin/mixin2/TileEntityBeaconRenderer_v1_7Mixin	com/moonsworth/lunar/legacy/mixin/TileEntityBeaconRenderer_v1_7Mixin
com/moonsworth/lunar/legacy/mixin/mixin/mixin/mixin2/mixin/LayerArmorBaseMixin	com/moonsworth/lunar/legacy/mixin/LayerArmorBaseMixin
com/moonsworth/lunar/legacy/mixin/mixin/mixin/mixin2/mixin/LayerCapeMixin	com/moonsworth/lunar/legacy/mixin/LayerCapeMixin
com/moonsworth/lunar/legacy/mixin/mixin/mixin/mixin2/mixin/LayerHeldItemMixin	com/moonsworth/lunar/legacy/mixin/LayerHeldItemMixin
com/moonsworth/lunar/legacy/mixin/mixin/mixin/mixin2/mixin/LayerHeldItemMixin$1	com/moonsworth/lunar/legacy/mixin/LayerHeldItemMixin$1
com/moonsworth/lunar/legacy/mixin/mixin/mixin/mixin3/FrustumMixin	com/moonsworth/lunar/legacy/mixin/FrustumMixin
com/moonsworth/lunar/legacy/mixin/mixin/mixin/mixin4/AbstractTextureMixin	com/moonsworth/lunar/legacy/mixin/AbstractTextureMixin
com/moonsworth/lunar/legacy/mixin/mixin/mixin/mixin4/DynamicTextureMixin	com/moonsworth/lunar/legacy/mixin/DynamicTextureMixin
com/moonsworth/lunar/legacy/mixin/mixin/mixin/mixin4/TextureAtlasSpriteMixin	com/moonsworth/lunar/legacy/mixin/TextureAtlasSpriteMixin
com/moonsworth/lunar/legacy/mixin/mixin/mixin/mixin4/TextureManagerMixin	com/moonsworth/lunar/legacy/mixin/TextureManagerMixin
com/moonsworth/lunar/legacy/mixin/mixin/mixin/mixin4/TextureMapMixin	com/moonsworth/lunar/legacy/mixin/TextureMapMixin
com/moonsworth/lunar/legacy/mixin/mixin/mixin/mixin5/VertexFormatMixin	com/moonsworth/lunar/legacy/mixin/VertexFormatMixin
com/moonsworth/lunar/legacy/mixin/mixin/mixin10/GuiPlayerInfoMixin	com/moonsworth/lunar/legacy/mixin/GuiPlayerInfoMixin
com/moonsworth/lunar/legacy/mixin/mixin/mixin10/NetworkPlayerInfoMixin	com/moonsworth/lunar/legacy/mixin/NetworkPlayerInfoMixin
com/moonsworth/lunar/legacy/mixin/mixin/mixin10/OldServerPingerMixin	com/moonsworth/lunar/legacy/mixin/OldServerPingerMixin
com/moonsworth/lunar/legacy/mixin/mixin/mixin10/ServerPingerMixin	com/moonsworth/lunar/legacy/mixin/ServerPingerMixin
com/moonsworth/lunar/legacy/mixin/mixin/mixin11/EffectRendererMixin	com/moonsworth/lunar/legacy/mixin/EffectRendererMixin
com/moonsworth/lunar/legacy/mixin/mixin/mixin11/EntityFXMixin	com/moonsworth/lunar/legacy/mixin/EntityFXMixin
com/moonsworth/lunar/legacy/mixin/mixin/mixin12/BuilderMixin	com/moonsworth/lunar/legacy/mixin/BuilderMixin
com/moonsworth/lunar/legacy/mixin/mixin/mixin12/ModelBipedMixin	com/moonsworth/lunar/legacy/mixin/ModelBipedMixin
com/moonsworth/lunar/legacy/mixin/mixin/mixin12/ModelBipedMixin2	com/moonsworth/lunar/legacy/mixin/ModelBipedMixin2
com/moonsworth/lunar/legacy/mixin/mixin/mixin12/ModelHumanoidHeadMixin	com/moonsworth/lunar/legacy/mixin/ModelHumanoidHeadMixin
com/moonsworth/lunar/legacy/mixin/mixin/mixin12/ModelPlayerMixin	com/moonsworth/lunar/legacy/mixin/ModelPlayerMixin
com/moonsworth/lunar/legacy/mixin/mixin/mixin12/ModelRendererMixin	com/moonsworth/lunar/legacy/mixin/ModelRendererMixin
com/moonsworth/lunar/legacy/mixin/mixin/mixin12/ModelSkeletonHeadMixin	com/moonsworth/lunar/legacy/mixin/ModelSkeletonHeadMixin
com/moonsworth/lunar/legacy/mixin/mixin/mixin2/AbstractResourcePackMixin	com/moonsworth/lunar/legacy/mixin/AbstractResourcePackMixin
com/moonsworth/lunar/legacy/mixin/mixin/mixin2/DefaultResourcePackMixin	com/moonsworth/lunar/legacy/mixin/DefaultResourcePackMixin
com/moonsworth/lunar/legacy/mixin/mixin/mixin2/IMetadataSerializerMixin	com/moonsworth/lunar/legacy/mixin/IMetadataSerializerMixin
com/moonsworth/lunar/legacy/mixin/mixin/mixin2/LanguageManagerMixin	com/moonsworth/lunar/legacy/mixin/LanguageManagerMixin
com/moonsworth/lunar/legacy/mixin/mixin/mixin2/LegacyV2AdapterMixin	com/moonsworth/lunar/legacy/mixin/LegacyV2AdapterMixin
com/moonsworth/lunar/legacy/mixin/mixin/mixin2/ResourcePackListEntryMixin	com/moonsworth/lunar/legacy/mixin/ResourcePackListEntryMixin
com/moonsworth/lunar/legacy/mixin/mixin/mixin2/ResourcePackRepositoryMixin	com/moonsworth/lunar/legacy/mixin/ResourcePackRepositoryMixin
com/moonsworth/lunar/legacy/mixin/mixin/mixin2/SimpleReloadableResourceManagerMixin	com/moonsworth/lunar/legacy/mixin/SimpleReloadableResourceManagerMixin
com/moonsworth/lunar/legacy/mixin/mixin/mixin2/SimpleResourceMixin	com/moonsworth/lunar/legacy/mixin/SimpleResourceMixin
com/moonsworth/lunar/legacy/mixin/mixin/mixin2/SkinManagerMixin	com/moonsworth/lunar/legacy/mixin/SkinManagerMixin
com/moonsworth/lunar/legacy/mixin/mixin/mixin2/mixin/BakedQuadMixin	com/moonsworth/lunar/legacy/mixin/BakedQuadMixin
com/moonsworth/lunar/legacy/mixin/mixin/mixin2/mixin/BlockPartFaceMixin	com/moonsworth/lunar/legacy/mixin/BlockPartFaceMixin
com/moonsworth/lunar/legacy/mixin/mixin/mixin2/mixin/BuiltInModelMixin	com/moonsworth/lunar/legacy/mixin/BuiltInModelMixin
com/moonsworth/lunar/legacy/mixin/mixin/mixin2/mixin/FaceBakeryMixin	com/moonsworth/lunar/legacy/mixin/FaceBakeryMixin
com/moonsworth/lunar/legacy/mixin/mixin/mixin2/mixin/ModelRotationMixin	com/moonsworth/lunar/legacy/mixin/ModelRotationMixin
com/moonsworth/lunar/legacy/mixin/mixin/mixin2/mixin/RCIOICOHRIOIIRRRROCRHCIICRROHO	com/moonsworth/lunar/legacy/mixin/RCIOICOHRIOIIRRRROCRHCIICRROHO
com/moonsworth/lunar/legacy/mixin/mixin/mixin2/mixin/SimpleBakedModelMixin	com/moonsworth/lunar/legacy/mixin/SimpleBakedModelMixin
com/moonsworth/lunar/legacy/mixin/mixin/mixin2/mixin/WeightedBakedModelMixin	com/moonsworth/lunar/legacy/mixin/WeightedBakedModelMixin
com/moonsworth/lunar/legacy/mixin/mixin/mixin2/mixin2/AnimationFrameMixin	com/moonsworth/lunar/legacy/mixin/AnimationFrameMixin
com/moonsworth/lunar/legacy/mixin/mixin/mixin2/mixin2/AnimationMetadataSectionMixin	com/moonsworth/lunar/legacy/mixin/AnimationMetadataSectionMixin
com/moonsworth/lunar/legacy/mixin/mixin/mixin2/mixin2/HRICOROOOCCOCOROCRHHCRRIRCOICO	com/moonsworth/lunar/legacy/mixin/HRICOROOOCCOCOROCRHHCRRIRCOICO
com/moonsworth/lunar/legacy/mixin/mixin/mixin2/mixin2/TextureMetadataSectionMixin	com/moonsworth/lunar/legacy/mixin/TextureMetadataSectionMixin
com/moonsworth/lunar/legacy/mixin/mixin/mixin3/ChatLineMixin	com/moonsworth/lunar/legacy/mixin/ChatLineMixin
com/moonsworth/lunar/legacy/mixin/mixin/mixin3/FontRendererMixin	com/moonsworth/lunar/legacy/mixin/FontRendererMixin
com/moonsworth/lunar/legacy/mixin/mixin/mixin3/GuiAchievementMixin	com/moonsworth/lunar/legacy/mixin/GuiAchievementMixin
com/moonsworth/lunar/legacy/mixin/mixin/mixin3/GuiAchievementsMixin	com/moonsworth/lunar/legacy/mixin/GuiAchievementsMixin
com/moonsworth/lunar/legacy/mixin/mixin/mixin3/GuiButtonMixin	com/moonsworth/lunar/legacy/mixin/GuiButtonMixin
com/moonsworth/lunar/legacy/mixin/mixin/mixin3/GuiChatMixin	com/moonsworth/lunar/legacy/mixin/GuiChatMixin
com/moonsworth/lunar/legacy/mixin/mixin/mixin3/GuiConfirmOpenLinkMixin	com/moonsworth/lunar/legacy/mixin/GuiConfirmOpenLinkMixin
com/moonsworth/lunar/legacy/mixin/mixin/mixin3/GuiConnectingMixin	com/moonsworth/lunar/legacy/mixin/GuiConnectingMixin
com/moonsworth/lunar/legacy/mixin/mixin/mixin3/GuiContainerMixin	com/moonsworth/lunar/legacy/mixin/GuiContainerMixin
com/moonsworth/lunar/legacy/mixin/mixin/mixin3/GuiControlsMixin	com/moonsworth/lunar/legacy/mixin/GuiControlsMixin
com/moonsworth/lunar/legacy/mixin/mixin/mixin3/GuiDisconnectedMixin	com/moonsworth/lunar/legacy/mixin/GuiDisconnectedMixin
com/moonsworth/lunar/legacy/mixin/mixin/mixin3/GuiDownloadTerrainMixin	com/moonsworth/lunar/legacy/mixin/GuiDownloadTerrainMixin
com/moonsworth/lunar/legacy/mixin/mixin/mixin3/GuiEditSignMixin	com/moonsworth/lunar/legacy/mixin/GuiEditSignMixin
com/moonsworth/lunar/legacy/mixin/mixin/mixin3/GuiErrorScreenMixin	com/moonsworth/lunar/legacy/mixin/GuiErrorScreenMixin
com/moonsworth/lunar/legacy/mixin/mixin/mixin3/GuiGameOverMixin	com/moonsworth/lunar/legacy/mixin/GuiGameOverMixin
com/moonsworth/lunar/legacy/mixin/mixin/mixin3/GuiIngameMenuMixin	com/moonsworth/lunar/legacy/mixin/GuiIngameMenuMixin
com/moonsworth/lunar/legacy/mixin/mixin/mixin3/GuiIngameMixin	com/moonsworth/lunar/legacy/mixin/GuiIngameMixin
com/moonsworth/lunar/legacy/mixin/mixin/mixin3/GuiIngameMixin2	com/moonsworth/lunar/legacy/mixin/GuiIngameMixin2
com/moonsworth/lunar/legacy/mixin/mixin/mixin3/GuiLanguageMixin	com/moonsworth/lunar/legacy/mixin/GuiLanguageMixin
com/moonsworth/lunar/legacy/mixin/mixin/mixin3/GuiMainMenuMixin	com/moonsworth/lunar/legacy/mixin/GuiMainMenuMixin
com/moonsworth/lunar/legacy/mixin/mixin/mixin3/GuiMultiplayerMixin	com/moonsworth/lunar/legacy/mixin/GuiMultiplayerMixin
com/moonsworth/lunar/legacy/mixin/mixin/mixin3/GuiNewChatMixin	com/moonsworth/lunar/legacy/mixin/GuiNewChatMixin
com/moonsworth/lunar/legacy/mixin/mixin/mixin3/GuiOptionsMixin	com/moonsworth/lunar/legacy/mixin/GuiOptionsMixin
com/moonsworth/lunar/legacy/mixin/mixin/mixin3/GuiPlayerTabOverlayMixin	com/moonsworth/lunar/legacy/mixin/GuiPlayerTabOverlayMixin
com/moonsworth/lunar/legacy/mixin/mixin/mixin3/GuiResourcePackListMixin	com/moonsworth/lunar/legacy/mixin/GuiResourcePackListMixin
com/moonsworth/lunar/legacy/mixin/mixin/mixin3/GuiScreenAdvancementsMixin	com/moonsworth/lunar/legacy/mixin/GuiScreenAdvancementsMixin
com/moonsworth/lunar/legacy/mixin/mixin/mixin3/GuiScreenBookMixin	com/moonsworth/lunar/legacy/mixin/GuiScreenBookMixin
com/moonsworth/lunar/legacy/mixin/mixin/mixin3/GuiScreenMixin	com/moonsworth/lunar/legacy/mixin/GuiScreenMixin
com/moonsworth/lunar/legacy/mixin/mixin/mixin3/GuiScreenResourcePacksMixin	com/moonsworth/lunar/legacy/mixin/GuiScreenResourcePacksMixin
com/moonsworth/lunar/legacy/mixin/mixin/mixin3/GuiSelectWorldMixin	com/moonsworth/lunar/legacy/mixin/GuiSelectWorldMixin
com/moonsworth/lunar/legacy/mixin/mixin/mixin3/GuiSlotMixin	com/moonsworth/lunar/legacy/mixin/GuiSlotMixin
com/moonsworth/lunar/legacy/mixin/mixin/mixin3/GuiYesNoMixin	com/moonsworth/lunar/legacy/mixin/GuiYesNoMixin
com/moonsworth/lunar/legacy/mixin/mixin/mixin3/MapItemRendererMixin	com/moonsworth/lunar/legacy/mixin/MapItemRendererMixin
com/moonsworth/lunar/legacy/mixin/mixin/mixin3/OIHOHCCCRCORHCRIRHIHOOCIOHRCHR	com/moonsworth/lunar/legacy/mixin/OIHOHCCCRCORHCRIRHIHOOCIOHRCHR
com/moonsworth/lunar/legacy/mixin/mixin/mixin3/RCOHRRRHRIOORHCRORIIHCCORRCRRC	com/moonsworth/lunar/legacy/mixin/RCOHRRRHRIOORHCRORIIHCCORRCRRC
com/moonsworth/lunar/legacy/mixin/mixin/mixin3/ServerListEntryNormalMixin	com/moonsworth/lunar/legacy/mixin/ServerListEntryNormalMixin
com/moonsworth/lunar/legacy/mixin/mixin/mixin3/SlotMixin	com/moonsworth/lunar/legacy/mixin/SlotMixin
com/moonsworth/lunar/legacy/mixin/mixin/mixin3/SubtitleMixin	com/moonsworth/lunar/legacy/mixin/SubtitleMixin
com/moonsworth/lunar/legacy/mixin/mixin/mixin3/mixin/GuiToastMixin	com/moonsworth/lunar/legacy/mixin/GuiToastMixin
com/moonsworth/lunar/legacy/mixin/mixin/mixin3/mixin/ToastInstanceMixin	com/moonsworth/lunar/legacy/mixin/ToastInstanceMixin
com/moonsworth/lunar/legacy/mixin/mixin/mixin3/mixin2/GuiChestMixin	com/moonsworth/lunar/legacy/mixin/GuiChestMixin
com/moonsworth/lunar/legacy/mixin/mixin/mixin3/mixin2/GuiScreenHorseInventoryMixin	com/moonsworth/lunar/legacy/mixin/GuiScreenHorseInventoryMixin
com/moonsworth/lunar/legacy/mixin/mixin/mixin4/AbstractClientPlayerMixin	com/moonsworth/lunar/legacy/mixin/AbstractClientPlayerMixin
com/moonsworth/lunar/legacy/mixin/mixin/mixin4/EntityOtherPlayerMPMixin	com/moonsworth/lunar/legacy/mixin/EntityOtherPlayerMPMixin
com/moonsworth/lunar/legacy/mixin/mixin/mixin4/EntityPlayerSPMixin	com/moonsworth/lunar/legacy/mixin/EntityPlayerSPMixin
com/moonsworth/lunar/legacy/mixin/mixin/mixin4/EntityPlayerSPMixin$1	com/moonsworth/lunar/legacy/mixin/EntityPlayerSPMixin$1
com/moonsworth/lunar/legacy/mixin/mixin/mixin4/mixin/PlayerCapabilitiesMixin	com/moonsworth/lunar/legacy/mixin/PlayerCapabilitiesMixin
com/moonsworth/lunar/legacy/mixin/mixin/mixin5/SoundHandlerMixin	com/moonsworth/lunar/legacy/mixin/SoundHandlerMixin
com/moonsworth/lunar/legacy/mixin/mixin/mixin5/SoundHandlerMixin$1	com/moonsworth/lunar/legacy/mixin/SoundHandlerMixin$1
com/moonsworth/lunar/legacy/mixin/mixin/mixin5/SoundManagerMixin	com/moonsworth/lunar/legacy/mixin/SoundManagerMixin
com/moonsworth/lunar/legacy/mixin/mixin/mixin6/MainMixin	com/moonsworth/lunar/legacy/mixin/MainMixin
com/moonsworth/lunar/legacy/mixin/mixin/mixin7/GameSettingsMixin	com/moonsworth/lunar/legacy/mixin/GameSettingsMixin
com/moonsworth/lunar/legacy/mixin/mixin/mixin7/KeyBindingMixin	com/moonsworth/lunar/legacy/mixin/KeyBindingMixin
com/moonsworth/lunar/legacy/mixin/mixin/mixin7/KeyBinding_v1_7Mixin	com/moonsworth/lunar/legacy/mixin/KeyBinding_v1_7Mixin
com/moonsworth/lunar/legacy/mixin/mixin/mixin8/ChunkProviderClientMixin	com/moonsworth/lunar/legacy/mixin/ChunkProviderClientMixin
com/moonsworth/lunar/legacy/mixin/mixin/mixin8/PlayerControllerMPMixin	com/moonsworth/lunar/legacy/mixin/PlayerControllerMPMixin
com/moonsworth/lunar/legacy/mixin/mixin/mixin8/ServerDataMixin	com/moonsworth/lunar/legacy/mixin/ServerDataMixin
com/moonsworth/lunar/legacy/mixin/mixin/mixin8/ServerDataMixin$1	com/moonsworth/lunar/legacy/mixin/ServerDataMixin$1
com/moonsworth/lunar/legacy/mixin/mixin/mixin8/ServerListMixin	com/moonsworth/lunar/legacy/mixin/ServerListMixin
com/moonsworth/lunar/legacy/mixin/mixin/mixin8/WorldClientMixin	com/moonsworth/lunar/legacy/mixin/WorldClientMixin
com/moonsworth/lunar/legacy/mixin/mixin/mixin9/FramebufferMixin	com/moonsworth/lunar/legacy/mixin/FramebufferMixin
com/moonsworth/lunar/legacy/mixin/mixin/mixin9/ShaderGroupMixin	com/moonsworth/lunar/legacy/mixin/ShaderGroupMixin
com/moonsworth/lunar/legacy/mixin/mixin/mixin9/ShaderManagerMixin	com/moonsworth/lunar/legacy/mixin/ShaderManagerMixin
com/moonsworth/lunar/legacy/mixin/mixin/mixin9/ShaderMixin	com/moonsworth/lunar/legacy/mixin/ShaderMixin
com/moonsworth/lunar/legacy/mixin/mixin/mixin9/ShaderUniformMixin	com/moonsworth/lunar/legacy/mixin/ShaderUniformMixin
com/moonsworth/lunar/legacy/mixin/mixin10/AdvancementListMixin	com/moonsworth/lunar/legacy/mixin/AdvancementListMixin
com/moonsworth/lunar/legacy/mixin/mixin11/BootstrapMixin	com/moonsworth/lunar/legacy/mixin/BootstrapMixin
com/moonsworth/lunar/legacy/mixin/mixin12/AxisAlignedBBMixin	com/moonsworth/lunar/legacy/mixin/AxisAlignedBBMixin
com/moonsworth/lunar/legacy/mixin/mixin12/BlockPosMixin	com/moonsworth/lunar/legacy/mixin/BlockPosMixin
com/moonsworth/lunar/legacy/mixin/mixin12/DamageSourceMixin	com/moonsworth/lunar/legacy/mixin/DamageSourceMixin
com/moonsworth/lunar/legacy/mixin/mixin12/EnumChatFormattingMixin	com/moonsworth/lunar/legacy/mixin/EnumChatFormattingMixin
com/moonsworth/lunar/legacy/mixin/mixin12/EnumFacingMixin	com/moonsworth/lunar/legacy/mixin/EnumFacingMixin
com/moonsworth/lunar/legacy/mixin/mixin12/FoodStatsMixin	com/moonsworth/lunar/legacy/mixin/FoodStatsMixin
com/moonsworth/lunar/legacy/mixin/mixin12/HORHROIOIOICIRHIOCOICHHHIHCIIO	com/moonsworth/lunar/legacy/mixin/HORHROIOIOICIRHIOCOICHHHIHCIIO
com/moonsworth/lunar/legacy/mixin/mixin12/IHRHHRIHICHOOICIRIOOHOICHIRHOI	com/moonsworth/lunar/legacy/mixin/IHRHHRIHICHOOICIRIOOHOICHIRHOI
com/moonsworth/lunar/legacy/mixin/mixin12/MovementInputFromOptionsMixin	com/moonsworth/lunar/legacy/mixin/MovementInputFromOptionsMixin
com/moonsworth/lunar/legacy/mixin/mixin12/MovementInputMixin	com/moonsworth/lunar/legacy/mixin/MovementInputMixin
com/moonsworth/lunar/legacy/mixin/mixin12/MovingObjectPositionMixin	com/moonsworth/lunar/legacy/mixin/MovingObjectPositionMixin
com/moonsworth/lunar/legacy/mixin/mixin12/MutableBlockPosMixin	com/moonsworth/lunar/legacy/mixin/MutableBlockPosMixin
com/moonsworth/lunar/legacy/mixin/mixin12/NodeProcessorMixin	com/moonsworth/lunar/legacy/mixin/NodeProcessorMixin
com/moonsworth/lunar/legacy/mixin/mixin12/ORCHOHHCOHCORRICRIHCHHRORHHCHH	com/moonsworth/lunar/legacy/mixin/ORCHOHHCOHCORRICRIHCHHRORHHCHH
com/moonsworth/lunar/legacy/mixin/mixin12/ORICHRORRORHORHOIHCRHOORCRRHOI	com/moonsworth/lunar/legacy/mixin/ORICHRORRORHORHOIHCRHOORCRRHOI
com/moonsworth/lunar/legacy/mixin/mixin12/Vec3iMixin	com/moonsworth/lunar/legacy/mixin/Vec3iMixin
com/moonsworth/lunar/legacy/mixin/mixin13/PotionEffectMixin	com/moonsworth/lunar/legacy/mixin/PotionEffectMixin
com/moonsworth/lunar/legacy/mixin/mixin13/PotionMixin	com/moonsworth/lunar/legacy/mixin/PotionMixin
com/moonsworth/lunar/legacy/mixin/mixin14/ICRHORIIHOHROHOHOCOOHOOCOORRHO	com/moonsworth/lunar/legacy/mixin/ICRHORIIHOHROHOHOCOOHOOCOORRHO
com/moonsworth/lunar/legacy/mixin/mixin14/ScoreMixin	com/moonsworth/lunar/legacy/mixin/ScoreMixin
com/moonsworth/lunar/legacy/mixin/mixin14/ScoreObjectiveMixin	com/moonsworth/lunar/legacy/mixin/ScoreObjectiveMixin
com/moonsworth/lunar/legacy/mixin/mixin14/ScorePlayerTeamMixin	com/moonsworth/lunar/legacy/mixin/ScorePlayerTeamMixin
com/moonsworth/lunar/legacy/mixin/mixin14/ScoreboardMixin	com/moonsworth/lunar/legacy/mixin/ScoreboardMixin
com/moonsworth/lunar/legacy/mixin/mixin15/StatBaseMixin	com/moonsworth/lunar/legacy/mixin/StatBaseMixin
com/moonsworth/lunar/legacy/mixin/mixin16/EnchantmentMixin	com/moonsworth/lunar/legacy/mixin/EnchantmentMixin
com/moonsworth/lunar/legacy/mixin/mixin16/ItemArmorMixin	com/moonsworth/lunar/legacy/mixin/ItemArmorMixin
com/moonsworth/lunar/legacy/mixin/mixin16/ItemArmorMixin$1	com/moonsworth/lunar/legacy/mixin/ItemArmorMixin$1
com/moonsworth/lunar/legacy/mixin/mixin16/ItemAxeMixin	com/moonsworth/lunar/legacy/mixin/ItemAxeMixin
com/moonsworth/lunar/legacy/mixin/mixin16/ItemBlockMixin	com/moonsworth/lunar/legacy/mixin/ItemBlockMixin
com/moonsworth/lunar/legacy/mixin/mixin16/ItemBowMixin	com/moonsworth/lunar/legacy/mixin/ItemBowMixin
com/moonsworth/lunar/legacy/mixin/mixin16/ItemBucketMixin	com/moonsworth/lunar/legacy/mixin/ItemBucketMixin
com/moonsworth/lunar/legacy/mixin/mixin16/ItemFoodMixin	com/moonsworth/lunar/legacy/mixin/ItemFoodMixin
com/moonsworth/lunar/legacy/mixin/mixin16/ItemHoeMixin	com/moonsworth/lunar/legacy/mixin/ItemHoeMixin
com/moonsworth/lunar/legacy/mixin/mixin16/ItemMapMixin	com/moonsworth/lunar/legacy/mixin/ItemMapMixin
com/moonsworth/lunar/legacy/mixin/mixin16/ItemMixin	com/moonsworth/lunar/legacy/mixin/ItemMixin
com/moonsworth/lunar/legacy/mixin/mixin16/ItemPickaxeMixin	com/moonsworth/lunar/legacy/mixin/ItemPickaxeMixin
com/moonsworth/lunar/legacy/mixin/mixin16/ItemPotionMixin	com/moonsworth/lunar/legacy/mixin/ItemPotionMixin
com/moonsworth/lunar/legacy/mixin/mixin16/ItemSpadeMixin	com/moonsworth/lunar/legacy/mixin/ItemSpadeMixin
com/moonsworth/lunar/legacy/mixin/mixin16/ItemStackMixin	com/moonsworth/lunar/legacy/mixin/ItemStackMixin
com/moonsworth/lunar/legacy/mixin/mixin16/ItemSwordMixin	com/moonsworth/lunar/legacy/mixin/ItemSwordMixin
com/moonsworth/lunar/legacy/mixin/mixin16/ItemToolMixin	com/moonsworth/lunar/legacy/mixin/ItemToolMixin
com/moonsworth/lunar/legacy/mixin/mixin16/ToolMaterialMixin	com/moonsworth/lunar/legacy/mixin/ToolMaterialMixin
com/moonsworth/lunar/legacy/mixin/mixin17/CrashReportMixin	com/moonsworth/lunar/legacy/mixin/CrashReportMixin
com/moonsworth/lunar/legacy/mixin/mixin18/LimitedInputStreamMixin	com/moonsworth/lunar/legacy/mixin/LimitedInputStreamMixin
com/moonsworth/lunar/legacy/mixin/mixin18/MpegAudioFileReaderMixin	com/moonsworth/lunar/legacy/mixin/MpegAudioFileReaderMixin
com/moonsworth/lunar/legacy/mixin/mixin19/ClickEventMixin	com/moonsworth/lunar/legacy/mixin/ClickEventMixin
com/moonsworth/lunar/legacy/mixin/mixin19/HoverEventMixin	com/moonsworth/lunar/legacy/mixin/HoverEventMixin
com/moonsworth/lunar/legacy/mixin/mixin2/DataWatcherMixin	com/moonsworth/lunar/legacy/mixin/DataWatcherMixin
com/moonsworth/lunar/legacy/mixin/mixin2/EntityAgeableMixin	com/moonsworth/lunar/legacy/mixin/EntityAgeableMixin
com/moonsworth/lunar/legacy/mixin/mixin2/EntityDragonMixin	com/moonsworth/lunar/legacy/mixin/EntityDragonMixin
com/moonsworth/lunar/legacy/mixin/mixin2/EntityLivingBaseMixin	com/moonsworth/lunar/legacy/mixin/EntityLivingBaseMixin
com/moonsworth/lunar/legacy/mixin/mixin2/EntityLivingBaseMixin$1	com/moonsworth/lunar/legacy/mixin/EntityLivingBaseMixin$1
com/moonsworth/lunar/legacy/mixin/mixin2/EntityLivingMixin	com/moonsworth/lunar/legacy/mixin/EntityLivingMixin
com/moonsworth/lunar/legacy/mixin/mixin2/EntityMinecartMixin	com/moonsworth/lunar/legacy/mixin/EntityMinecartMixin
com/moonsworth/lunar/legacy/mixin/mixin2/EntityMixin	com/moonsworth/lunar/legacy/mixin/EntityMixin
com/moonsworth/lunar/legacy/mixin/mixin2/EntityMixin$1	com/moonsworth/lunar/legacy/mixin/EntityMixin$1
com/moonsworth/lunar/legacy/mixin/mixin2/EntityPaintingMixin	com/moonsworth/lunar/legacy/mixin/EntityPaintingMixin
com/moonsworth/lunar/legacy/mixin/mixin2/EntityTrackerEntryMixin	com/moonsworth/lunar/legacy/mixin/EntityTrackerEntryMixin
com/moonsworth/lunar/legacy/mixin/mixin2/EntityWitherSkullMixin	com/moonsworth/lunar/legacy/mixin/EntityWitherSkullMixin
com/moonsworth/lunar/legacy/mixin/mixin2/EntityXPOrbMixin	com/moonsworth/lunar/legacy/mixin/EntityXPOrbMixin
com/moonsworth/lunar/legacy/mixin/mixin2/mixin/EntityCreeperMixin	com/moonsworth/lunar/legacy/mixin/EntityCreeperMixin
com/moonsworth/lunar/legacy/mixin/mixin2/mixin/EntityEndermanMixin	com/moonsworth/lunar/legacy/mixin/EntityEndermanMixin
com/moonsworth/lunar/legacy/mixin/mixin2/mixin/EntityMagmaCubeMixin	com/moonsworth/lunar/legacy/mixin/EntityMagmaCubeMixin
com/moonsworth/lunar/legacy/mixin/mixin2/mixin/EntityMobMixin	com/moonsworth/lunar/legacy/mixin/EntityMobMixin
com/moonsworth/lunar/legacy/mixin/mixin2/mixin/EntityPigZombieMixin	com/moonsworth/lunar/legacy/mixin/EntityPigZombieMixin
com/moonsworth/lunar/legacy/mixin/mixin2/mixin/EntitySkeletonMixin	com/moonsworth/lunar/legacy/mixin/EntitySkeletonMixin
com/moonsworth/lunar/legacy/mixin/mixin2/mixin/EntityWitherSkeletonMixin	com/moonsworth/lunar/legacy/mixin/EntityWitherSkeletonMixin
com/moonsworth/lunar/legacy/mixin/mixin2/mixin2/EntityArmorStandMixin	com/moonsworth/lunar/legacy/mixin/EntityArmorStandMixin
com/moonsworth/lunar/legacy/mixin/mixin2/mixin2/EntityFallingBlockMixin	com/moonsworth/lunar/legacy/mixin/EntityFallingBlockMixin
com/moonsworth/lunar/legacy/mixin/mixin2/mixin2/EntityItemFrameMixin	com/moonsworth/lunar/legacy/mixin/EntityItemFrameMixin
com/moonsworth/lunar/legacy/mixin/mixin2/mixin2/EntityItemMixin	com/moonsworth/lunar/legacy/mixin/EntityItemMixin
com/moonsworth/lunar/legacy/mixin/mixin2/mixin2/EntityTNTPrimedMixin	com/moonsworth/lunar/legacy/mixin/EntityTNTPrimedMixin
com/moonsworth/lunar/legacy/mixin/mixin2/mixin3/AbstractHorseMixin	com/moonsworth/lunar/legacy/mixin/AbstractHorseMixin
com/moonsworth/lunar/legacy/mixin/mixin2/mixin3/EntityAnimalMixin	com/moonsworth/lunar/legacy/mixin/EntityAnimalMixin
com/moonsworth/lunar/legacy/mixin/mixin2/mixin3/EntityBatMixin	com/moonsworth/lunar/legacy/mixin/EntityBatMixin
com/moonsworth/lunar/legacy/mixin/mixin2/mixin3/EntityHorseMixin	com/moonsworth/lunar/legacy/mixin/EntityHorseMixin
com/moonsworth/lunar/legacy/mixin/mixin2/mixin3/EntitySheepMixin	com/moonsworth/lunar/legacy/mixin/EntitySheepMixin
com/moonsworth/lunar/legacy/mixin/mixin2/mixin4/EntityPlayerMPMixin	com/moonsworth/lunar/legacy/mixin/EntityPlayerMPMixin
com/moonsworth/lunar/legacy/mixin/mixin2/mixin4/EntityPlayerMixin	com/moonsworth/lunar/legacy/mixin/EntityPlayerMixin
com/moonsworth/lunar/legacy/mixin/mixin2/mixin4/EntityPlayerMixin$1	com/moonsworth/lunar/legacy/mixin/EntityPlayerMixin$1
com/moonsworth/lunar/legacy/mixin/mixin2/mixin4/EnumPlayerModelPartsMixin	com/moonsworth/lunar/legacy/mixin/EnumPlayerModelPartsMixin
com/moonsworth/lunar/legacy/mixin/mixin2/mixin4/HORHROIOIOICIRHIOCOICHHHIHCIIO	com/moonsworth/lunar/legacy/mixin/HORHROIOIOICIRHIOCOICHHHIHCIIO2
com/moonsworth/lunar/legacy/mixin/mixin2/mixin4/InventoryPlayerMixin	com/moonsworth/lunar/legacy/mixin/InventoryPlayerMixin
com/moonsworth/lunar/legacy/mixin/mixin2/mixin5/EntityFireworkRocketMixin	com/moonsworth/lunar/legacy/mixin/EntityFireworkRocketMixin
com/moonsworth/lunar/legacy/mixin/mixin20/HORHROIOIOICIRHIOCOICHHHIHCIIO	com/moonsworth/lunar/legacy/mixin/HORHROIOIOICIRHIOCOICHHHIHCIIO3
com/moonsworth/lunar/legacy/mixin/mixin21/BeamSegmentMixin	com/moonsworth/lunar/legacy/mixin/BeamSegmentMixin
com/moonsworth/lunar/legacy/mixin/mixin21/TileEntityChestMixin	com/moonsworth/lunar/legacy/mixin/TileEntityChestMixin
com/moonsworth/lunar/legacy/mixin/mixin21/TileEntityMixin	com/moonsworth/lunar/legacy/mixin/TileEntityMixin
com/moonsworth/lunar/legacy/mixin/mixin3/HORHROIOIOICIRHIOCOICHHHIHCIIO_	com/moonsworth/lunar/legacy/mixin/HORHROIOIOICIRHIOCOICHHHIHCIIO_2
com/moonsworth/lunar/legacy/mixin/mixin3/WorldMixin	com/moonsworth/lunar/legacy/mixin/WorldMixin
com/moonsworth/lunar/legacy/mixin/mixin3/WorldMixin$1	com/moonsworth/lunar/legacy/mixin/WorldMixin$1
com/moonsworth/lunar/legacy/mixin/mixin3/WorldSettingsMixin	com/moonsworth/lunar/legacy/mixin/WorldSettingsMixin
com/moonsworth/lunar/legacy/mixin/mixin3/mixin/ChunkMixin	com/moonsworth/lunar/legacy/mixin/ChunkMixin
com/moonsworth/lunar/legacy/mixin/mixin3/mixin2/BiomeGenBaseMixin	com/moonsworth/lunar/legacy/mixin/BiomeGenBaseMixin
com/moonsworth/lunar/legacy/mixin/mixin3/mixin2/WorldChunkManagerHellMixin	com/moonsworth/lunar/legacy/mixin/WorldChunkManagerHellMixin
com/moonsworth/lunar/legacy/mixin/mixin3/mixin2/WorldChunkManagerMixin	com/moonsworth/lunar/legacy/mixin/WorldChunkManagerMixin
com/moonsworth/lunar/legacy/mixin/mixin3/mixin3/MapDataMixin	com/moonsworth/lunar/legacy/mixin/MapDataMixin
com/moonsworth/lunar/legacy/mixin/mixin3/mixin3/MapDecorationMixin	com/moonsworth/lunar/legacy/mixin/MapDecorationMixin
com/moonsworth/lunar/legacy/mixin/mixin3/mixin3/MapDecorationMixin$1	com/moonsworth/lunar/legacy/mixin/MapDecorationMixin$1
com/moonsworth/lunar/legacy/mixin/mixin3/mixin3/WorldInfoMixin	com/moonsworth/lunar/legacy/mixin/WorldInfoMixin
com/moonsworth/lunar/legacy/mixin/mixin4/NetHandlerPlayClientMixin	com/moonsworth/lunar/legacy/mixin/NetHandlerPlayClientMixin
com/moonsworth/lunar/legacy/mixin/mixin4/NetworkManagerMixin	com/moonsworth/lunar/legacy/mixin/NetworkManagerMixin
com/moonsworth/lunar/legacy/mixin/mixin4/NetworkManager_v1_12Mixin	com/moonsworth/lunar/legacy/mixin/NetworkManager_v1_12Mixin
com/moonsworth/lunar/legacy/mixin/mixin4/NetworkManager_v1_7Mixin	com/moonsworth/lunar/legacy/mixin/NetworkManager_v1_7Mixin
com/moonsworth/lunar/legacy/mixin/mixin4/ORCHOHHCOHCORRICRIHCHHRORHHCHH	com/moonsworth/lunar/legacy/mixin/ORCHOHHCOHCORRICRIHCHHRORHHCHH2
com/moonsworth/lunar/legacy/mixin/mixin4/PacketBufferMixin	com/moonsworth/lunar/legacy/mixin/PacketBufferMixin
com/moonsworth/lunar/legacy/mixin/mixin4/Packet_v1_7Mixin	com/moonsworth/lunar/legacy/mixin/Packet_v1_7Mixin
com/moonsworth/lunar/legacy/mixin/mixin4/SerializerMixin	com/moonsworth/lunar/legacy/mixin/SerializerMixin
com/moonsworth/lunar/legacy/mixin/mixin4/Serializer_v1_7Mixin	com/moonsworth/lunar/legacy/mixin/Serializer_v1_7Mixin
com/moonsworth/lunar/legacy/mixin/mixin4/ServerPingerMixin	com/moonsworth/lunar/legacy/mixin/ServerPingerMixin2
com/moonsworth/lunar/legacy/mixin/mixin4/ServerStatusResponseMixin	com/moonsworth/lunar/legacy/mixin/ServerStatusResponseMixin
com/moonsworth/lunar/legacy/mixin/mixin4/mixin/mixin/S38PacketPlayerListItemMixin	com/moonsworth/lunar/legacy/mixin/S38PacketPlayerListItemMixin
com/moonsworth/lunar/legacy/mixin/mixin4/mixin/mixin/S3FPacketCustomPayloadMixin	com/moonsworth/lunar/legacy/mixin/S3FPacketCustomPayloadMixin
com/moonsworth/lunar/legacy/mixin/mixin4/mixin/mixin2/C01PacketChatMessageMixin	com/moonsworth/lunar/legacy/mixin/C01PacketChatMessageMixin
com/moonsworth/lunar/legacy/mixin/mixin4/mixin/mixin2/C17PacketCustomPayloadMixin	com/moonsworth/lunar/legacy/mixin/C17PacketCustomPayloadMixin
com/moonsworth/lunar/legacy/mixin/mixin5/BlockButtonMixin	com/moonsworth/lunar/legacy/mixin/BlockButtonMixin
com/moonsworth/lunar/legacy/mixin/mixin5/BlockDoublePlantMixin	com/moonsworth/lunar/legacy/mixin/BlockDoublePlantMixin
com/moonsworth/lunar/legacy/mixin/mixin5/BlockMixin	com/moonsworth/lunar/legacy/mixin/BlockMixin
com/moonsworth/lunar/legacy/mixin/mixin5/BlockShulkerBoxMixin	com/moonsworth/lunar/legacy/mixin/BlockShulkerBoxMixin
com/moonsworth/lunar/legacy/mixin/mixin5/BlockStoneBrickMixin	com/moonsworth/lunar/legacy/mixin/BlockStoneBrickMixin
com/moonsworth/lunar/legacy/mixin/mixin5/BlockStoneMixin	com/moonsworth/lunar/legacy/mixin/BlockStoneMixin
com/moonsworth/lunar/legacy/mixin/mixin5/BlockTripWireMixin	com/moonsworth/lunar/legacy/mixin/BlockTripWireMixin
com/moonsworth/lunar/legacy/mixin/mixin5/mixin/BlockStateBaseMixin	com/moonsworth/lunar/legacy/mixin/BlockStateBaseMixin
com/moonsworth/lunar/legacy/mixin/mixin5/mixin/BlockStateBaseMixin$1	com/moonsworth/lunar/legacy/mixin/BlockStateBaseMixin$1
com/moonsworth/lunar/legacy/mixin/mixin5/mixin2/EnumPartTypeMixin	com/moonsworth/lunar/legacy/mixin/EnumPartTypeMixin
com/moonsworth/lunar/legacy/mixin/mixin6/IntegratedServerMixin	com/moonsworth/lunar/legacy/mixin/IntegratedServerMixin
com/moonsworth/lunar/legacy/mixin/mixin6/mixin/PlayerProfileCacheMixin	com/moonsworth/lunar/legacy/mixin/PlayerProfileCacheMixin
com/moonsworth/lunar/legacy/mixin/mixin7/ContainerChestMixin	com/moonsworth/lunar/legacy/mixin/ContainerChestMixin
com/moonsworth/lunar/legacy/mixin/mixin7/ContainerMixin	com/moonsworth/lunar/legacy/mixin/ContainerMixin
com/moonsworth/lunar/legacy/mixin/mixin7/ContainerRepairMixin	com/moonsworth/lunar/legacy/mixin/ContainerRepairMixin
com/moonsworth/lunar/legacy/mixin/mixin7/GuiContainerCreativeMixin	com/moonsworth/lunar/legacy/mixin/GuiContainerCreativeMixin
com/moonsworth/lunar/legacy/mixin/mixin7/GuiInventoryMixin	com/moonsworth/lunar/legacy/mixin/GuiInventoryMixin
com/moonsworth/lunar/legacy/mixin/mixin8/AbstractComponentMixin	com/moonsworth/lunar/legacy/mixin/AbstractComponentMixin
com/moonsworth/lunar/legacy/mixin/mixin8/StyleImplMixin	com/moonsworth/lunar/legacy/mixin/StyleImplMixin
com/moonsworth/lunar/legacy/mixin/mixin9/NBTTagCompoundMixin	com/moonsworth/lunar/legacy/mixin/NBTTagCompoundMixin
com/moonsworth/lunar/legacy/mixin/mixin9/NBTTagListMixin	com/moonsworth/lunar/legacy/mixin/NBTTagListMixin
com/moonsworth/lunar/legacy/mixin/mixin9/NBTTagStringMixin	com/moonsworth/lunar/legacy/mixin/NBTTagStringMixin
com/moonsworth/lunar/legacy/mixin/mixin9/NBTUtilMixin	com/moonsworth/lunar/legacy/mixin/NBTUtilMixin
com/moonsworth/lunar/legacy/mixin2/mixin/MinecraftMixin	com/moonsworth/lunar/legacy/mixin/MinecraftMixin2
com/moonsworth/lunar/legacy/mixin2/mixin/mixin/ClientBrandRetrieverMixin	com/moonsworth/lunar/legacy/mixin/ClientBrandRetrieverMixin
com/moonsworth/lunar/legacy/mixin2/mixin/mixin/EntityFootStepFXMixin	com/moonsworth/lunar/legacy/mixin/EntityFootStepFXMixin
com/moonsworth/lunar/legacy/mixin2/mixin/mixin/LoadingScreenRendererMixin	com/moonsworth/lunar/legacy/mixin/LoadingScreenRendererMixin
com/moonsworth/lunar/legacy/mixin2/mixin/mixin/mixin/ActiveRenderInfoMixin	com/moonsworth/lunar/legacy/mixin/ActiveRenderInfoMixin
com/moonsworth/lunar/legacy/mixin2/mixin/mixin/mixin/BlockModelRendererMixin	com/moonsworth/lunar/legacy/mixin/BlockModelRendererMixin
com/moonsworth/lunar/legacy/mixin2/mixin/mixin/mixin/DebugRendererChunkBorderMixin	com/moonsworth/lunar/legacy/mixin/DebugRendererChunkBorderMixin
com/moonsworth/lunar/legacy/mixin2/mixin/mixin/mixin/DebugRendererMixin	com/moonsworth/lunar/legacy/mixin/DebugRendererMixin
com/moonsworth/lunar/legacy/mixin2/mixin/mixin/mixin/EntityRendererMixin	com/moonsworth/lunar/legacy/mixin/EntityRendererMixin2
com/moonsworth/lunar/legacy/mixin2/mixin/mixin/mixin/EntityRendererMixin$1	com/moonsworth/lunar/legacy/mixin/EntityRendererMixin2$1
com/moonsworth/lunar/legacy/mixin2/mixin/mixin/mixin/ImageBufferDownloadMixin	com/moonsworth/lunar/legacy/mixin/ImageBufferDownloadMixin
com/moonsworth/lunar/legacy/mixin2/mixin/mixin/mixin/InventoryEffectRendererMixin	com/moonsworth/lunar/legacy/mixin/InventoryEffectRendererMixin
com/moonsworth/lunar/legacy/mixin2/mixin/mixin/mixin/RenderGlobalMixin	com/moonsworth/lunar/legacy/mixin/RenderGlobalMixin2
com/moonsworth/lunar/legacy/mixin2/mixin/mixin/mixin/RenderGuardianMixin	com/moonsworth/lunar/legacy/mixin/RenderGuardianMixin
com/moonsworth/lunar/legacy/mixin2/mixin/mixin/mixin/mixin/ItemRendererMixin	com/moonsworth/lunar/legacy/mixin/ItemRendererMixin2
com/moonsworth/lunar/legacy/mixin2/mixin/mixin/mixin/mixin/RenderEntityItemMixin	com/moonsworth/lunar/legacy/mixin/RenderEntityItemMixin
com/moonsworth/lunar/legacy/mixin2/mixin/mixin/mixin/mixin/RenderEntityItemMixin2	com/moonsworth/lunar/legacy/mixin/RenderEntityItemMixin2
com/moonsworth/lunar/legacy/mixin2/mixin/mixin/mixin/mixin/RenderFish_v1_7Mixin	com/moonsworth/lunar/legacy/mixin/RenderFish_v1_7Mixin
com/moonsworth/lunar/legacy/mixin2/mixin/mixin/mixin/mixin/RenderItemMixin	com/moonsworth/lunar/legacy/mixin/RenderItemMixin2
com/moonsworth/lunar/legacy/mixin2/mixin/mixin/mixin/mixin/RenderItemMixin$1	com/moonsworth/lunar/legacy/mixin/RenderItemMixin2$1
com/moonsworth/lunar/legacy/mixin2/mixin/mixin/mixin/mixin/RenderManagerMixin	com/moonsworth/lunar/legacy/mixin/RenderManagerMixin2
com/moonsworth/lunar/legacy/mixin2/mixin/mixin/mixin/mixin/RenderMixin	com/moonsworth/lunar/legacy/mixin/RenderMixin
com/moonsworth/lunar/legacy/mixin2/mixin/mixin/mixin/mixin/RenderPlayerMixin	com/moonsworth/lunar/legacy/mixin/RenderPlayerMixin2
com/moonsworth/lunar/legacy/mixin2/mixin/mixin/mixin/mixin/RenderPlayer_v1_7Mixin	com/moonsworth/lunar/legacy/mixin/RenderPlayer_v1_7Mixin3
com/moonsworth/lunar/legacy/mixin2/mixin/mixin/mixin/mixin/RenderSheep_v1_7Mixin	com/moonsworth/lunar/legacy/mixin/RenderSheep_v1_7Mixin
com/moonsworth/lunar/legacy/mixin2/mixin/mixin/mixin/mixin/RenderXPOrb_v1_7Mixin	com/moonsworth/lunar/legacy/mixin/RenderXPOrb_v1_7Mixin
com/moonsworth/lunar/legacy/mixin2/mixin/mixin/mixin/mixin/Render_v1_7Mixin	com/moonsworth/lunar/legacy/mixin/Render_v1_7Mixin
com/moonsworth/lunar/legacy/mixin2/mixin/mixin/mixin/mixin/RendererLivingEntityMixin	com/moonsworth/lunar/legacy/mixin/RendererLivingEntityMixin2
com/moonsworth/lunar/legacy/mixin2/mixin/mixin/mixin/mixin/RendererLivingEntityMixin2	com/moonsworth/lunar/legacy/mixin/RendererLivingEntityMixin22
com/moonsworth/lunar/legacy/mixin2/mixin/mixin/mixin/mixin/TileEntitySkullRendererMixin	com/moonsworth/lunar/legacy/mixin/TileEntitySkullRendererMixin
com/moonsworth/lunar/legacy/mixin2/mixin/mixin/mixin/mixin/TileEntitySkullRenderer_v1_7Mixin	com/moonsworth/lunar/legacy/mixin/TileEntitySkullRenderer_v1_7Mixin
com/moonsworth/lunar/legacy/mixin2/mixin/mixin/mixin/mixin/mixin/LayerArmorBaseMixin	com/moonsworth/lunar/legacy/mixin/LayerArmorBaseMixin2
com/moonsworth/lunar/legacy/mixin2/mixin/mixin/mixin/mixin/mixin/LayerElytraMixin	com/moonsworth/lunar/legacy/mixin/LayerElytraMixin
com/moonsworth/lunar/legacy/mixin2/mixin/mixin/mixin/mixin/mixin/LayerHeldItemMixin	com/moonsworth/lunar/legacy/mixin/LayerHeldItemMixin2
com/moonsworth/lunar/legacy/mixin2/mixin/mixin/mixin/mixin2/ChunkRenderDispatcherMixin	com/moonsworth/lunar/legacy/mixin/ChunkRenderDispatcherMixin
com/moonsworth/lunar/legacy/mixin2/mixin/mixin/mixin/mixin2/VisGraphMixin	com/moonsworth/lunar/legacy/mixin/VisGraphMixin
com/moonsworth/lunar/legacy/mixin2/mixin/mixin/mixin/mixin3/LayerArrowMixin	com/moonsworth/lunar/legacy/mixin/LayerArrowMixin
com/moonsworth/lunar/legacy/mixin2/mixin/mixin/mixin/mixin3/LayerHeldItemMixin	com/moonsworth/lunar/legacy/mixin/LayerHeldItemMixin3
com/moonsworth/lunar/legacy/mixin2/mixin/mixin/mixin/mixin4/ModelPlayerMixin	com/moonsworth/lunar/legacy/mixin/ModelPlayerMixin2
com/moonsworth/lunar/legacy/mixin2/mixin/mixin/mixin/mixin4/ModelRendererMixin	com/moonsworth/lunar/legacy/mixin/ModelRendererMixin2
com/moonsworth/lunar/legacy/mixin2/mixin/mixin/mixin/mixin5/TileEntityMobSpawnerRendererMixin	com/moonsworth/lunar/legacy/mixin/TileEntityMobSpawnerRendererMixin
com/moonsworth/lunar/legacy/mixin2/mixin/mixin/mixin/mixin5/TileEntityMobSpawnerRenderer_v1_7Mixin	com/moonsworth/lunar/legacy/mixin/TileEntityMobSpawnerRenderer_v1_7Mixin
com/moonsworth/lunar/legacy/mixin2/mixin/mixin/mixin/mixin5/TileEntityRendererDispatcherMixin	com/moonsworth/lunar/legacy/mixin/TileEntityRendererDispatcherMixin
com/moonsworth/lunar/legacy/mixin2/mixin/mixin/mixin/mixin6/AbstractTextureMixin	com/moonsworth/lunar/legacy/mixin/AbstractTextureMixin2
com/moonsworth/lunar/legacy/mixin2/mixin/mixin/mixin/mixin6/SimpleTextureMixin	com/moonsworth/lunar/legacy/mixin/SimpleTextureMixin
com/moonsworth/lunar/legacy/mixin2/mixin/mixin/mixin/mixin6/TextureMapMixin	com/moonsworth/lunar/legacy/mixin/TextureMapMixin2
com/moonsworth/lunar/legacy/mixin2/mixin/mixin/mixin/mixin6/TextureUtilMixin	com/moonsworth/lunar/legacy/mixin/TextureUtilMixin
com/moonsworth/lunar/legacy/mixin2/mixin/mixin/mixin10/GuiConnectingMixin	com/moonsworth/lunar/legacy/mixin/GuiConnectingMixin2
com/moonsworth/lunar/legacy/mixin2/mixin/mixin/mixin10/PlayerControllerMPMixin	com/moonsworth/lunar/legacy/mixin/PlayerControllerMPMixin2
com/moonsworth/lunar/legacy/mixin2/mixin/mixin/mixin10/PlayerControllerMPMixin$1	com/moonsworth/lunar/legacy/mixin/PlayerControllerMPMixin2$1
com/moonsworth/lunar/legacy/mixin2/mixin/mixin/mixin10/ServerPingerMixin	com/moonsworth/lunar/legacy/mixin/ServerPingerMixin3
com/moonsworth/lunar/legacy/mixin2/mixin/mixin/mixin10/WorldMixin	com/moonsworth/lunar/legacy/mixin/WorldMixin2
com/moonsworth/lunar/legacy/mixin2/mixin/mixin/mixin2/FontRendererMixin	com/moonsworth/lunar/legacy/mixin/FontRendererMixin2
com/moonsworth/lunar/legacy/mixin2/mixin/mixin/mixin2/GuiButtonMixin	com/moonsworth/lunar/legacy/mixin/GuiButtonMixin2
com/moonsworth/lunar/legacy/mixin2/mixin/mixin/mixin2/GuiChatMixin	com/moonsworth/lunar/legacy/mixin/GuiChatMixin2
com/moonsworth/lunar/legacy/mixin2/mixin/mixin/mixin2/GuiConfirmOpenLinkMixin	com/moonsworth/lunar/legacy/mixin/GuiConfirmOpenLinkMixin2
com/moonsworth/lunar/legacy/mixin2/mixin/mixin/mixin2/GuiEditSignMixin	com/moonsworth/lunar/legacy/mixin/GuiEditSignMixin2
com/moonsworth/lunar/legacy/mixin2/mixin/mixin/mixin2/GuiErrorScreenMixin	com/moonsworth/lunar/legacy/mixin/GuiErrorScreenMixin2
com/moonsworth/lunar/legacy/mixin2/mixin/mixin/mixin2/GuiIngameMixin	com/moonsworth/lunar/legacy/mixin/GuiIngameMixin3
com/moonsworth/lunar/legacy/mixin2/mixin/mixin/mixin2/GuiIngameMixin$1	com/moonsworth/lunar/legacy/mixin/GuiIngameMixin3$1
com/moonsworth/lunar/legacy/mixin2/mixin/mixin/mixin2/GuiIngameMixin2	com/moonsworth/lunar/legacy/mixin/GuiIngameMixin22
com/moonsworth/lunar/legacy/mixin2/mixin/mixin/mixin2/GuiKeyBindingListMixin	com/moonsworth/lunar/legacy/mixin/GuiKeyBindingListMixin
com/moonsworth/lunar/legacy/mixin2/mixin/mixin/mixin2/GuiMainMenuMixin	com/moonsworth/lunar/legacy/mixin/GuiMainMenuMixin2
com/moonsworth/lunar/legacy/mixin2/mixin/mixin/mixin2/GuiMixin	com/moonsworth/lunar/legacy/mixin/GuiMixin
com/moonsworth/lunar/legacy/mixin2/mixin/mixin/mixin2/GuiMultiplayerMixin	com/moonsworth/lunar/legacy/mixin/GuiMultiplayerMixin2
com/moonsworth/lunar/legacy/mixin2/mixin/mixin/mixin2/GuiNewChatMixin	com/moonsworth/lunar/legacy/mixin/GuiNewChatMixin2
com/moonsworth/lunar/legacy/mixin2/mixin/mixin/mixin2/GuiOverlayDebugMixin	com/moonsworth/lunar/legacy/mixin/GuiOverlayDebugMixin
com/moonsworth/lunar/legacy/mixin2/mixin/mixin/mixin2/GuiPlayerTabOverlayMixin	com/moonsworth/lunar/legacy/mixin/GuiPlayerTabOverlayMixin2
com/moonsworth/lunar/legacy/mixin2/mixin/mixin/mixin2/GuiScreenMixin	com/moonsworth/lunar/legacy/mixin/GuiScreenMixin2
com/moonsworth/lunar/legacy/mixin2/mixin/mixin/mixin2/GuiYesNoMixin	com/moonsworth/lunar/legacy/mixin/GuiYesNoMixin2
com/moonsworth/lunar/legacy/mixin2/mixin/mixin/mixin2/KeyEntryMixin	com/moonsworth/lunar/legacy/mixin/KeyEntryMixin
com/moonsworth/lunar/legacy/mixin2/mixin/mixin/mixin2/ListMixin	com/moonsworth/lunar/legacy/mixin/ListMixin
com/moonsworth/lunar/legacy/mixin2/mixin/mixin/mixin2/ServerListEntryNormalMixin	com/moonsworth/lunar/legacy/mixin/ServerListEntryNormalMixin2
com/moonsworth/lunar/legacy/mixin2/mixin/mixin/mixin2/ServerSelectionListMixin	com/moonsworth/lunar/legacy/mixin/ServerSelectionListMixin
com/moonsworth/lunar/legacy/mixin2/mixin/mixin/mixin2/mixin/TutorialToastMixin	com/moonsworth/lunar/legacy/mixin/TutorialToastMixin
com/moonsworth/lunar/legacy/mixin2/mixin/mixin/mixin2/mixin2/CreativeCraftingMixin	com/moonsworth/lunar/legacy/mixin/CreativeCraftingMixin
com/moonsworth/lunar/legacy/mixin2/mixin/mixin/mixin2/mixin2/GuiContainerCreativeMixin	com/moonsworth/lunar/legacy/mixin/GuiContainerCreativeMixin2
com/moonsworth/lunar/legacy/mixin2/mixin/mixin/mixin2/mixin2/GuiContainerMixin	com/moonsworth/lunar/legacy/mixin/GuiContainerMixin2
com/moonsworth/lunar/legacy/mixin2/mixin/mixin/mixin3/AbstractClientPlayerMixin	com/moonsworth/lunar/legacy/mixin/AbstractClientPlayerMixin2
com/moonsworth/lunar/legacy/mixin2/mixin/mixin/mixin3/EntityClientPlayerMPMixin	com/moonsworth/lunar/legacy/mixin/EntityClientPlayerMPMixin
com/moonsworth/lunar/legacy/mixin2/mixin/mixin/mixin3/EntityLightningBoltMixin	com/moonsworth/lunar/legacy/mixin/EntityLightningBoltMixin
com/moonsworth/lunar/legacy/mixin2/mixin/mixin/mixin3/EntityPlayerSPMixin	com/moonsworth/lunar/legacy/mixin/EntityPlayerSPMixin2
com/moonsworth/lunar/legacy/mixin2/mixin/mixin/mixin3/mixin/LayerSheepWoolMixin	com/moonsworth/lunar/legacy/mixin/LayerSheepWoolMixin
com/moonsworth/lunar/legacy/mixin2/mixin/mixin/mixin4/ShaderGroupMixin	com/moonsworth/lunar/legacy/mixin/ShaderGroupMixin2
com/moonsworth/lunar/legacy/mixin2/mixin/mixin/mixin4/ShaderMixin	com/moonsworth/lunar/legacy/mixin/ShaderMixin2
com/moonsworth/lunar/legacy/mixin2/mixin/mixin/mixin5/PositionedSoundMixin	com/moonsworth/lunar/legacy/mixin/PositionedSoundMixin
com/moonsworth/lunar/legacy/mixin2/mixin/mixin/mixin5/SoundManagerMixin	com/moonsworth/lunar/legacy/mixin/SoundManagerMixin2
com/moonsworth/lunar/legacy/mixin2/mixin/mixin/mixin5/SourceLWJGLOpenALMixin	com/moonsworth/lunar/legacy/mixin/SourceLWJGLOpenALMixin
com/moonsworth/lunar/legacy/mixin2/mixin/mixin/mixin6/GameSettingsMixin	com/moonsworth/lunar/legacy/mixin/GameSettingsMixin2
com/moonsworth/lunar/legacy/mixin2/mixin/mixin/mixin6/KeyBindingMixin	com/moonsworth/lunar/legacy/mixin/KeyBindingMixin2
com/moonsworth/lunar/legacy/mixin2/mixin/mixin/mixin6/KeyBinding_v1_7Mixin	com/moonsworth/lunar/legacy/mixin/KeyBinding_v1_7Mixin2
com/moonsworth/lunar/legacy/mixin2/mixin/mixin/mixin7/ModelHorseMixin	com/moonsworth/lunar/legacy/mixin/ModelHorseMixin
com/moonsworth/lunar/legacy/mixin2/mixin/mixin/mixin7/ModelLlamaMixin	com/moonsworth/lunar/legacy/mixin/ModelLlamaMixin
com/moonsworth/lunar/legacy/mixin2/mixin/mixin/mixin8/EffectRendererMixin	com/moonsworth/lunar/legacy/mixin/EffectRendererMixin2
com/moonsworth/lunar/legacy/mixin2/mixin/mixin/mixin9/FolderResourcePackMixin	com/moonsworth/lunar/legacy/mixin/FolderResourcePackMixin
com/moonsworth/lunar/legacy/mixin2/mixin/mixin/mixin9/HRICOROOOCCOCOROCRHHCRRIRCOICO	com/moonsworth/lunar/legacy/mixin/HRICOROOOCCOCOROCRHHCRRIRCOICO2
com/moonsworth/lunar/legacy/mixin2/mixin/mixin/mixin9/I18nMixin	com/moonsworth/lunar/legacy/mixin/I18nMixin
com/moonsworth/lunar/legacy/mixin2/mixin/mixin/mixin9/ResourcePackRepositoryMixin	com/moonsworth/lunar/legacy/mixin/ResourcePackRepositoryMixin2
com/moonsworth/lunar/legacy/mixin2/mixin/mixin/mixin9/SkinManagerMixin	com/moonsworth/lunar/legacy/mixin/SkinManagerMixin2
com/moonsworth/lunar/legacy/mixin2/mixin/mixin10/PotionEffectMixin	com/moonsworth/lunar/legacy/mixin/PotionEffectMixin2
com/moonsworth/lunar/legacy/mixin2/mixin/mixin11/HHRROIIHRRICIIHIIHICRHHRHOHHOO	com/moonsworth/lunar/legacy/mixin/HHRROIIHRRICIIHIIHICRHHRHOHHOO
com/moonsworth/lunar/legacy/mixin2/mixin/mixin11/HORHROIOIOICIRHIOCOICHHHIHCIIO	com/moonsworth/lunar/legacy/mixin/HORHROIOIOICIRHIOCOICHHHIHCIIO4
com/moonsworth/lunar/legacy/mixin2/mixin/mixin11/HRICOROOOCCOCOROCRHHCRRIRCOICO	com/moonsworth/lunar/legacy/mixin/HRICOROOOCCOCOROCRHHCRRIRCOICO3
com/moonsworth/lunar/legacy/mixin2/mixin/mixin12/CrashReportMixin	com/moonsworth/lunar/legacy/mixin/CrashReportMixin2
com/moonsworth/lunar/legacy/mixin2/mixin/mixin13/LayerCustomHeadMixin	com/moonsworth/lunar/legacy/mixin/LayerCustomHeadMixin
com/moonsworth/lunar/legacy/mixin2/mixin/mixin13/RenderPlayerMixin	com/moonsworth/lunar/legacy/mixin/RenderPlayerMixin3
com/moonsworth/lunar/legacy/mixin2/mixin/mixin13/TileEntityItemStackRendererMixin	com/moonsworth/lunar/legacy/mixin/TileEntityItemStackRendererMixin
com/moonsworth/lunar/legacy/mixin2/mixin/mixin13/TileEntitySkullRendererMixin	com/moonsworth/lunar/legacy/mixin/TileEntitySkullRendererMixin2
com/moonsworth/lunar/legacy/mixin2/mixin/mixin13/TileEntitySkullRenderer_v1_7Mixin	com/moonsworth/lunar/legacy/mixin/TileEntitySkullRenderer_v1_7Mixin2
com/moonsworth/lunar/legacy/mixin2/mixin/mixin14/EntityDiggingFXMixin	com/moonsworth/lunar/legacy/mixin/EntityDiggingFXMixin
com/moonsworth/lunar/legacy/mixin2/mixin/mixin15/JsonReaderMixin	com/moonsworth/lunar/legacy/mixin/JsonReaderMixin
com/moonsworth/lunar/legacy/mixin2/mixin/mixin16/ItemPotionMixin	com/moonsworth/lunar/legacy/mixin/ItemPotionMixin2
com/moonsworth/lunar/legacy/mixin2/mixin/mixin16/ItemSplashPotionMixin	com/moonsworth/lunar/legacy/mixin/ItemSplashPotionMixin
com/moonsworth/lunar/legacy/mixin2/mixin/mixin17/JndiManagerMixin	com/moonsworth/lunar/legacy/mixin/JndiManagerMixin
com/moonsworth/lunar/legacy/mixin2/mixin/mixin18/ScoreboardMixin	com/moonsworth/lunar/legacy/mixin/ScoreboardMixin2
com/moonsworth/lunar/legacy/mixin2/mixin/mixin19/StatFileWriterMixin	com/moonsworth/lunar/legacy/mixin/StatFileWriterMixin
com/moonsworth/lunar/legacy/mixin2/mixin/mixin19/StatFileWriterMixin$1	com/moonsworth/lunar/legacy/mixin/StatFileWriterMixin$1
com/moonsworth/lunar/legacy/mixin2/mixin/mixin19/StatFileWriterMixin$2	com/moonsworth/lunar/legacy/mixin/StatFileWriterMixin$2
com/moonsworth/lunar/legacy/mixin2/mixin/mixin19/StatFileWriterMixin$3	com/moonsworth/lunar/legacy/mixin/StatFileWriterMixin$3
com/moonsworth/lunar/legacy/mixin2/mixin/mixin19/StatListMixin	com/moonsworth/lunar/legacy/mixin/StatListMixin
com/moonsworth/lunar/legacy/mixin2/mixin/mixin19/StatisticsFileMixin	com/moonsworth/lunar/legacy/mixin/StatisticsFileMixin
com/moonsworth/lunar/legacy/mixin2/mixin/mixin2/ExplosionMixin	com/moonsworth/lunar/legacy/mixin/ExplosionMixin
com/moonsworth/lunar/legacy/mixin2/mixin/mixin2/WorldMixin	com/moonsworth/lunar/legacy/mixin/WorldMixin3
com/moonsworth/lunar/legacy/mixin2/mixin/mixin2/mixin/mixin/BlockBarrierMixin	com/moonsworth/lunar/legacy/mixin/BlockBarrierMixin
com/moonsworth/lunar/legacy/mixin2/mixin/mixin2/mixin/mixin/BlockDoublePlantMixin	com/moonsworth/lunar/legacy/mixin/BlockDoublePlantMixin2
com/moonsworth/lunar/legacy/mixin2/mixin/mixin2/mixin/mixin/BlockGlassMixin	com/moonsworth/lunar/legacy/mixin/BlockGlassMixin
com/moonsworth/lunar/legacy/mixin2/mixin/mixin2/mixin/mixin/BlockPaneMixin	com/moonsworth/lunar/legacy/mixin/BlockPaneMixin
com/moonsworth/lunar/legacy/mixin2/mixin/mixin2/mixin2/mixin/InventoryPlayerMixin	com/moonsworth/lunar/legacy/mixin/InventoryPlayerMixin2
com/moonsworth/lunar/legacy/mixin2/mixin/mixin2/mixin3/ChunkMixin	com/moonsworth/lunar/legacy/mixin/ChunkMixin2
com/moonsworth/lunar/legacy/mixin2/mixin/mixin2/mixin4/ItemMixin	com/moonsworth/lunar/legacy/mixin/ItemMixin2
com/moonsworth/lunar/legacy/mixin2/mixin/mixin2/mixin4/ItemStackMixin	com/moonsworth/lunar/legacy/mixin/ItemStackMixin2
com/moonsworth/lunar/legacy/mixin2/mixin/mixin3/mixin/IntegratedPlayerListMixin	com/moonsworth/lunar/legacy/mixin/IntegratedPlayerListMixin
com/moonsworth/lunar/legacy/mixin2/mixin/mixin3/mixin/NetHandlerHandshakeTCPMixin	com/moonsworth/lunar/legacy/mixin/NetHandlerHandshakeTCPMixin
com/moonsworth/lunar/legacy/mixin2/mixin/mixin3/mixin/NetHandlerLoginServerMixin	com/moonsworth/lunar/legacy/mixin/NetHandlerLoginServerMixin
com/moonsworth/lunar/legacy/mixin2/mixin/mixin3/mixin/mixin/ServerConfigurationManagerMixin	com/moonsworth/lunar/legacy/mixin/ServerConfigurationManagerMixin
com/moonsworth/lunar/legacy/mixin2/mixin/mixin4/EntityLivingBaseMixin	com/moonsworth/lunar/legacy/mixin/EntityLivingBaseMixin2
com/moonsworth/lunar/legacy/mixin2/mixin/mixin4/EntityMixin	com/moonsworth/lunar/legacy/mixin/EntityMixin2
com/moonsworth/lunar/legacy/mixin2/mixin/mixin4/EntityPlayerMixin	com/moonsworth/lunar/legacy/mixin/EntityPlayerMixin2
com/moonsworth/lunar/legacy/mixin2/mixin/mixin4/mixin/EntityArmorStandMixin	com/moonsworth/lunar/legacy/mixin/EntityArmorStandMixin2
com/moonsworth/lunar/legacy/mixin2/mixin/mixin4/mixin2/BossStatusMixin	com/moonsworth/lunar/legacy/mixin/BossStatusMixin
com/moonsworth/lunar/legacy/mixin2/mixin/mixin4/mixin3/EntityArrowMixin	com/moonsworth/lunar/legacy/mixin/EntityArrowMixin
com/moonsworth/lunar/legacy/mixin2/mixin/mixin4/mixin3/EntityFishHookMixin	com/moonsworth/lunar/legacy/mixin/EntityFishHookMixin
com/moonsworth/lunar/legacy/mixin2/mixin/mixin5/LinuxDisplayMixin	com/moonsworth/lunar/legacy/mixin/LinuxDisplayMixin
com/moonsworth/lunar/legacy/mixin2/mixin/mixin5/MacOSXDisplayMixin	com/moonsworth/lunar/legacy/mixin/MacOSXDisplayMixin
com/moonsworth/lunar/legacy/mixin2/mixin/mixin5/MouseMixin	com/moonsworth/lunar/legacy/mixin/MouseMixin
com/moonsworth/lunar/legacy/mixin2/mixin/mixin5/WindowsDisplayMixin	com/moonsworth/lunar/legacy/mixin/WindowsDisplayMixin
com/moonsworth/lunar/legacy/mixin2/mixin/mixin5/WindowsDisplayMixin$HORHROIOIOICIRHIOCOICHHHIHCIIO	com/moonsworth/lunar/legacy/mixin/WindowsDisplayMixin$HORHROIOIOICIRHIOCOICHHHIHCIIO
com/moonsworth/lunar/legacy/mixin2/mixin/mixin5/WindowsMouseMixin	com/moonsworth/lunar/legacy/mixin/WindowsMouseMixin
com/moonsworth/lunar/legacy/mixin2/mixin/mixin5/mixin/GL11Mixin	com/moonsworth/lunar/legacy/mixin/GL11Mixin
com/moonsworth/lunar/legacy/mixin2/mixin/mixin5/mixin/GL13Mixin	com/moonsworth/lunar/legacy/mixin/GL13Mixin
com/moonsworth/lunar/legacy/mixin2/mixin/mixin5/mixin/GL14Mixin	com/moonsworth/lunar/legacy/mixin/GL14Mixin
com/moonsworth/lunar/legacy/mixin2/mixin/mixin6/mixin/mixin/ALC10Mixin	com/moonsworth/lunar/legacy/mixin/ALC10Mixin
com/moonsworth/lunar/legacy/mixin2/mixin/mixin6/mixin/mixin/ALMixin	com/moonsworth/lunar/legacy/mixin/ALMixin
com/moonsworth/lunar/legacy/mixin2/mixin/mixin6/mixin/mixin/LibraryLWJGLOpenALMixin	com/moonsworth/lunar/legacy/mixin/LibraryLWJGLOpenALMixin
com/moonsworth/lunar/legacy/mixin2/mixin/mixin7/C00HandshakeMixin	com/moonsworth/lunar/legacy/mixin/C00HandshakeMixin
com/moonsworth/lunar/legacy/mixin2/mixin/mixin7/C01PacketChatMessageMixin	com/moonsworth/lunar/legacy/mixin/C01PacketChatMessageMixin2
com/moonsworth/lunar/legacy/mixin2/mixin/mixin7/HROHOIOCHIRIHICOORIHOHCIOIRIIH	com/moonsworth/lunar/legacy/mixin/HROHOIOCHIRIHICOORIHOHCIOIRIIH
com/moonsworth/lunar/legacy/mixin2/mixin/mixin7/MessageDeserializer2Mixin	com/moonsworth/lunar/legacy/mixin/MessageDeserializer2Mixin
com/moonsworth/lunar/legacy/mixin2/mixin/mixin7/NetHandlerPlayClientMixin	com/moonsworth/lunar/legacy/mixin/NetHandlerPlayClientMixin2
com/moonsworth/lunar/legacy/mixin2/mixin/mixin7/NetHandlerPlayServerMixin	com/moonsworth/lunar/legacy/mixin/NetHandlerPlayServerMixin
com/moonsworth/lunar/legacy/mixin2/mixin/mixin7/NetworkManagerMixin	com/moonsworth/lunar/legacy/mixin/NetworkManagerMixin2
com/moonsworth/lunar/legacy/mixin2/mixin/mixin7/NetworkManagerMixin$1	com/moonsworth/lunar/legacy/mixin/NetworkManagerMixin2$1
com/moonsworth/lunar/legacy/mixin2/mixin/mixin7/NetworkManager_v1_12Mixin	com/moonsworth/lunar/legacy/mixin/NetworkManager_v1_12Mixin2
com/moonsworth/lunar/legacy/mixin2/mixin/mixin7/NetworkManager_v1_12Mixin$1	com/moonsworth/lunar/legacy/mixin/NetworkManager_v1_12Mixin2$1
com/moonsworth/lunar/legacy/mixin2/mixin/mixin7/NetworkManager_v1_7Mixin	com/moonsworth/lunar/legacy/mixin/NetworkManager_v1_7Mixin2
com/moonsworth/lunar/legacy/mixin2/mixin/mixin7/NetworkManager_v1_7Mixin$1	com/moonsworth/lunar/legacy/mixin/NetworkManager_v1_7Mixin2$1
com/moonsworth/lunar/legacy/mixin2/mixin/mixin7/mixin/mixin/S0FPacketSpawnMobMixin	com/moonsworth/lunar/legacy/mixin/S0FPacketSpawnMobMixin
com/moonsworth/lunar/legacy/mixin2/mixin/mixin7/mixin/mixin/S14PacketEntityMixin	com/moonsworth/lunar/legacy/mixin/S14PacketEntityMixin
com/moonsworth/lunar/legacy/mixin2/mixin/mixin8/EnumChatFormattingMixin	com/moonsworth/lunar/legacy/mixin/EnumChatFormattingMixin2
com/moonsworth/lunar/legacy/mixin2/mixin/mixin8/MouseHelperMixin	com/moonsworth/lunar/legacy/mixin/MouseHelperMixin
com/moonsworth/lunar/legacy/mixin2/mixin/mixin8/TimerMixin	com/moonsworth/lunar/legacy/mixin/TimerMixin2
com/moonsworth/lunar/legacy/mixin2/mixin/mixin8/mixin/ChatComponentStyleMixin	com/moonsworth/lunar/legacy/mixin/ChatComponentStyleMixin
com/moonsworth/lunar/legacy/mixin2/mixin/mixin8/mixin/ChatStyleMixin	com/moonsworth/lunar/legacy/mixin/ChatStyleMixin
com/moonsworth/lunar/legacy/mixin2/mixin/mixin9/BlockMixin	com/moonsworth/lunar/legacy/mixin/BlockMixin2
com/moonsworth/lunar/legacy/mixin2/mixin/mixin9/BlockModelShapesMixin	com/moonsworth/lunar/legacy/mixin/BlockModelShapesMixin
com/moonsworth/lunar/legacy/mixin2/mixin/mixin9/BlockRendererDispatcherMixin	com/moonsworth/lunar/legacy/mixin/BlockRendererDispatcherMixin
com/moonsworth/lunar/legacy/mixin3/mixin/MinecraftMixin	com/moonsworth/lunar/legacy/mixin/MinecraftMixin3
com/moonsworth/lunar/legacy/optifine/mixin/AbstractClientPlayerMixin	com/moonsworth/lunar/legacy/mixin/AbstractClientPlayerMixin3
com/moonsworth/lunar/legacy/optifine/mixin/AbstractTextureMixin	com/moonsworth/lunar/legacy/mixin/AbstractTextureMixin3
com/moonsworth/lunar/legacy/optifine/mixin/BlockModelRendererMixin	com/moonsworth/lunar/legacy/mixin/BlockModelRendererMixin2
com/moonsworth/lunar/legacy/optifine/mixin/CapeUtilsMixin	com/moonsworth/lunar/legacy/mixin/CapeUtilsMixin
com/moonsworth/lunar/legacy/optifine/mixin/ConfigMixin	com/moonsworth/lunar/legacy/mixin/ConfigMixin
com/moonsworth/lunar/legacy/optifine/mixin/ConnectedPropertiesMixin	com/moonsworth/lunar/legacy/mixin/ConnectedPropertiesMixin
com/moonsworth/lunar/legacy/optifine/mixin/CustomColorsMixin	com/moonsworth/lunar/legacy/mixin/CustomColorsMixin
com/moonsworth/lunar/legacy/optifine/mixin/CustomItemPropertiesMixin	com/moonsworth/lunar/legacy/mixin/CustomItemPropertiesMixin
com/moonsworth/lunar/legacy/optifine/mixin/EntityRendererMixin	com/moonsworth/lunar/legacy/mixin/EntityRendererMixin3
com/moonsworth/lunar/legacy/optifine/mixin/FontRendererMixin	com/moonsworth/lunar/legacy/mixin/FontRendererMixin3
com/moonsworth/lunar/legacy/optifine/mixin/GameSettingsMixin	com/moonsworth/lunar/legacy/mixin/GameSettingsMixin3
com/moonsworth/lunar/legacy/optifine/mixin/GuiChatMixin	com/moonsworth/lunar/legacy/mixin/GuiChatMixin3
com/moonsworth/lunar/legacy/optifine/mixin/GuiScreenMixin	com/moonsworth/lunar/legacy/mixin/GuiScreenMixin3
com/moonsworth/lunar/legacy/optifine/mixin/GuiSlotMixin	com/moonsworth/lunar/legacy/mixin/GuiSlotMixin2
com/moonsworth/lunar/legacy/optifine/mixin/GuiVideoSettingsMixin	com/moonsworth/lunar/legacy/mixin/GuiVideoSettingsMixin
com/moonsworth/lunar/legacy/optifine/mixin/ItemStackMixin	com/moonsworth/lunar/legacy/mixin/ItemStackMixin3
com/moonsworth/lunar/legacy/optifine/mixin/LagometerMixin	com/moonsworth/lunar/legacy/mixin/LagometerMixin
com/moonsworth/lunar/legacy/optifine/mixin/MinecraftMixin	com/moonsworth/lunar/legacy/mixin/MinecraftMixin4
com/moonsworth/lunar/legacy/optifine/mixin/ModelRendererMixin	com/moonsworth/lunar/legacy/mixin/ModelRendererMixin3
com/moonsworth/lunar/legacy/optifine/mixin/PlayerConfigurationsMixin	com/moonsworth/lunar/legacy/mixin/PlayerConfigurationsMixin
com/moonsworth/lunar/legacy/optifine/mixin/PlayerItemsLayerMixin	com/moonsworth/lunar/legacy/mixin/PlayerItemsLayerMixin
com/moonsworth/lunar/legacy/optifine/mixin/ProgramMixin	com/moonsworth/lunar/legacy/mixin/ProgramMixin
com/moonsworth/lunar/legacy/optifine/mixin/RenderGlobalMixin	com/moonsworth/lunar/legacy/mixin/RenderGlobalMixin3
com/moonsworth/lunar/legacy/optifine/mixin/RenderItemMixin	com/moonsworth/lunar/legacy/mixin/RenderItemMixin3
com/moonsworth/lunar/legacy/optifine/mixin/RendererLivingEntityMixin	com/moonsworth/lunar/legacy/mixin/RendererLivingEntityMixin3
com/moonsworth/lunar/legacy/optifine/mixin/ShadersMixin	com/moonsworth/lunar/legacy/mixin/ShadersMixin
com/moonsworth/lunar/legacy/optifine/mixin/TextureMapMixin	com/moonsworth/lunar/legacy/mixin/TextureMapMixin3
com/moonsworth/lunar/legacy/optifine/mixin/ThreadDownloadImageDataMixin	com/moonsworth/lunar/legacy/mixin/ThreadDownloadImageDataMixin2
com/moonsworth/lunar/legacy/optifine/mixin/mixin/FieldLocatorNameMixin	com/moonsworth/lunar/legacy/mixin/FieldLocatorNameMixin
com/moonsworth/lunar/legacy/optifine/mixin/mixin/FieldLocatorTypeMixin	com/moonsworth/lunar/legacy/mixin/FieldLocatorTypeMixin
com/moonsworth/lunar/legacy/optifine/mixin/mixin/FieldLocatorTypesMixin	com/moonsworth/lunar/legacy/mixin/FieldLocatorTypesMixin
com/moonsworth/lunar/legacy/optifine/mixin/mixin/ReflectorClassMixin	com/moonsworth/lunar/legacy/mixin/ReflectorClassMixin
com/moonsworth/lunar/legacy/optifine/mixin/mixin/ReflectorMethodMixin	com/moonsworth/lunar/legacy/mixin/ReflectorMethodMixin
com/moonsworth/lunar/legacy/optifine/mixin/mixin2/ModelBakeryMixin	com/moonsworth/lunar/legacy/mixin/ModelBakeryMixin2
com/moonsworth/lunar/mixin/mixin/Vector3iMixin	com/moonsworth/lunar/mixin/Vector3iMixin
com/moonsworth/lunar/mixin/mixin/mixin/mixin/OpenGlHelperMixin	com/moonsworth/lunar/mixin/OpenGlHelperMixin
com/moonsworth/lunar/mixin/mixin/mixin/mixin/TessellatorMixin	com/moonsworth/lunar/mixin/TessellatorMixin
com/moonsworth/lunar/mixin/mixin/mixin/mixin/mixin/RenderBipedMixin	com/moonsworth/lunar/mixin/RenderBipedMixin
com/moonsworth/lunar/mixin/mixin/mixin/mixin/mixin/RendererLivingEntityMixin	com/moonsworth/lunar/mixin/RendererLivingEntityMixin
com/moonsworth/lunar/mixin/mixin/mixin/mixin2/EntityFXMixin	com/moonsworth/lunar/mixin/EntityFXMixin
com/moonsworth/lunar/mixin/mixin/mixin/mixin3/EntityClientPlayerMPMixin	com/moonsworth/lunar/mixin/EntityClientPlayerMPMixin
com/moonsworth/lunar/mixin/mixin/mixin/mixin3/EntityPlayerSPMixin	com/moonsworth/lunar/mixin/EntityPlayerSPMixin
com/moonsworth/lunar/mixin/mixin/mixin2/WorldMixin	com/moonsworth/lunar/mixin/WorldMixin
com/moonsworth/lunar/mixin/mixin/mixin2/mixin/ChunkMixin	com/moonsworth/lunar/mixin/ChunkMixin
com/moonsworth/lunar/mixin/mixin/mixin2/mixin2/BiomeGenBaseMixin	com/moonsworth/lunar/mixin/BiomeGenBaseMixin
com/moonsworth/lunar/mixin/mixin/mixin3/NetworkManagerMixin	com/moonsworth/lunar/mixin/NetworkManagerMixin
com/moonsworth/lunar/mixin/mixin/mixin4/MobSpawnerBaseLogicMixin	com/moonsworth/lunar/mixin/MobSpawnerBaseLogicMixin
com/moonsworth/lunar/mixin2/mixin/mixin/WorldMixin	com/moonsworth/lunar/mixin/WorldMixin2
com/moonsworth/lunar/mixin2/mixin/mixin/mixin/ChunkMixin	com/moonsworth/lunar/mixin/ChunkMixin2
com/moonsworth/lunar/mixin2/mixin/mixin/mixin2/BiomeGenBaseMixin	com/moonsworth/lunar/mixin/BiomeGenBaseMixin2
com/moonsworth/lunar/mixin2/mixin/mixin/mixin3/Vec4bMixin	com/moonsworth/lunar/mixin/Vec4bMixin
com/moonsworth/lunar/replaymod/forge/v1_12/mixin/ReplayModMixinConfigPluginMixin	com/moonsworth/lunar/replaymod/mixin/ReplayModMixinConfigPluginMixin
com/moonsworth/lunar/replaymod/forge/v1_12/mixin3/AbstractGuiButtonMixin	com/moonsworth/lunar/replaymod/mixin/AbstractGuiButtonMixin
com/moonsworth/lunar/replaymod/forge/v1_12/mixin3/AbstractGuiDropdownMenuMixin	com/moonsworth/lunar/replaymod/mixin/AbstractGuiDropdownMenuMixin
com/moonsworth/lunar/replaymod/forge/v1_12/mixin3/AbstractGuiElementMixin	com/moonsworth/lunar/replaymod/mixin/AbstractGuiElementMixin
com/moonsworth/lunar/replaymod/forge/v1_12/mixin3/AbstractGuiHorizontalScrollbarMixin	com/moonsworth/lunar/replaymod/mixin/AbstractGuiHorizontalScrollbarMixin
com/moonsworth/lunar/replaymod/forge/v1_12/mixin3/AbstractGuiLabelMixin	com/moonsworth/lunar/replaymod/mixin/AbstractGuiLabelMixin
com/moonsworth/lunar/replaymod/forge/v1_12/mixin3/AbstractGuiOverlayMixin	com/moonsworth/lunar/replaymod/mixin/AbstractGuiOverlayMixin
com/moonsworth/lunar/replaymod/forge/v1_12/mixin3/AbstractGuiPopupMixin	com/moonsworth/lunar/replaymod/mixin/AbstractGuiPopupMixin
com/moonsworth/lunar/replaymod/forge/v1_12/mixin3/AbstractGuiScreenMixin	com/moonsworth/lunar/replaymod/mixin/AbstractGuiScreenMixin
com/moonsworth/lunar/replaymod/forge/v1_12/mixin3/AbstractGuiScreenMixin$1	com/moonsworth/lunar/replaymod/mixin/AbstractGuiScreenMixin$1
com/moonsworth/lunar/replaymod/forge/v1_12/mixin3/AbstractGuiSliderMixin	com/moonsworth/lunar/replaymod/mixin/AbstractGuiSliderMixin
com/moonsworth/lunar/replaymod/forge/v1_12/mixin3/AbstractGuiTimelineMixin	com/moonsworth/lunar/replaymod/mixin/AbstractGuiTimelineMixin
com/moonsworth/lunar/replaymod/forge/v1_12/mixin3/AbstractGuiTimelineTimeMixin	com/moonsworth/lunar/replaymod/mixin/AbstractGuiTimelineTimeMixin
com/moonsworth/lunar/replaymod/forge/v1_12/mixin3/CameraEntityMixin	com/moonsworth/lunar/replaymod/mixin/CameraEntityMixin
com/moonsworth/lunar/replaymod/forge/v1_12/mixin3/ClassicCameraControllerMixin	com/moonsworth/lunar/replaymod/mixin/ClassicCameraControllerMixin
com/moonsworth/lunar/replaymod/forge/v1_12/mixin3/ConnectionEventHandlerMixin	com/moonsworth/lunar/replaymod/mixin/ConnectionEventHandlerMixin
com/moonsworth/lunar/replaymod/forge/v1_12/mixin3/DisableFastRenderMixin	com/moonsworth/lunar/replaymod/mixin/DisableFastRenderMixin
com/moonsworth/lunar/replaymod/forge/v1_12/mixin3/DropdownEntryMixin	com/moonsworth/lunar/replaymod/mixin/DropdownEntryMixin
com/moonsworth/lunar/replaymod/forge/v1_12/mixin3/ElementMixin	com/moonsworth/lunar/replaymod/mixin/ElementMixin
com/moonsworth/lunar/replaymod/forge/v1_12/mixin3/EntityRendererHandlerMixin	com/moonsworth/lunar/replaymod/mixin/EntityRendererHandlerMixin
com/moonsworth/lunar/replaymod/forge/v1_12/mixin3/EventHandlerMixin	com/moonsworth/lunar/replaymod/mixin/EventHandlerMixin
com/moonsworth/lunar/replaymod/forge/v1_12/mixin3/FullBrightnessMixin	com/moonsworth/lunar/replaymod/mixin/FullBrightnessMixin
com/moonsworth/lunar/replaymod/forge/v1_12/mixin3/GuiBackgroundProcessesMixin	com/moonsworth/lunar/replaymod/mixin/GuiBackgroundProcessesMixin
com/moonsworth/lunar/replaymod/forge/v1_12/mixin3/GuiHandlerMixin	com/moonsworth/lunar/replaymod/mixin/GuiHandlerMixin
com/moonsworth/lunar/replaymod/forge/v1_12/mixin3/GuiHandlerMixin2	com/moonsworth/lunar/replaymod/mixin/GuiHandlerMixin2
com/moonsworth/lunar/replaymod/forge/v1_12/mixin3/GuiPathingMixin	com/moonsworth/lunar/replaymod/mixin/GuiPathingMixin
com/moonsworth/lunar/replaymod/forge/v1_12/mixin3/GuiPathingMixin2	com/moonsworth/lunar/replaymod/mixin/GuiPathingMixin2
com/moonsworth/lunar/replaymod/forge/v1_12/mixin3/GuiRecordingControlsMixin	com/moonsworth/lunar/replaymod/mixin/GuiRecordingControlsMixin
com/moonsworth/lunar/replaymod/forge/v1_12/mixin3/GuiRecordingOverlayMixin	com/moonsworth/lunar/replaymod/mixin/GuiRecordingOverlayMixin
com/moonsworth/lunar/replaymod/forge/v1_12/mixin3/GuiReplayListMixin	com/moonsworth/lunar/replaymod/mixin/GuiReplayListMixin
com/moonsworth/lunar/replaymod/forge/v1_12/mixin3/GuiSavingReplayMixin	com/moonsworth/lunar/replaymod/mixin/GuiSavingReplayMixin
com/moonsworth/lunar/replaymod/forge/v1_12/mixin3/MCVerMixin	com/moonsworth/lunar/replaymod/mixin/MCVerMixin
com/moonsworth/lunar/replaymod/forge/v1_12/mixin3/MessageDeserializerMixin	com/moonsworth/lunar/replaymod/mixin/MessageDeserializerMixin
com/moonsworth/lunar/replaymod/forge/v1_12/mixin3/PacketListenerMixin	com/moonsworth/lunar/replaymod/mixin/PacketListenerMixin
com/moonsworth/lunar/replaymod/forge/v1_12/mixin3/PboOpenGlFrameCapturerMixin	com/moonsworth/lunar/replaymod/mixin/PboOpenGlFrameCapturerMixin
com/moonsworth/lunar/replaymod/forge/v1_12/mixin3/ReplayHandlerMixin	com/moonsworth/lunar/replaymod/mixin/ReplayHandlerMixin
com/moonsworth/lunar/replaymod/forge/v1_12/mixin3/ReplayModBackendMixin	com/moonsworth/lunar/replaymod/mixin/ReplayModBackendMixin
com/moonsworth/lunar/replaymod/forge/v1_12/mixin3/ReplayModMixin	com/moonsworth/lunar/replaymod/mixin/ReplayModMixin
com/moonsworth/lunar/replaymod/forge/v1_12/mixin3/ReplayModRecordingMixin	com/moonsworth/lunar/replaymod/mixin/ReplayModRecordingMixin
com/moonsworth/lunar/replaymod/forge/v1_12/mixin3/SettingKeysMixin	com/moonsworth/lunar/replaymod/mixin/SettingKeysMixin
com/moonsworth/lunar/replaymod/forge/v1_12/mixin3/SettingsRegistryMixin	com/moonsworth/lunar/replaymod/mixin/SettingsRegistryMixin
com/moonsworth/lunar/replaymod/forge/v1_12/mixin3/VanillaGuiScreenMixin	com/moonsworth/lunar/replaymod/mixin/VanillaGuiScreenMixin
com/moonsworth/lunar/replaymod/forge/v1_8/mixin/ReplayModMixinConfigPluginMixin	com/moonsworth/lunar/replaymod/mixin/ReplayModMixinConfigPluginMixin2
com/moonsworth/lunar/replaymod/forge/v1_8/mixin3/AbstractGuiButtonMixin	com/moonsworth/lunar/replaymod/mixin/AbstractGuiButtonMixin2
com/moonsworth/lunar/replaymod/forge/v1_8/mixin3/AbstractGuiDropdownMenuMixin	com/moonsworth/lunar/replaymod/mixin/AbstractGuiDropdownMenuMixin2
com/moonsworth/lunar/replaymod/forge/v1_8/mixin3/AbstractGuiElementMixin	com/moonsworth/lunar/replaymod/mixin/AbstractGuiElementMixin2
com/moonsworth/lunar/replaymod/forge/v1_8/mixin3/AbstractGuiHorizontalScrollbarMixin	com/moonsworth/lunar/replaymod/mixin/AbstractGuiHorizontalScrollbarMixin2
com/moonsworth/lunar/replaymod/forge/v1_8/mixin3/AbstractGuiLabelMixin	com/moonsworth/lunar/replaymod/mixin/AbstractGuiLabelMixin2
com/moonsworth/lunar/replaymod/forge/v1_8/mixin3/AbstractGuiOverlayMixin	com/moonsworth/lunar/replaymod/mixin/AbstractGuiOverlayMixin2
com/moonsworth/lunar/replaymod/forge/v1_8/mixin3/AbstractGuiPopupMixin	com/moonsworth/lunar/replaymod/mixin/AbstractGuiPopupMixin2
com/moonsworth/lunar/replaymod/forge/v1_8/mixin3/AbstractGuiScreenMixin	com/moonsworth/lunar/replaymod/mixin/AbstractGuiScreenMixin2
com/moonsworth/lunar/replaymod/forge/v1_8/mixin3/AbstractGuiScreenMixin$1	com/moonsworth/lunar/replaymod/mixin/AbstractGuiScreenMixin2$1
com/moonsworth/lunar/replaymod/forge/v1_8/mixin3/AbstractGuiSliderMixin	com/moonsworth/lunar/replaymod/mixin/AbstractGuiSliderMixin2
com/moonsworth/lunar/replaymod/forge/v1_8/mixin3/AbstractGuiTimelineMixin	com/moonsworth/lunar/replaymod/mixin/AbstractGuiTimelineMixin2
com/moonsworth/lunar/replaymod/forge/v1_8/mixin3/AbstractGuiTimelineTimeMixin	com/moonsworth/lunar/replaymod/mixin/AbstractGuiTimelineTimeMixin2
com/moonsworth/lunar/replaymod/forge/v1_8/mixin3/CameraEntityMixin	com/moonsworth/lunar/replaymod/mixin/CameraEntityMixin2
com/moonsworth/lunar/replaymod/forge/v1_8/mixin3/ClassicCameraControllerMixin	com/moonsworth/lunar/replaymod/mixin/ClassicCameraControllerMixin2
com/moonsworth/lunar/replaymod/forge/v1_8/mixin3/ConnectionEventHandlerMixin	com/moonsworth/lunar/replaymod/mixin/ConnectionEventHandlerMixin2
com/moonsworth/lunar/replaymod/forge/v1_8/mixin3/DisableFastRenderMixin	com/moonsworth/lunar/replaymod/mixin/DisableFastRenderMixin2
com/moonsworth/lunar/replaymod/forge/v1_8/mixin3/DropdownEntryMixin	com/moonsworth/lunar/replaymod/mixin/DropdownEntryMixin2
com/moonsworth/lunar/replaymod/forge/v1_8/mixin3/ElementMixin	com/moonsworth/lunar/replaymod/mixin/ElementMixin2
com/moonsworth/lunar/replaymod/forge/v1_8/mixin3/EntityRendererHandlerMixin	com/moonsworth/lunar/replaymod/mixin/EntityRendererHandlerMixin2
com/moonsworth/lunar/replaymod/forge/v1_8/mixin3/EventHandlerMixin	com/moonsworth/lunar/replaymod/mixin/EventHandlerMixin2
com/moonsworth/lunar/replaymod/forge/v1_8/mixin3/FullBrightnessMixin	com/moonsworth/lunar/replaymod/mixin/FullBrightnessMixin2
com/moonsworth/lunar/replaymod/forge/v1_8/mixin3/GuiBackgroundProcessesMixin	com/moonsworth/lunar/replaymod/mixin/GuiBackgroundProcessesMixin2
com/moonsworth/lunar/replaymod/forge/v1_8/mixin3/GuiHandlerMixin	com/moonsworth/lunar/replaymod/mixin/GuiHandlerMixin3
com/moonsworth/lunar/replaymod/forge/v1_8/mixin3/GuiHandlerMixin2	com/moonsworth/lunar/replaymod/mixin/GuiHandlerMixin22
com/moonsworth/lunar/replaymod/forge/v1_8/mixin3/GuiPathingMixin	com/moonsworth/lunar/replaymod/mixin/GuiPathingMixin3
com/moonsworth/lunar/replaymod/forge/v1_8/mixin3/GuiPathingMixin2	com/moonsworth/lunar/replaymod/mixin/GuiPathingMixin22
com/moonsworth/lunar/replaymod/forge/v1_8/mixin3/GuiRecordingControlsMixin	com/moonsworth/lunar/replaymod/mixin/GuiRecordingControlsMixin2
com/moonsworth/lunar/replaymod/forge/v1_8/mixin3/GuiRecordingOverlayMixin	com/moonsworth/lunar/replaymod/mixin/GuiRecordingOverlayMixin2
com/moonsworth/lunar/replaymod/forge/v1_8/mixin3/GuiReplayListMixin	com/moonsworth/lunar/replaymod/mixin/GuiReplayListMixin2
com/moonsworth/lunar/replaymod/forge/v1_8/mixin3/GuiSavingReplayMixin	com/moonsworth/lunar/replaymod/mixin/GuiSavingReplayMixin2
com/moonsworth/lunar/replaymod/forge/v1_8/mixin3/MCVerMixin	com/moonsworth/lunar/replaymod/mixin/MCVerMixin2
com/moonsworth/lunar/replaymod/forge/v1_8/mixin3/MessageDeserializerMixin	com/moonsworth/lunar/replaymod/mixin/MessageDeserializerMixin2
com/moonsworth/lunar/replaymod/forge/v1_8/mixin3/PacketListenerMixin	com/moonsworth/lunar/replaymod/mixin/PacketListenerMixin2
com/moonsworth/lunar/replaymod/forge/v1_8/mixin3/PboOpenGlFrameCapturerMixin	com/moonsworth/lunar/replaymod/mixin/PboOpenGlFrameCapturerMixin2
com/moonsworth/lunar/replaymod/forge/v1_8/mixin3/ReplayHandlerMixin	com/moonsworth/lunar/replaymod/mixin/ReplayHandlerMixin2
com/moonsworth/lunar/replaymod/forge/v1_8/mixin3/ReplayModBackendMixin	com/moonsworth/lunar/replaymod/mixin/ReplayModBackendMixin2
com/moonsworth/lunar/replaymod/forge/v1_8/mixin3/ReplayModMixin	com/moonsworth/lunar/replaymod/mixin/ReplayModMixin2
com/moonsworth/lunar/replaymod/forge/v1_8/mixin3/ReplayModRecordingMixin	com/moonsworth/lunar/replaymod/mixin/ReplayModRecordingMixin2
com/moonsworth/lunar/replaymod/forge/v1_8/mixin3/SettingKeysMixin	com/moonsworth/lunar/replaymod/mixin/SettingKeysMixin2
com/moonsworth/lunar/replaymod/forge/v1_8/mixin3/SettingsRegistryMixin	com/moonsworth/lunar/replaymod/mixin/SettingsRegistryMixin2
com/moonsworth/lunar/replaymod/forge/v1_8/mixin3/VanillaGuiScreenMixin	com/moonsworth/lunar/replaymod/mixin/VanillaGuiScreenMixin2
com/moonsworth/lunar/v1_12/forge/mixin/C00HandshakeMixin	com/moonsworth/lunar/v1_12/mixin/C00HandshakeMixin
com/moonsworth/lunar/v1_12/forge/mixin/ClientBrandRetrieverMixin	com/moonsworth/lunar/v1_12/mixin/ClientBrandRetrieverMixin
com/moonsworth/lunar/v1_12/forge/mixin/FMLClientHandlerMixin	com/moonsworth/lunar/v1_12/mixin/FMLClientHandlerMixin
com/moonsworth/lunar/v1_12/forge/mixin/ForgeHooksClientMixin	com/moonsworth/lunar/v1_12/mixin/ForgeHooksClientMixin
com/moonsworth/lunar/v1_12/forge/mixin/GuiIngameForgeMixin	com/moonsworth/lunar/v1_12/mixin/GuiIngameForgeMixin
com/moonsworth/lunar/v1_12/forge/mixin/GuiScreenMixin	com/moonsworth/lunar/v1_12/mixin/GuiScreenMixin
com/moonsworth/lunar/v1_12/forge/mixin/GuiUtilsMixin	com/moonsworth/lunar/v1_12/mixin/GuiUtilsMixin
com/moonsworth/lunar/v1_12/forge/mixin/KeyBindingMixin	com/moonsworth/lunar/v1_12/mixin/KeyBindingMixin
com/moonsworth/lunar/v1_12/forge/mixin/NetHandlerLoginClientMixin	com/moonsworth/lunar/v1_12/mixin/NetHandlerLoginClientMixin
com/moonsworth/lunar/v1_12/forge/mixin/NetHandlerPlayClientMixin	com/moonsworth/lunar/v1_12/mixin/NetHandlerPlayClientMixin
com/moonsworth/lunar/v1_12/forge/mixin/ServerListEntryNormalMixin	com/moonsworth/lunar/v1_12/mixin/ServerListEntryNormalMixin
com/moonsworth/lunar/v1_12/forge/mixin/ServerPingerMixin	com/moonsworth/lunar/v1_12/mixin/ServerPingerMixin
com/moonsworth/lunar/v1_7/optifine/mixin/AbstractTextureMixin	com/moonsworth/lunar/v1_7/mixin/AbstractTextureMixin
com/moonsworth/lunar/v1_7/optifine/mixin/ConfigMixin	com/moonsworth/lunar/v1_7/mixin/ConfigMixin
com/moonsworth/lunar/v1_7/optifine/mixin/ConnectedPropertiesMixin	com/moonsworth/lunar/v1_7/mixin/ConnectedPropertiesMixin
com/moonsworth/lunar/v1_7/optifine/mixin/CustomColorizerMixin	com/moonsworth/lunar/v1_7/mixin/CustomColorizerMixin
com/moonsworth/lunar/v1_7/optifine/mixin/CustomSkyLayerMixin	com/moonsworth/lunar/v1_7/mixin/CustomSkyLayerMixin
com/moonsworth/lunar/v1_7/optifine/mixin/CustomSkyMixin	com/moonsworth/lunar/v1_7/mixin/CustomSkyMixin
com/moonsworth/lunar/v1_7/optifine/mixin/EntityRendererMixin	com/moonsworth/lunar/v1_7/mixin/EntityRendererMixin
com/moonsworth/lunar/v1_7/optifine/mixin/FontRendererMixin	com/moonsworth/lunar/v1_7/mixin/FontRendererMixin
com/moonsworth/lunar/v1_7/optifine/mixin/GuiVideoSettingsMixin	com/moonsworth/lunar/v1_7/mixin/GuiVideoSettingsMixin
com/moonsworth/lunar/v1_7/optifine/mixin/HIOROOCORHICHIRIHIRCCORCIIICCH	com/moonsworth/lunar/v1_7/mixin/HIOROOCORHICHIRIHIRCCORCIIICCH
com/moonsworth/lunar/v1_7/optifine/mixin/ItemRendererOFMixin	com/moonsworth/lunar/v1_7/mixin/ItemRendererOFMixin
com/moonsworth/lunar/v1_7/optifine/mixin/MinecraftMixin	com/moonsworth/lunar/v1_7/mixin/MinecraftMixin
com/moonsworth/lunar/v1_7/optifine/mixin/RenderPlayerOFMixin	com/moonsworth/lunar/v1_7/mixin/RenderPlayerOFMixin
com/moonsworth/lunar/v1_8/forge/mixin/C00HandshakeMixin	com/moonsworth/lunar/v1_8/mixin/C00HandshakeMixin
com/moonsworth/lunar/v1_8/forge/mixin/ClientBrandRetrieverMixin	com/moonsworth/lunar/v1_8/mixin/ClientBrandRetrieverMixin
com/moonsworth/lunar/v1_8/forge/mixin/ClientCommandHandlerMixin	com/moonsworth/lunar/v1_8/mixin/ClientCommandHandlerMixin
com/moonsworth/lunar/v1_8/forge/mixin/FMLClientHandlerMixin	com/moonsworth/lunar/v1_8/mixin/FMLClientHandlerMixin
com/moonsworth/lunar/v1_8/forge/mixin/ForgeHooksClientMixin	com/moonsworth/lunar/v1_8/mixin/ForgeHooksClientMixin
com/moonsworth/lunar/v1_8/forge/mixin/GuiIngameForgeMixin	com/moonsworth/lunar/v1_8/mixin/GuiIngameForgeMixin
com/moonsworth/lunar/v1_8/forge/mixin/GuiScreenMixin	com/moonsworth/lunar/v1_8/mixin/GuiScreenMixin
com/moonsworth/lunar/v1_8/forge/mixin/GuiSlotMixin	com/moonsworth/lunar/v1_8/mixin/GuiSlotMixin
com/moonsworth/lunar/v1_8/forge/mixin/GuiUtilsMixin	com/moonsworth/lunar/v1_8/mixin/GuiUtilsMixin
com/moonsworth/lunar/v1_8/forge/mixin/NetHandlerLoginClientMixin	com/moonsworth/lunar/v1_8/mixin/NetHandlerLoginClientMixin
com/moonsworth/lunar/v1_8/forge/mixin/NetHandlerLoginServerMixin	com/moonsworth/lunar/v1_8/mixin/NetHandlerLoginServerMixin
com/moonsworth/lunar/v1_8/forge/mixin/NetHandlerPlayClientMixin	com/moonsworth/lunar/v1_8/mixin/NetHandlerPlayClientMixin
com/moonsworth/lunar/v1_8/forge/mixin/OldServerPingerMixin	com/moonsworth/lunar/v1_8/mixin/OldServerPingerMixin
com/moonsworth/lunar/v1_8/forge/mixin/RenderEntityItemMixin	com/moonsworth/lunar/v1_8/mixin/RenderEntityItemMixin
com/moonsworth/lunar/v1_8/forge/mixin/ServerConfigurationManagerMixin	com/moonsworth/lunar/v1_8/mixin/ServerConfigurationManagerMixin
com/moonsworth/lunar/v1_8/forge/mixin/ServerListEntryNormalMixin	com/moonsworth/lunar/v1_8/mixin/ServerListEntryNormalMixin
com/moonsworth/lunar/v1_8/forge/mixin/TextureMapMixin	com/moonsworth/lunar/v1_8/mixin/TextureMapMixin
com/moonsworth/lunar/v1_8/optifine/mixin/GuiEditSignMixin	com/moonsworth/lunar/v1_8/mixin/GuiEditSignMixin
com/moonsworth/lunar/v1_8/optifine/mixin/MinecraftMixin	com/moonsworth/lunar/v1_8/mixin/MinecraftMixin
com/moonsworth/lunar/v1_8/optifine/mixin/RandomEntitiesMixin	com/moonsworth/lunar/v1_8/mixin/RandomEntitiesMixin
com/moonsworth/lunar/v1_8/optifine/mixin/TileEntitySignRendererMixin	com/moonsworth/lunar/v1_8/mixin/TileEntitySignRendererMixin
com/moonsworth/lunar/v1_8/optifine/mixin/VboRegionMixin	com/moonsworth/lunar/v1_8/mixin/VboRegionMixin
