old.package	Old	new.fqn	evidence
com.moonsworth.lunar.genesis	AbstractCache	com.google.common.cache.AbstractCache	tier score 66.1 margin 21.9
com.moonsworth.lunar.genesis	AbstractCache$StatsCounter	com.google.common.cache.AbstractCache$StatsCounter	tier score 31.3 margin 5.0
com.moonsworth.lunar.genesis	AbstractCollectionBase2	com.google.common.collect.EnumMultiset	tier score 169.0 margin 76.3
com.moonsworth.lunar.genesis	AbstractCollectionBase32	com.google.common.collect.HashMultiset	tier score 46.2 margin 8.3
com.moonsworth.lunar.genesis	AbstractCollectionBase4	com.google.common.collect.ConcurrentHashMultiset	tier score 228.7 margin 133.4
com.moonsworth.lunar.genesis	AbstractCollectionBase52	com.google.common.collect.TreeMultiset	tier score 173.9 margin 76.2
com.moonsworth.lunar.genesis	AbstractCollectionIterator	com.google.common.collect.ImmutableCollection	tier score 99.6 margin 38.0
com.moonsworth.lunar.genesis	AbstractCollectionIterator3	com.google.common.collect.ImmutableList	tier score 999.0 margin 999.0
com.moonsworth.lunar.genesis	AbstractCollectionIterator42	com.google.common.collect.ImmutableMultiset	tier score 101.4 margin 30.7
com.moonsworth.lunar.genesis	AbstractCollectionIterator4222	com.google.common.collect.ImmutableSortedMultiset	tier score 98.6 margin 36.0
com.moonsworth.lunar.genesis	AbstractCollectionIterator5	com.google.common.collect.ImmutableSet	tier score 179.3 margin 74.1
com.moonsworth.lunar.genesis	AbstractCollectionIterator562	com.google.common.collect.ImmutableSortedSet	tier score 160.7 margin 53.2
com.moonsworth.lunar.genesis	AbstractCollectionIterator5622	com.google.common.collect.ContiguousSet	tier score 47.9 margin 19.5
com.moonsworth.lunar.genesis	AbstractExecutorServiceBase	com.google.common.util.concurrent.AbstractListeningExecutorService	tier score 37.7 margin 14.3
com.moonsworth.lunar.genesis	AbstractGraph	com.google.common.graph.AbstractGraph	tier score 55.9 margin 8.7
com.moonsworth.lunar.genesis	AbstractInvocationHandler	com.google.common.reflect.AbstractInvocationHandler	tier score 66.0 margin 40.0
com.moonsworth.lunar.genesis	AbstractListeningExecutorService	com.google.common.util.concurrent.AbstractListeningExecutorService	tier score 57.9 margin 27.4
com.moonsworth.lunar.genesis	AbstractLoadingCache	com.google.common.cache.AbstractLoadingCache	tier score 54.2 margin 21.6
com.moonsworth.lunar.genesis	AbstractQueueIterator	com.google.common.collect.MinMaxPriorityQueue	tier score 179.8 margin 69.4
com.moonsworth.lunar.genesis	AbstractScheduledService$CustomScheduler$Schedule	com.google.common.util.concurrent.AbstractScheduledService$CustomScheduler$Schedule	tier score 18.2 margin 8.3
com.moonsworth.lunar.genesis	AbstractScheduledService$Scheduler	com.google.common.util.concurrent.AbstractScheduledService$Scheduler	tier score 72.7 margin 38.7
com.moonsworth.lunar.genesis	AbstractSequentialIterator	com.google.common.collect.AbstractSequentialIterator	tier score 31.6 margin 12.4
com.moonsworth.lunar.genesis	AbstractValueGraph	com.google.common.graph.AbstractValueGraph	tier score 75.7 margin 24.1
com.moonsworth.lunar.genesis	AllowConcurrentEvents	com.google.common.eventbus.AllowConcurrentEvents	tier score 24.2 margin 8.9
com.moonsworth.lunar.genesis	AnnotatedElementIterator	com.google.common.reflect.Parameter	tier score 72.4 margin 42.0
com.moonsworth.lunar.genesis	Annotation	com.google.common.annotations.GwtCompatible	tier score 999.0 margin 999.0
com.moonsworth.lunar.genesis	ArrayBasedCharEscaper	com.google.common.escape.ArrayBasedCharEscaper	tier score 45.4 margin 13.5
com.moonsworth.lunar.genesis	ArrayBasedEscaperMap	com.google.common.escape.ArrayBasedEscaperMap	tier score 41.3 margin 20.2
com.moonsworth.lunar.genesis	ArrayBasedUnicodeEscaper	com.google.common.escape.ArrayBasedUnicodeEscaper	tier score 62.2 margin 30.4
com.moonsworth.lunar.genesis	ArrayListMultimap	com.google.common.collect.ArrayListMultimap	tier score 79.4 margin 27.7
com.moonsworth.lunar.genesis	Ascii	com.google.common.base.Ascii	tier score 69.8 margin 42.0
com.moonsworth.lunar.genesis	AsyncCallable	com.google.common.util.concurrent.AsyncCallable	tier score 21.4 margin 7.9
com.moonsworth.lunar.genesis	AsyncFunction	com.google.common.util.concurrent.AsyncFunction	tier score 25.3 margin 9.6
com.moonsworth.lunar.genesis	AtomicDouble	com.google.common.util.concurrent.AtomicDouble	tier score 99.7 margin 40.7
com.moonsworth.lunar.genesis	AtomicLongMap	com.google.common.util.concurrent.AtomicLongMap	tier score 165.8 margin 99.7
com.moonsworth.lunar.genesis	Atomics	com.google.common.util.concurrent.Atomics	tier score 39.6 margin 22.6
com.moonsworth.lunar.genesis	BaseEncoding$DecodingException	com.google.common.io.BaseEncoding$DecodingException	tier score 13.1 margin 2.9
com.moonsworth.lunar.genesis	Beta	com.google.common.annotations.Beta	tier score 33.9 margin 4.6
com.moonsworth.lunar.genesis	BiMap	com.google.common.collect.BiMap	tier score 33.8 margin 5.0
com.moonsworth.lunar.genesis	BiPredicateLoader	com.google.common.base.Equivalence	tier score 45.8 margin 11.7
com.moonsworth.lunar.genesis	BoundType	com.google.common.collect.BoundType	tier score 27.5 margin 10.1
com.moonsworth.lunar.genesis	ByteArrayDataInput	com.google.common.io.ByteArrayDataInput	tier score 62.9 margin 9.2
com.moonsworth.lunar.genesis	ByteArrayDataOutput	com.google.common.io.ByteArrayDataOutput	tier score 54.0 margin 8.8
com.moonsworth.lunar.genesis	ByteProcessor	com.google.common.io.ByteProcessor	tier score 49.0 margin 26.6
com.moonsworth.lunar.genesis	CIterator23	com.google.common.collect.HashBasedTable	tier score 999.0 margin 999.0
com.moonsworth.lunar.genesis	CIterator3	com.google.common.collect.ArrayTable	tier score 160.5 margin 72.9
com.moonsworth.lunar.genesis	CIterator4	com.google.common.collect.ImmutableTable	tier score 114.2 margin 39.6
com.moonsworth.lunar.genesis	Cache	com.google.common.cache.Cache	tier score 999.0 margin 999.0
com.moonsworth.lunar.genesis	CacheLoader$InvalidCacheLoadException	com.google.common.cache.CacheLoader$InvalidCacheLoadException	tier score 12.2 margin 5.0
com.moonsworth.lunar.genesis	CacheLoader$UnsupportedLoadingOperationException	com.google.common.cache.CacheLoader$UnsupportedLoadingOperationException	tier score 11.6 margin 3.4
com.moonsworth.lunar.genesis	CacheStats	com.google.common.cache.CacheStats	tier score 91.3 margin 20.4
com.moonsworth.lunar.genesis	Callables	com.google.common.util.concurrent.Callables	tier score 66.5 margin 31.8
com.moonsworth.lunar.genesis	CharEscaper	com.google.common.escape.CharEscaper	tier score 61.0 margin 9.0
com.moonsworth.lunar.genesis	CharSink	com.google.common.io.CharSink	tier score 93.7 margin 39.8
com.moonsworth.lunar.genesis	Charsets	com.google.common.base.Charsets	tier score 41.8 margin 6.6
com.moonsworth.lunar.genesis	ClassToInstanceMap	com.google.common.collect.ClassToInstanceMap	tier score 47.3 margin 16.9
com.moonsworth.lunar.genesis	Closeables	com.google.common.io.Closeables	tier score 55.9 margin 9.6
com.moonsworth.lunar.genesis	CollectionExtension	com.google.common.collect.Multiset	tier score 71.8 margin 14.6
com.moonsworth.lunar.genesis	ComparableExtension	com.google.common.collect.RangeMap	tier score 51.1 margin 11.5
com.moonsworth.lunar.genesis	Comparator	com.google.common.collect.Ordering	tier score 114.5 margin 55.1
com.moonsworth.lunar.genesis	Comparators	com.google.common.collect.Comparators	tier score 114.2 margin 62.6
com.moonsworth.lunar.genesis	ComputationException	com.google.common.collect.ComputationException	tier score 23.6 margin 9.9
com.moonsworth.lunar.genesis	ConcurrentUninterruptibles	com.google.common.util.concurrent.Uninterruptibles	tier score 133.8 margin 67.9
com.moonsworth.lunar.genesis	CountingInputStream	com.google.common.io.CountingInputStream	tier score 67.6 margin 18.7
com.moonsworth.lunar.genesis	CountingOutputStream	com.google.common.io.CountingOutputStream	tier score 33.4 margin 12.6
com.moonsworth.lunar.genesis	DeadEvent	com.google.common.eventbus.DeadEvent	tier score 28.4 margin 13.7
com.moonsworth.lunar.genesis	Defaults	com.google.common.base.Defaults	tier score 32.9 margin 16.9
com.moonsworth.lunar.genesis	EnumBiMap	com.google.common.collect.EnumBiMap	tier score 95.8 margin 24.2
com.moonsworth.lunar.genesis	EnumHashBiMap	com.google.common.collect.EnumHashBiMap	tier score 98.5 margin 21.8
com.moonsworth.lunar.genesis	Equivalence$Wrapper	com.google.common.base.Equivalence$Wrapper	tier score 29.3 margin 9.5
com.moonsworth.lunar.genesis	Escaper	com.google.common.escape.Escaper	tier score 49.2 margin 27.5
com.moonsworth.lunar.genesis	Escapers$Builder	com.google.common.escape.Escapers$Builder	tier score 51.0 margin 19.6
com.moonsworth.lunar.genesis	EvictingQueue	com.google.common.collect.EvictingQueue	tier score 78.0 margin 48.4
com.moonsworth.lunar.genesis	ExecutionError	com.google.common.util.concurrent.ExecutionError	tier score 20.2 margin 4.3
com.moonsworth.lunar.genesis	ExecutorServiceExtension	com.google.common.util.concurrent.ListeningExecutorService	tier score 75.8 margin 39.8
com.moonsworth.lunar.genesis	FakeTimeLimiter	com.google.common.util.concurrent.FakeTimeLimiter	tier score 82.4 margin 14.1
com.moonsworth.lunar.genesis	FileSystemException	com.google.common.io.InsecureRecursiveDeleteException	tier score 28.6 margin 10.5
com.moonsworth.lunar.genesis	FileWriteMode	com.google.common.io.FileWriteMode	tier score 15.6 margin 2.1
com.moonsworth.lunar.genesis	FilenameFilter	com.google.common.io.PatternFilenameFilter	tier score 30.2 margin 7.5
com.moonsworth.lunar.genesis	FilterInputStreamLoader	com.google.common.io.LittleEndianDataInputStream	tier score 102.0 margin 34.4
com.moonsworth.lunar.genesis	FilterOutputStreamSerializer2	com.google.common.io.LittleEndianDataOutputStream	tier score 75.1 margin 23.2
com.moonsworth.lunar.genesis	FinalizablePhantomReference	com.google.common.base.FinalizablePhantomReference	tier score 27.2 margin 9.9
com.moonsworth.lunar.genesis	FinalizableReference	com.google.common.base.FinalizableReference	tier score 43.3 margin 27.4
com.moonsworth.lunar.genesis	FinalizableSoftReference	com.google.common.base.FinalizableSoftReference	tier score 26.4 margin 13.5
com.moonsworth.lunar.genesis	FinalizableWeakReference	com.google.common.base.FinalizableWeakReference	tier score 26.0 margin 12.0
com.moonsworth.lunar.genesis	Finalizer	com.google.common.base.internal.Finalizer	tier score 196.4 margin 99.7
com.moonsworth.lunar.genesis	FluentIterable	com.google.common.collect.FluentIterable	tier score 110.5 margin 32.9
com.moonsworth.lunar.genesis	Flushables	com.google.common.io.Flushables	tier score 60.5 margin 36.8
com.moonsworth.lunar.genesis	ForwardingBlockingDeque	com.google.common.collect.ForwardingBlockingDeque	tier score 79.9 margin 1.7
com.moonsworth.lunar.genesis	ForwardingBlockingQueue	com.google.common.util.concurrent.ForwardingBlockingQueue	tier score 51.3 margin 21.5
com.moonsworth.lunar.genesis	ForwardingCache	com.google.common.cache.ForwardingCache	tier score 61.3 margin 14.9
com.moonsworth.lunar.genesis	ForwardingCache$SimpleForwardingCache	com.google.common.cache.ForwardingCache$SimpleForwardingCache	tier score 20.6 margin 8.3
com.moonsworth.lunar.genesis	ForwardingCollection	com.google.common.collect.ForwardingCollection	tier score 114.0 margin 49.5
com.moonsworth.lunar.genesis	ForwardingConcurrentMap	com.google.common.collect.ForwardingConcurrentMap	tier score 34.4 margin 15.1
com.moonsworth.lunar.genesis	ForwardingDeque	com.google.common.collect.ForwardingDeque	tier score 84.6 margin 20.4
com.moonsworth.lunar.genesis	ForwardingExecutorService	com.google.common.util.concurrent.ForwardingExecutorService	tier score 74.2 margin 13.2
com.moonsworth.lunar.genesis	ForwardingFuture	com.google.common.util.concurrent.ForwardingFuture	tier score 41.1 margin 14.8
com.moonsworth.lunar.genesis	ForwardingFuture$SimpleForwardingFuture	com.google.common.util.concurrent.ForwardingFuture$SimpleForwardingFuture	tier score 24.8 margin 8.3
com.moonsworth.lunar.genesis	ForwardingIterator	com.google.common.collect.ForwardingIterator	tier score 28.3 margin 9.1
com.moonsworth.lunar.genesis	ForwardingList	com.google.common.collect.ForwardingList	tier score 128.2 margin 67.0
com.moonsworth.lunar.genesis	ForwardingListIterator	com.google.common.collect.ForwardingListIterator	tier score 42.0 margin 18.0
com.moonsworth.lunar.genesis	ForwardingListMultimap	com.google.common.collect.ForwardingListMultimap	tier score 42.1 margin 14.1
com.moonsworth.lunar.genesis	ForwardingListenableFuture	com.google.common.util.concurrent.ForwardingListenableFuture	tier score 34.8 margin 13.4
com.moonsworth.lunar.genesis	ForwardingListenableFuture$SimpleForwardingListenableFuture	com.google.common.util.concurrent.ForwardingListenableFuture$SimpleForwardingListenableFuture	tier score 20.4 margin 8.3
com.moonsworth.lunar.genesis	ForwardingListeningExecutorService	com.google.common.util.concurrent.ForwardingListeningExecutorService	tier score 37.0 margin 14.4
com.moonsworth.lunar.genesis	ForwardingLoadingCache	com.google.common.cache.ForwardingLoadingCache	tier score 31.5 margin 13.7
com.moonsworth.lunar.genesis	ForwardingLoadingCache$SimpleForwardingLoadingCache	com.google.common.cache.ForwardingLoadingCache$SimpleForwardingLoadingCache	tier score 21.5 margin 8.3
com.moonsworth.lunar.genesis	ForwardingMap	com.google.common.collect.ForwardingMap	tier score 131.7 margin 68.7
com.moonsworth.lunar.genesis	ForwardingMapEntry	com.google.common.collect.ForwardingMapEntry	tier score 53.4 margin 10.7
com.moonsworth.lunar.genesis	ForwardingMultimap	com.google.common.collect.ForwardingMultimap	tier score 69.1 margin 12.8
com.moonsworth.lunar.genesis	ForwardingNavigableMap	com.google.common.collect.ForwardingNavigableMap	tier score 197.2 margin 108.9
com.moonsworth.lunar.genesis	ForwardingNavigableSet	com.google.common.collect.ForwardingNavigableSet	tier score 123.6 margin 57.7
com.moonsworth.lunar.genesis	ForwardingObject	com.google.common.collect.ForwardingObject	tier score 15.1 margin 2.0
com.moonsworth.lunar.genesis	ForwardingQueue	com.google.common.collect.ForwardingQueue	tier score 56.8 margin 33.5
com.moonsworth.lunar.genesis	ForwardingSet	com.google.common.collect.ForwardingSet	tier score 54.8 margin 15.3
com.moonsworth.lunar.genesis	ForwardingSetMultimap	com.google.common.collect.ForwardingSetMultimap	tier score 46.5 margin 12.7
com.moonsworth.lunar.genesis	ForwardingSortedMap	com.google.common.collect.ForwardingSortedMap	tier score 99.3 margin 48.6
com.moonsworth.lunar.genesis	ForwardingSortedSet	com.google.common.collect.ForwardingSortedSet	tier score 83.2 margin 40.5
com.moonsworth.lunar.genesis	ForwardingSortedSetMultimap	com.google.common.collect.ForwardingSortedSetMultimap	tier score 44.0 margin 14.4
com.moonsworth.lunar.genesis	ForwardingTable	com.google.common.collect.ForwardingTable	tier score 74.0 margin 13.2
com.moonsworth.lunar.genesis	Function	com.google.common.base.Function	tier score 29.7 margin 6.7
com.moonsworth.lunar.genesis	Funnel	com.google.common.hash.Funnel	tier score 47.0 margin 29.6
com.moonsworth.lunar.genesis	FutureCallback	com.google.common.util.concurrent.FutureCallback	tier score 26.9 margin 12.5
com.moonsworth.lunar.genesis	FutureExtension	com.google.common.util.concurrent.ListenableFuture	tier score 39.0 margin 14.7
com.moonsworth.lunar.genesis	Futures$FutureCombiner	com.google.common.util.concurrent.Futures$FutureCombiner	tier score 36.4 margin 5.0
com.moonsworth.lunar.genesis	Graph	com.google.common.graph.Graph	tier score 82.3 margin 11.6
com.moonsworth.lunar.genesis	GraphNetwork	com.google.common.graph.Network	tier score 112.1 margin 33.6
com.moonsworth.lunar.genesis	GwtCompatible	com.google.common.annotations.GwtCompatible	tier score 29.7 margin 10.3
com.moonsworth.lunar.genesis	GwtIncompatible	com.google.common.annotations.GwtIncompatible	tier score 32.8 margin 7.0
com.moonsworth.lunar.genesis	HashFunction	com.google.common.hash.HashFunction	tier score 38.0 margin 9.8
com.moonsworth.lunar.genesis	HashMultimap	com.google.common.collect.HashMultimap	tier score 64.3 margin 11.8
com.moonsworth.lunar.genesis	HashMultiset	com.google.common.collect.HashMultiset	tier score 59.5 margin 17.5
com.moonsworth.lunar.genesis	Hasher	com.google.common.hash.Hasher	tier score 37.3 margin 10.1
com.moonsworth.lunar.genesis	HashingInputStream	com.google.common.hash.HashingInputStream	tier score 58.2 margin 30.2
com.moonsworth.lunar.genesis	HashingOutputStream	com.google.common.hash.HashingOutputStream	tier score 34.0 margin 15.0
com.moonsworth.lunar.genesis	HostAndPort	com.google.common.net.HostAndPort	tier score 259.9 margin 202.2
com.moonsworth.lunar.genesis	HostSpecifier	com.google.common.net.HostSpecifier	tier score 111.3 margin 69.2
com.moonsworth.lunar.genesis	HtmlEscapers	com.google.common.html.HtmlEscapers	tier score 23.6 margin 9.9
com.moonsworth.lunar.genesis	HttpHeaders	com.google.common.net.HttpHeaders	tier score 1265.2 margin 1164.8
com.moonsworth.lunar.genesis	HttpHeaders$ReferrerPolicyValues	com.google.common.net.HttpHeaders$ReferrerPolicyValues	tier score 110.4 margin 100.4
com.moonsworth.lunar.genesis	ImmutableCollection$Builder	com.google.common.collect.ImmutableCollection$Builder	tier score 50.3 margin 3.1
com.moonsworth.lunar.genesis	ImmutableDoubleArray$Builder	com.google.common.primitives.ImmutableDoubleArray$Builder	tier score 89.3 margin 18.2
com.moonsworth.lunar.genesis	ImmutableGraph$Builder	com.google.common.graph.ImmutableGraph$Builder	tier score 27.6 margin 9.3
com.moonsworth.lunar.genesis	ImmutableIntArray$Builder	com.google.common.primitives.ImmutableIntArray$Builder	tier score 87.3 margin 16.3
com.moonsworth.lunar.genesis	ImmutableLongArray$Builder	com.google.common.primitives.ImmutableLongArray$Builder	tier score 89.3 margin 18.3
com.moonsworth.lunar.genesis	ImmutableMultimap$Builder	com.google.common.collect.ImmutableMultimap$Builder	tier score 103.5 margin 43.4
com.moonsworth.lunar.genesis	ImmutableMultiset$Builder	com.google.common.collect.ImmutableMultiset$Builder	tier score 39.5 margin 10.6
com.moonsworth.lunar.genesis	ImmutableNetwork$Builder	com.google.common.graph.ImmutableNetwork$Builder	tier score 19.3 margin 1.3
com.moonsworth.lunar.genesis	ImmutableValueGraph$Builder	com.google.common.graph.ImmutableValueGraph$Builder	tier score 19.3 margin 2.6
com.moonsworth.lunar.genesis	InetAddresses$TeredoInfo	com.google.common.net.InetAddresses$TeredoInfo	tier score 60.4 margin 24.4
com.moonsworth.lunar.genesis	InsecureRecursiveDeleteException	com.google.common.io.InsecureRecursiveDeleteException	tier score 42.5 margin 15.5
com.moonsworth.lunar.genesis	Interner	com.google.common.collect.Interner	tier score 42.8 margin 26.2
com.moonsworth.lunar.genesis	InternetDomainName	com.google.common.net.InternetDomainName	tier score 246.4 margin 195.4
com.moonsworth.lunar.genesis	InvocationHandler	com.google.common.reflect.AbstractInvocationHandler	tier score 53.9 margin 27.9
com.moonsworth.lunar.genesis	IterableIterator	com.google.common.collect.FluentIterable	tier score 93.8 margin 35.5
com.moonsworth.lunar.genesis	Joiner$MapJoiner	com.google.common.base.Joiner$MapJoiner	tier score 50.2 margin 5.0
com.moonsworth.lunar.genesis	LineProcessor	com.google.common.io.LineProcessor	tier score 26.7 margin 4.3
com.moonsworth.lunar.genesis	LinkedHashMultiset	com.google.common.collect.LinkedHashMultiset	tier score 57.2 margin 15.2
com.moonsworth.lunar.genesis	ListMultimap	com.google.common.collect.ListMultimap	tier score 41.8 margin 5.0
com.moonsworth.lunar.genesis	ListenableFuture	com.google.common.util.concurrent.ListenableFuture	tier score 46.8 margin 19.7
com.moonsworth.lunar.genesis	ListenableFutureTask	com.google.common.util.concurrent.ListenableFutureTask	tier score 45.2 margin 14.1
com.moonsworth.lunar.genesis	ListenableScheduledFuture	com.google.common.util.concurrent.ListenableScheduledFuture	tier score 22.6 margin 4.2
com.moonsworth.lunar.genesis	ListeningExecutorService	com.google.common.util.concurrent.ListeningExecutorService	tier score 89.5 margin 44.8
com.moonsworth.lunar.genesis	ListeningScheduledExecutorService	com.google.common.util.concurrent.ListeningScheduledExecutorService	tier score 46.3 margin 9.0
com.moonsworth.lunar.genesis	LittleEndianDataInputStream	com.google.common.io.LittleEndianDataInputStream	tier score 116.6 margin 40.4
com.moonsworth.lunar.genesis	LittleEndianDataOutputStream	com.google.common.io.LittleEndianDataOutputStream	tier score 90.3 margin 29.2
com.moonsworth.lunar.genesis	LoadingCache	com.google.common.cache.LoadingCache	tier score 36.9 margin 15.8
com.moonsworth.lunar.genesis	MapDifference$ValueDifference	com.google.common.collect.MapDifference$ValueDifference	tier score 51.8 margin 13.7
com.moonsworth.lunar.genesis	MapExtension2	com.google.common.collect.ClassToInstanceMap	tier score 36.0 margin 8.2
com.moonsworth.lunar.genesis	MapExtension_2	com.google.common.reflect.TypeToInstanceMap	tier score 36.0 margin 8.2
com.moonsworth.lunar.genesis	Maps$EntryTransformer	com.google.common.collect.Maps$EntryTransformer	tier score 22.1 margin 7.9
com.moonsworth.lunar.genesis	MathStats	com.google.common.math.Stats	tier score 196.5 margin 92.2
com.moonsworth.lunar.genesis	MinMaxPriorityQueue$Builder	com.google.common.collect.MinMaxPriorityQueue$Builder	tier score 48.0 margin 12.8
com.moonsworth.lunar.genesis	MixinHelper	com.google.common.net.HostSpecifier	tier score 86.3 margin 52.7
com.moonsworth.lunar.genesis	MixinHelper$Data50	com.google.common.math.Quantiles$Scale	tier score 31.2 margin 14.8
com.moonsworth.lunar.genesis	MixinHelper$Data51	com.google.common.math.Quantiles$ScaleAndIndexes	tier score 87.8 margin 27.8
com.moonsworth.lunar.genesis	MixinHelper$Data56	com.google.common.reflect.ClassPath$ClassInfo	tier score 35.5 margin 10.9
com.moonsworth.lunar.genesis	MixinHelper$Data57	com.google.common.reflect.ClassPath$ResourceInfo	tier score 28.2 margin 8.7
com.moonsworth.lunar.genesis	MixinHelper10	com.google.common.primitives.Primitives	tier score 55.7 margin 22.2
com.moonsworth.lunar.genesis	MixinHelper10$Data10	com.google.common.collect.Sets$SetView	tier score 37.3 margin 7.1
com.moonsworth.lunar.genesis	MixinHelper10_2	com.google.common.collect.Sets	tier score 303.8 margin 172.4
com.moonsworth.lunar.genesis	MixinHelper10_3	com.google.common.util.concurrent.Runnables	tier score 999.0 margin 999.0
com.moonsworth.lunar.genesis	MixinHelper10_5	com.google.common.cache.CacheStats	tier score 77.4 margin 16.7
com.moonsworth.lunar.genesis	MixinHelper10_6	com.google.common.base.Stopwatch	tier score 108.8 margin 65.2
com.moonsworth.lunar.genesis	MixinHelper10_8	com.google.common.io.ByteSink	tier score 48.7 margin 12.1
com.moonsworth.lunar.genesis	MixinHelper1122	com.google.common.collect.ImmutableRangeSet	tier score 130.0 margin 56.0
com.moonsworth.lunar.genesis	MixinHelper1123_2	com.google.common.collect.TreeRangeSet	tier score 73.7 margin 19.0
com.moonsworth.lunar.genesis	MixinHelper11_3	com.google.common.collect.RangeSet	tier score 53.7 margin 8.1
com.moonsworth.lunar.genesis	MixinHelper11_5	com.google.common.base.Ascii	tier score 57.6 margin 29.8
com.moonsworth.lunar.genesis	MixinHelper11_6	com.google.common.io.CharStreams	tier score 105.6 margin 53.7
com.moonsworth.lunar.genesis	MixinHelper11_7	com.google.common.util.concurrent.Atomics	tier score 27.6 margin 12.6
com.moonsworth.lunar.genesis	MixinHelper11_8	com.google.common.cache.CacheBuilderSpec	tier score 175.2 margin 76.6
com.moonsworth.lunar.genesis	MixinHelper12$Data8	com.google.common.base.Splitter$MapSplitter	tier score 59.8 margin 36.6
com.moonsworth.lunar.genesis	MixinHelper122_2	com.google.common.util.concurrent.ServiceManager	tier score 141.7 margin 67.7
com.moonsworth.lunar.genesis	MixinHelper12_2	com.google.common.io.ByteSource	tier score 80.5 margin 25.2
com.moonsworth.lunar.genesis	MixinHelper12_3	com.google.common.base.Splitter	tier score 106.9 margin 60.2
com.moonsworth.lunar.genesis	MixinHelper13	com.google.common.collect.Multimap	tier score 87.9 margin 20.8
com.moonsworth.lunar.genesis	MixinHelper13422222	com.google.common.collect.TreeMultimap	tier score 74.8 margin 31.4
com.moonsworth.lunar.genesis	MixinHelper1342242	com.google.common.collect.LinkedHashMultimap	tier score 119.4 margin 30.1
com.moonsworth.lunar.genesis	MixinHelper1343	com.google.common.collect.LinkedListMultimap	tier score 159.4 margin 66.2
com.moonsworth.lunar.genesis	MixinHelper13452	com.google.common.collect.ImmutableMultimap	tier score 111.8 margin 19.9
com.moonsworth.lunar.genesis	MixinHelper134522	com.google.common.collect.ImmutableSetMultimap	tier score 174.7 margin 29.1
com.moonsworth.lunar.genesis	MixinHelper13_5	com.google.common.io.ByteStreams	tier score 999.0 margin 999.0
com.moonsworth.lunar.genesis	MixinHelper142	com.google.common.primitives.Doubles	tier score 198.2 margin 30.6
com.moonsworth.lunar.genesis	MixinHelper14_4	com.google.common.io.ByteProcessor	tier score 35.6 margin 21.6
com.moonsworth.lunar.genesis	MixinHelper14_5	com.google.common.util.concurrent.UncaughtExceptionHandlers	tier score 19.4 margin 8.4
com.moonsworth.lunar.genesis	MixinHelper15_5	com.google.common.base.FinalizableReference	tier score 32.2 margin 19.8
com.moonsworth.lunar.genesis	MixinHelper16	com.google.common.io.Files	tier score 353.6 margin 262.5
com.moonsworth.lunar.genesis	MixinHelper16_4	com.google.common.util.concurrent.TimeLimiter	tier score 70.5 margin 27.4
com.moonsworth.lunar.genesis	MixinHelper17_4	com.google.common.base.Enums	tier score 55.8 margin 28.7
com.moonsworth.lunar.genesis	MixinHelper18	com.google.common.io.MoreFiles	tier score 317.8 margin 179.5
com.moonsworth.lunar.genesis	MixinHelper19_2	com.google.common.util.concurrent.ThreadFactoryBuilder	tier score 86.2 margin 39.6
com.moonsworth.lunar.genesis	MixinHelper19_3	com.google.common.collect.Maps	tier score 434.2 margin 290.2
com.moonsworth.lunar.genesis	MixinHelper2$Data21	com.google.common.net.HttpHeaders$ReferrerPolicyValues	tier score 100.8 margin 90.9
com.moonsworth.lunar.genesis	MixinHelper20	com.google.common.base.Predicates	tier score 130.1 margin 70.8
com.moonsworth.lunar.genesis	MixinHelper20_2	com.google.common.collect.Interner	tier score 33.5 margin 19.7
com.moonsworth.lunar.genesis	MixinHelper20_3	com.google.common.util.concurrent.FutureCallback	tier score 15.8 margin 5.6
com.moonsworth.lunar.genesis	MixinHelper21$Data2	com.google.common.util.concurrent.Monitor$Guard	tier score 59.4 margin 26.4
com.moonsworth.lunar.genesis	MixinHelper21_3	com.google.common.util.concurrent.Monitor	tier score 201.7 margin 140.2
com.moonsworth.lunar.genesis	MixinHelper22	com.google.common.collect.Lists	tier score 999.0 margin 999.0
com.moonsworth.lunar.genesis	MixinHelper22_3	com.google.common.util.concurrent.Uninterruptibles	tier score 124.0 margin 67.9
com.moonsworth.lunar.genesis	MixinHelper22_4	com.google.common.reflect.TypeParameter	tier score 36.1 margin 12.1
com.moonsworth.lunar.genesis	MixinHelper23	com.google.common.collect.Streams	tier score 219.9 margin 156.0
com.moonsworth.lunar.genesis	MixinHelper235	com.google.common.util.concurrent.AbstractService	tier score 289.5 margin 181.0
com.moonsworth.lunar.genesis	MixinHelper23_2	com.google.common.reflect.TypeToken	tier score 349.0 margin 238.2
com.moonsworth.lunar.genesis	MixinHelper23_4	com.google.common.util.concurrent.Service	tier score 63.4 margin 23.8
com.moonsworth.lunar.genesis	MixinHelper242	com.google.common.base.Converter	tier score 68.7 margin 23.5
com.moonsworth.lunar.genesis	MixinHelper24_3	com.google.common.collect.Table	tier score 86.5 margin 20.4
com.moonsworth.lunar.genesis	MixinHelper24_4	com.google.common.cache.LoadingCache	tier score 999.0 margin 999.0
com.moonsworth.lunar.genesis	MixinHelper25	com.google.common.collect.Iterators	tier score 254.1 margin 130.1
com.moonsworth.lunar.genesis	MixinHelper27	com.google.common.util.concurrent.Striped	tier score 70.0 margin 30.1
com.moonsworth.lunar.genesis	MixinHelper29	com.google.common.collect.ObjectArrays	tier score 72.0 margin 31.0
com.moonsworth.lunar.genesis	MixinHelper292	com.google.common.util.concurrent.AbstractFuture	tier score 553.9 margin 440.8
com.moonsworth.lunar.genesis	MixinHelper2_10	com.google.common.math.DoubleMath	tier score 214.9 margin 146.9
com.moonsworth.lunar.genesis	MixinHelper2_11	com.google.common.net.HttpHeaders	tier score 1252.5 margin 1155.6
com.moonsworth.lunar.genesis	MixinHelper2_12	com.google.common.collect.Comparators	tier score 87.1 margin 50.5
com.moonsworth.lunar.genesis	MixinHelper2_6	com.google.common.util.concurrent.MoreExecutors	tier score 276.2 margin 198.2
com.moonsworth.lunar.genesis	MixinHelper2_8	com.google.common.base.Preconditions	tier score 999.0 margin 999.0
com.moonsworth.lunar.genesis	MixinHelper3	com.google.common.base.Defaults	tier score 20.0 margin 6.5
com.moonsworth.lunar.genesis	MixinHelper312	com.google.common.collect.ForwardingMap	tier score 114.9 margin 54.9
com.moonsworth.lunar.genesis	MixinHelper3122	com.google.common.collect.MutableClassToInstanceMap	tier score 52.0 margin 14.2
com.moonsworth.lunar.genesis	MixinHelper3122_2	com.google.common.reflect.MutableTypeToInstanceMap	tier score 51.4 margin 17.4
com.moonsworth.lunar.genesis	MixinHelper3123	com.google.common.collect.ForwardingSortedMap	tier score 80.6 margin 35.8
com.moonsworth.lunar.genesis	MixinHelper31232	com.google.common.collect.ForwardingNavigableMap	tier score 180.5 margin 90.8
com.moonsworth.lunar.genesis	MixinHelper31242	com.google.common.collect.EnumBiMap	tier score 76.0 margin 19.2
com.moonsworth.lunar.genesis	MixinHelper31243	com.google.common.collect.EnumHashBiMap	tier score 78.7 margin 16.8
com.moonsworth.lunar.genesis	MixinHelper3125	com.google.common.collect.ImmutableClassToInstanceMap	tier score 45.0 margin 11.6
com.moonsworth.lunar.genesis	MixinHelper316	com.google.common.collect.ForwardingCollection	tier score 94.7 margin 37.6
com.moonsworth.lunar.genesis	MixinHelper3162	com.google.common.collect.ForwardingMultiset	tier score 104.8 margin 51.8
com.moonsworth.lunar.genesis	MixinHelper3163	com.google.common.collect.ForwardingQueue	tier score 41.9 margin 21.1
com.moonsworth.lunar.genesis	MixinHelper31632	com.google.common.collect.EvictingQueue	tier score 58.0 margin 32.3
com.moonsworth.lunar.genesis	MixinHelper3163_2	com.google.common.util.concurrent.ForwardingBlockingQueue	tier score 35.1 margin 7.4
com.moonsworth.lunar.genesis	MixinHelper3164	com.google.common.collect.ForwardingList	tier score 110.8 margin 53.8
com.moonsworth.lunar.genesis	MixinHelper31652	com.google.common.collect.ForwardingSortedSet	tier score 66.5 margin 26.1
com.moonsworth.lunar.genesis	MixinHelper316522	com.google.common.collect.ForwardingNavigableSet	tier score 106.2 margin 46.5
com.moonsworth.lunar.genesis	MixinHelper32_5	com.google.common.escape.UnicodeEscaper	tier score 143.3 margin 22.2
com.moonsworth.lunar.genesis	MixinHelper33_4	com.google.common.collect.Multisets	tier score 123.9 margin 23.6
com.moonsworth.lunar.genesis	MixinHelper3_10	com.google.common.primitives.UnsignedInts	tier score 122.2 margin 37.1
com.moonsworth.lunar.genesis	MixinHelper3_7	com.google.common.escape.Escaper	tier score 32.4 margin 16.3
com.moonsworth.lunar.genesis	MixinHelper4	com.google.common.util.concurrent.RateLimiter	tier score 154.5 margin 113.1
com.moonsworth.lunar.genesis	MixinHelper4$Data20	com.google.common.net.InetAddresses$TeredoInfo	tier score 47.0 margin 19.4
com.moonsworth.lunar.genesis	MixinHelper42$Data	com.google.common.cache.AbstractCache$SimpleStatsCounter	tier score 56.6 margin 10.3
com.moonsworth.lunar.genesis	MixinHelper422	com.google.common.cache.AbstractLoadingCache	tier score 31.3 margin 8.2
com.moonsworth.lunar.genesis	MixinHelper42_4	com.google.common.cache.AbstractCache	tier score 49.0 margin 10.7
com.moonsworth.lunar.genesis	MixinHelper44	com.google.common.collect.MapDifference	tier score 55.1 margin 11.9
com.moonsworth.lunar.genesis	MixinHelper45	com.google.common.collect.HashBiMap	tier score 173.5 margin 51.9
com.moonsworth.lunar.genesis	MixinHelper4_10	com.google.common.cache.Cache	tier score 999.0 margin 999.0
com.moonsworth.lunar.genesis	MixinHelper4_11	com.google.common.io.BaseEncoding	tier score 119.7 margin 45.4
com.moonsworth.lunar.genesis	MixinHelper4_12	com.google.common.collect.Iterables	tier score 168.4 margin 35.6
com.moonsworth.lunar.genesis	MixinHelper4_13	com.google.common.net.InetAddresses	tier score 452.7 margin 381.8
com.moonsworth.lunar.genesis	MixinHelper4_2	com.google.common.base.Verify	tier score 43.5 margin 23.2
com.moonsworth.lunar.genesis	MixinHelper4_7	com.google.common.graph.ElementOrder	tier score 81.6 margin 38.9
com.moonsworth.lunar.genesis	MixinHelper4_8	com.google.common.math.BigIntegerMath	tier score 179.8 margin 83.6
com.moonsworth.lunar.genesis	MixinHelper5$Data12	com.google.common.base.MoreObjects$ToStringHelper	tier score 38.8 margin 15.7
com.moonsworth.lunar.genesis	MixinHelper5_12	com.google.common.net.MediaType	tier score 886.9 margin 835.4
com.moonsworth.lunar.genesis	MixinHelper5_13	com.google.common.primitives.Longs	tier score 183.4 margin 28.7
com.moonsworth.lunar.genesis	MixinHelper5_5	com.google.common.cache.CacheBuilder	tier score 999.0 margin 999.0
com.moonsworth.lunar.genesis	MixinHelper5_7	com.google.common.base.MoreObjects	tier score 37.2 margin 22.9
com.moonsworth.lunar.genesis	MixinHelper6	com.google.common.primitives.Booleans	tier score 113.0 margin 17.1
com.moonsworth.lunar.genesis	MixinHelper63	com.google.common.graph.Network	tier score 100.1 margin 25.8
com.moonsworth.lunar.genesis	MixinHelper633	com.google.common.graph.AbstractNetwork	tier score 178.0 margin 99.0
com.moonsworth.lunar.genesis	MixinHelper63333	com.google.common.graph.ImmutableNetwork	tier score 43.7 margin 8.0
com.moonsworth.lunar.genesis	MixinHelper6_2	com.google.common.reflect.Reflection	tier score 60.1 margin 27.6
com.moonsworth.lunar.genesis	MixinHelper6_3	com.google.common.collect.Queues	tier score 162.0 margin 100.1
com.moonsworth.lunar.genesis	MixinHelper6_8	com.google.common.io.Resources	tier score 80.3 margin 43.2
com.moonsworth.lunar.genesis	MixinHelper7_12	com.google.common.io.Flushables	tier score 46.3 margin 23.3
com.moonsworth.lunar.genesis	MixinHelper7_5	com.google.common.net.InternetDomainName	tier score 225.1 margin 177.9
com.moonsworth.lunar.genesis	MixinHelper8_3	com.google.common.eventbus.EventBus	tier score 65.3 margin 28.6
com.moonsworth.lunar.genesis	MixinHelper8_7	com.google.common.primitives.UnsignedBytes	tier score 114.9 margin 44.1
com.moonsworth.lunar.genesis	MixinHelper8_8	com.google.common.math.LongMath	tier score 206.3 margin 33.6
com.moonsworth.lunar.genesis	MixinHelper8_9	com.google.common.hash.HashCode	tier score 113.5 margin 69.6
com.moonsworth.lunar.genesis	MixinHelper9	com.google.common.io.CharSource	tier score 140.1 margin 63.3
com.moonsworth.lunar.genesis	MixinHelper9_2	com.google.common.base.Utf8	tier score 70.5 margin 39.0
com.moonsworth.lunar.genesis	MixinHelper9_3	com.google.common.hash.Hashing	tier score 204.2 margin 146.9
com.moonsworth.lunar.genesis	MixinHelper9_5	com.google.common.graph.Graphs	tier score 133.1 margin 90.6
com.moonsworth.lunar.genesis	MixinHelper9_8	com.google.common.util.concurrent.CycleDetectingLockFactory	tier score 116.4 margin 78.5
com.moonsworth.lunar.genesis	MixinHelperIterator_2	com.google.common.collect.PeekingIterator	tier score 34.6 margin 16.9
com.moonsworth.lunar.genesis	MixinHelperTask	com.google.common.base.internal.Finalizer	tier score 187.3 margin 94.7
com.moonsworth.lunar.genesis	MixinHelperType2	com.google.common.base.StandardSystemProperty	tier score 406.4 margin 353.0
com.moonsworth.lunar.genesis	MixinHelperType_5	com.google.common.base.CaseFormat	tier score 72.3 margin 40.5
com.moonsworth.lunar.genesis	MixinHelper_10	com.google.common.math.Quantiles	tier score 77.3 margin 61.3
com.moonsworth.lunar.genesis	MixinHelper_11	com.google.common.io.CharSink	tier score 79.1 margin 34.8
com.moonsworth.lunar.genesis	MixinHelper_14	com.google.common.graph.Traverser	tier score 42.9 margin 27.0
com.moonsworth.lunar.genesis	MixinHelper_15	com.google.common.base.Strings	tier score 999.0 margin 999.0
com.moonsworth.lunar.genesis	MixinHelper_4	com.google.common.reflect.ClassPath	tier score 58.6 margin 17.9
com.moonsworth.lunar.genesis	MixinHelper_9	com.google.common.primitives.UnsignedLongs	tier score 169.6 margin 84.7
com.moonsworth.lunar.genesis	Multimap	com.google.common.collect.Multimap	tier score 99.3 margin 25.8
com.moonsworth.lunar.genesis	MultimapBuilder$SetMultimapBuilder	com.google.common.collect.MultimapBuilder$SetMultimapBuilder	tier score 12.2 margin 0.6
com.moonsworth.lunar.genesis	MultimapBuilder$SortedSetMultimapBuilder	com.google.common.collect.MultimapBuilder$SortedSetMultimapBuilder	tier score 15.8 margin 4.2
com.moonsworth.lunar.genesis	Multiset$Entry	com.google.common.collect.Multiset$Entry	tier score 17.8 margin 3.7
com.moonsworth.lunar.genesis	MutableGraph	com.google.common.graph.MutableGraph	tier score 34.0 margin 11.6
com.moonsworth.lunar.genesis	MutableNetwork	com.google.common.graph.MutableNetwork	tier score 30.5 margin 7.2
com.moonsworth.lunar.genesis	MutableValueGraph	com.google.common.graph.MutableValueGraph	tier score 35.5 margin 10.9
com.moonsworth.lunar.genesis	NumberBase2_2	com.google.common.hash.BloomFilter	tier score 280.9 margin 232.2
com.moonsworth.lunar.genesis	NumberImpl	com.google.common.primitives.UnsignedInteger	tier score 78.9 margin 13.7
com.moonsworth.lunar.genesis	NumberImpl2	com.google.common.primitives.UnsignedLong	tier score 88.5 margin 18.4
com.moonsworth.lunar.genesis	NumberLoader	com.google.common.util.concurrent.AtomicDouble	tier score 87.7 margin 30.8
com.moonsworth.lunar.genesis	ObjectArrays	com.google.common.collect.ObjectArrays	tier score 86.0 margin 36.8
com.moonsworth.lunar.genesis	Objects	com.google.common.base.Objects	tier score 23.5 margin 5.0
com.moonsworth.lunar.genesis	Optional	com.google.common.base.Optional	tier score 87.7 margin 40.9
com.moonsworth.lunar.genesis	OutputStreamSerializer	com.google.common.io.FileBackedOutputStream	tier score 90.0 margin 44.3
com.moonsworth.lunar.genesis	PairedStats	com.google.common.math.PairedStats	tier score 136.2 margin 45.8
com.moonsworth.lunar.genesis	PairedStatsAccumulator	com.google.common.math.PairedStatsAccumulator	tier score 73.1 margin 21.3
com.moonsworth.lunar.genesis	Parameter	com.google.common.reflect.Parameter	tier score 90.4 margin 58.3
com.moonsworth.lunar.genesis	PatternFilenameFilter	com.google.common.io.PatternFilenameFilter	tier score 46.1 margin 17.6
com.moonsworth.lunar.genesis	PeekingIterator	com.google.common.collect.PeekingIterator	tier score 44.9 margin 22.8
com.moonsworth.lunar.genesis	PercentEscaper	com.google.common.net.PercentEscaper	tier score 112.4 margin 12.3
com.moonsworth.lunar.genesis	Preconditions	com.google.common.base.Preconditions	tier score 999.0 margin 999.0
com.moonsworth.lunar.genesis	PredecessorsFunction	com.google.common.graph.PredecessorsFunction	tier score 44.5 margin 6.4
com.moonsworth.lunar.genesis	Predicate	com.google.common.base.Predicate	tier score 32.6 margin 7.5
com.moonsworth.lunar.genesis	PredicateExtension2	com.google.common.base.CharMatcher	tier score 215.4 margin 131.9
com.moonsworth.lunar.genesis	PrimitiveSink	com.google.common.hash.PrimitiveSink	tier score 27.7 margin 5.0
com.moonsworth.lunar.genesis	Primitives	com.google.common.primitives.Primitives	tier score 68.1 margin 26.0
com.moonsworth.lunar.genesis	Quantiles$ScaleAndIndex	com.google.common.math.Quantiles$ScaleAndIndex	tier score 73.7 margin 12.0
com.moonsworth.lunar.genesis	Quantiles$ScaleAndIndexes	com.google.common.math.Quantiles$ScaleAndIndexes	tier score 98.8 margin 37.1
com.moonsworth.lunar.genesis	Queues	com.google.common.collect.Queues	tier score 179.0 margin 105.1
com.moonsworth.lunar.genesis	RangeMap	com.google.common.collect.RangeMap	tier score 64.3 margin 16.5
com.moonsworth.lunar.genesis	RangeSet	com.google.common.collect.RangeSet	tier score 66.9 margin 13.1
com.moonsworth.lunar.genesis	RecursiveDeleteOption	com.google.common.io.RecursiveDeleteOption	tier score 19.1 margin 5.0
com.moonsworth.lunar.genesis	Reflection	com.google.common.reflect.Reflection	tier score 71.6 margin 35.2
com.moonsworth.lunar.genesis	RemovalListener	com.google.common.cache.RemovalListener	tier score 21.5 margin 6.6
com.moonsworth.lunar.genesis	RemovalListeners	com.google.common.cache.RemovalListeners	tier score 23.8 margin 10.4
com.moonsworth.lunar.genesis	RemovalNotification	com.google.common.cache.RemovalNotification	tier score 31.9 margin 12.3
com.moonsworth.lunar.genesis	RowSortedTable	com.google.common.collect.RowSortedTable	tier score 26.1 margin 5.0
com.moonsworth.lunar.genesis	SerializableBase2	com.google.common.collect.Range	tier score 110.6 margin 52.3
com.moonsworth.lunar.genesis	SerializableExtension	com.google.common.hash.Funnel	tier score 33.0 margin 19.4
com.moonsworth.lunar.genesis	SerializableImpl_2	com.google.common.math.PairedStats	tier score 123.5 margin 40.8
com.moonsworth.lunar.genesis	SerializableImpl_4	com.google.common.net.HostAndPort	tier score 239.9 margin 186.1
com.moonsworth.lunar.genesis	SerializableIterator	com.google.common.collect.ImmutableMap	tier score 227.7 margin 98.5
com.moonsworth.lunar.genesis	SerializableIterator32	com.google.common.collect.ImmutableSortedMap	tier score 215.2 margin 117.6
com.moonsworth.lunar.genesis	SerializableIterator_2	com.google.common.math.Stats	tier score 180.6 margin 90.5
com.moonsworth.lunar.genesis	SerializableLoader_2	com.google.common.util.concurrent.AtomicDoubleArray	tier score 80.7 margin 17.6
com.moonsworth.lunar.genesis	SerializableUpdater	com.google.common.util.concurrent.AtomicLongMap	tier score 150.0 margin 84.0
com.moonsworth.lunar.genesis	ServiceManager$Listener	com.google.common.util.concurrent.ServiceManager$Listener	tier score 17.4 margin 4.3
com.moonsworth.lunar.genesis	SetMultimap	com.google.common.collect.SetMultimap	tier score 45.5 margin 5.0
com.moonsworth.lunar.genesis	SimpleTimeLimiter	com.google.common.util.concurrent.SimpleTimeLimiter	tier score 217.4 margin 144.3
com.moonsworth.lunar.genesis	SortedSetMultimap	com.google.common.collect.SortedSetMultimap	tier score 48.4 margin 11.4
com.moonsworth.lunar.genesis	Splitter$MapSplitter	com.google.common.base.Splitter$MapSplitter	tier score 73.2 margin 46.2
com.moonsworth.lunar.genesis	StandardSystemProperty	com.google.common.base.StandardSystemProperty	tier score 418.1 margin 364.6
com.moonsworth.lunar.genesis	StatsAccumulator	com.google.common.math.StatsAccumulator	tier score 84.9 margin 7.4
com.moonsworth.lunar.genesis	Streams$DoubleFunctionWithIndex	com.google.common.collect.Streams$DoubleFunctionWithIndex	tier score 13.8 margin 5.0
com.moonsworth.lunar.genesis	Streams$FunctionWithIndex	com.google.common.collect.Streams$FunctionWithIndex	tier score 13.8 margin 5.0
com.moonsworth.lunar.genesis	Streams$IntFunctionWithIndex	com.google.common.collect.Streams$IntFunctionWithIndex	tier score 13.8 margin 5.0
com.moonsworth.lunar.genesis	Streams$LongFunctionWithIndex	com.google.common.collect.Streams$LongFunctionWithIndex	tier score 13.8 margin 5.0
com.moonsworth.lunar.genesis	Strings	com.google.common.base.Strings	tier score 999.0 margin 999.0
com.moonsworth.lunar.genesis	Subscribe	com.google.common.eventbus.Subscribe	tier score 10.2 margin 3.6
com.moonsworth.lunar.genesis	SubscriberExceptionContext	com.google.common.eventbus.SubscriberExceptionContext	tier score 29.9 margin 8.3
com.moonsworth.lunar.genesis	SubscriberExceptionHandler	com.google.common.eventbus.SubscriberExceptionHandler	tier score 14.4 margin 4.3
com.moonsworth.lunar.genesis	SuccessorsFunction	com.google.common.graph.SuccessorsFunction	tier score 43.6 margin 5.3
com.moonsworth.lunar.genesis	Supplier	com.google.common.base.Supplier	tier score 21.5 margin 2.0
com.moonsworth.lunar.genesis	Table$Cell	com.google.common.collect.Table$Cell	tier score 26.1 margin 5.0
com.moonsworth.lunar.genesis	ThreadFactoryBuilder	com.google.common.util.concurrent.ThreadFactoryBuilder	tier score 92.0 margin 54.9
com.moonsworth.lunar.genesis	TimeLimiter	com.google.common.util.concurrent.TimeLimiter	tier score 86.0 margin 34.3
com.moonsworth.lunar.genesis	TreeMultimap	com.google.common.collect.TreeMultimap	tier score 97.4 margin 45.8
com.moonsworth.lunar.genesis	TypeParameter	com.google.common.reflect.TypeParameter	tier score 52.2 margin 17.1
com.moonsworth.lunar.genesis	TypeToInstanceMap	com.google.common.reflect.TypeToInstanceMap	tier score 47.5 margin 15.2
com.moonsworth.lunar.genesis	UncheckedExecutionException	com.google.common.util.concurrent.UncheckedExecutionException	tier score 21.3 margin 5.0
com.moonsworth.lunar.genesis	UncheckedTimeoutException	com.google.common.util.concurrent.UncheckedTimeoutException	tier score 22.2 margin 9.5
com.moonsworth.lunar.genesis	UnicodeEscaper	com.google.common.escape.UnicodeEscaper	tier score 161.5 margin 28.1
com.moonsworth.lunar.genesis	UnmodifiableIterator	com.google.common.collect.UnmodifiableIterator	tier score 16.3 margin 2.0
com.moonsworth.lunar.genesis	UnmodifiableListIterator	com.google.common.collect.UnmodifiableListIterator	tier score 22.5 margin 2.0
com.moonsworth.lunar.genesis	UnsignedInteger	com.google.common.primitives.UnsignedInteger	tier score 94.6 margin 25.7
com.moonsworth.lunar.genesis	UnsignedLong	com.google.common.primitives.UnsignedLong	tier score 102.0 margin 28.3
com.moonsworth.lunar.genesis	UrlEscapers	com.google.common.net.UrlEscapers	tier score 50.1 margin 41.2
com.moonsworth.lunar.genesis	Utf8	com.google.common.base.Utf8	tier score 84.5 margin 44.8
com.moonsworth.lunar.genesis	ValueGraph	com.google.common.graph.ValueGraph	tier score 76.0 margin 17.7
com.moonsworth.lunar.genesis	Verify	com.google.common.base.Verify	tier score 62.8 margin 37.6
com.moonsworth.lunar.genesis	VerifyException	com.google.common.base.VerifyException	tier score 22.1 margin 8.1
com.moonsworth.lunar.genesis	VisibleForTesting	org.jetbrains.annotations.VisibleForTesting	tier score 18.2 margin 0.0
com.moonsworth.lunar.genesis	Weigher	com.google.common.cache.Weigher	tier score 17.9 margin 2.0
