owner	file	n_lazy
ShinyPots	com/moonsworth/lunar/client/mod/render/ShinyPots.java	19
ShulkerPreview	com/moonsworth/lunar/client/mod/render/ShulkerPreview.java	20
Skins3d	com/moonsworth/lunar/client/mod/render/Skins3d.java	30
SkyblockArmorDyeColor	com/moonsworth/lunar/client/mod/render/SkyblockArmorDyeColor.java	7
SkyblockChatWaypoints	com/moonsworth/lunar/client/mod/render/SkyblockChatWaypoints.java	41
SkyblockCreeperBeams	com/moonsworth/lunar/client/mod/render/SkyblockCreeperBeams.java	24
SkyblockCroesusChests	com/moonsworth/lunar/client/mod/render/SkyblockCroesusChests.java	15
SkyblockCrystalHollowsMap	com/moonsworth/lunar/client/mod/render/SkyblockCrystalHollowsMap.java	16
SkyblockDungeonColors	com/moonsworth/lunar/client/mod/render/SkyblockDungeonColors.java	12
SkyblockDungeonHighlightDoors	com/moonsworth/lunar/client/mod/render/SkyblockDungeonHighlightDoors.java	70
SkyblockDungeonNametags	com/moonsworth/lunar/client/mod/render/SkyblockDungeonNametags.java	5
SkyblockDungeonRoutes	com/moonsworth/lunar/client/mod/render/SkyblockDungeonRoutes.java	26
SkyblockDungeonTeammateHighlight	com/moonsworth/lunar/client/mod/render/SkyblockDungeonTeammateHighlight.java	41
SkyblockEggLocator	com/moonsworth/lunar/client/mod/render/SkyblockEggLocator.java	57
SkyblockEggWaypoints	com/moonsworth/lunar/client/mod/render/SkyblockEggWaypoints.java	11
SkyblockEnchantDisplay	com/moonsworth/lunar/client/mod/render/SkyblockEnchantDisplay.java	18
SkyblockEndNodeHighlight	com/moonsworth/lunar/client/mod/render/SkyblockEndNodeHighlight.java	6
SkyblockFarmingToolCropIcon	com/moonsworth/lunar/client/mod/render/SkyblockFarmingToolCropIcon.java	7
SkyblockFishingCircleOverlay	com/moonsworth/lunar/client/mod/render/SkyblockFishingCircleOverlay.java	21
SkyblockFishingHotspotLocator	com/moonsworth/lunar/client/mod/render/SkyblockFishingHotspotLocator.java	40
SkyblockFishingMarker	com/moonsworth/lunar/client/mod/render/SkyblockFishingMarker.java	12
SkyblockFossilExcavationSolver	com/moonsworth/lunar/client/mod/render/SkyblockFossilExcavationSolver.java	16
SkyblockGalateaMobHighlight	com/moonsworth/lunar/client/mod/render/SkyblockGalateaMobHighlight.java	38
SkyblockGlowingMushroomHighlight	com/moonsworth/lunar/client/mod/render/SkyblockGlowingMushroomHighlight.java	3
SkyblockGravityWellWaypoints	com/moonsworth/lunar/client/mod/render/SkyblockGravityWellWaypoints.java	13
