src	src_class	ref_fqn	score	margin	strings	members	sample
src/main/java/com/moonsworth/lunar/AbstractMapLoader.java	AbstractMapLoader	com.fasterxml.jackson.databind.util.internal.PrivateMaxEntriesMap	212.08	90.92	1	85	Proxy required; AbstractMap; AtomicLong; AtomicLongArray
src/main/java/com/moonsworth/lunar/Annotation27.java	Annotation27	com.fasterxml.jackson.annotation.JsonProperty	32.44	9.73	0	19	ANNOTATION_TYPE; AUTO; ElementType
src/main/java/com/moonsworth/lunar/Annotation32.java	Annotation32	com.fasterxml.jackson.annotation.JsonFormat$Value	74.37	20.80	0	36	ANY; Boolean; Class
src/main/java/com/moonsworth/lunar/Annotation_2.java	Annotation_2	com.fasterxml.jackson.databind.jsonschema.JsonSerializableSchema	22.62	8.24	0	14	Deprecated; ElementType; RUNTIME
src/main/java/com/moonsworth/lunar/DateFormatLoader.java	DateFormatLoader	com.fasterxml.jackson.databind.util.ISO8601DateFormat	46.57	12.11	0	20	Date; DateFormat; DecimalFormat
src/main/java/com/moonsworth/lunar/DateFormatLoader2.java	DateFormatLoader2	com.fasterxml.jackson.databind.util.StdDateFormat	317.62	219.64	5	104	EEE, dd MMM yyyy HH:mm:ss zzz; \d\d\d\d[-]\d\d[-]\d\d; Boolean; Calendar; Cannot
src/main/java/com/moonsworth/lunar/ExternalizableLoader.java	ExternalizableLoader	com.fasterxml.jackson.databind.node.NodeSerialization	59.71	26.00	1	26	Failed to JDK serialize `; Externalizable; Failed; IOException
src/main/java/com/moonsworth/lunar/IOException22$Data.java	IOException22$Data	com.fasterxml.jackson.databind.JsonMappingException$Reference	59.74	38.71	1	25	Cannot pass null fieldName; Cannot; Class; NullPointerException
src/main/java/com/moonsworth/lunar/IOException222_3.java	IOException222_3	org.openapitools.jackson.nullable.JsonNullableDeserializer	17.64	9.65	0	7	Class; MixinHelper53; MixinHelperType2_2
src/main/java/com/moonsworth/lunar/IOException223.java	IOException223	org.openapitools.jackson.nullable.JsonNullableDeserializer	16.95	5.32	0	7	Class; MixinHelper26; MixinHelper53
src/main/java/com/moonsworth/lunar/IOException2232.java	IOException2232	com.fasterxml.jackson.databind.exc.PropertyBindingException	44.87	21.07	1	25	 (one known property: "; Class; Collection; Collections
src/main/java/com/moonsworth/lunar/IOException22322.java	IOException22322	com.fasterxml.jackson.databind.exc.UnrecognizedPropertyException	26.00	8.15	0	16	Class; Collection; Deprecated
src/main/java/com/moonsworth/lunar/IOException22323.java	IOException22323	com.fasterxml.jackson.databind.exc.IgnoredPropertyException	27.88	9.91	0	17	Class; Collection; Deprecated
src/main/java/com/moonsworth/lunar/IOException2233.java	IOException2233	org.openapitools.jackson.nullable.JsonNullableDeserializer	16.05	5.32	0	6	MixinHelper26; MixinHelper53; String
src/main/java/com/moonsworth/lunar/IOException2234.java	IOException2234	org.openapitools.jackson.nullable.JsonNullableDeserializer	13.19	3.46	0	7	Class; MixinHelper53; Object
src/main/java/com/moonsworth/lunar/IOException22_3.java	IOException22_3	com.fasterxml.jackson.databind.JsonMappingException	70.71	39.65	1	36	 (through reference chain: ; Closeable; Collections; Deprecated
src/main/java/com/moonsworth/lunar/IOException22_4.java	IOException22_4	org.openapitools.jackson.nullable.JsonNullableDeserializer	11.92	3.07	0	5	MixinHelper53; String; com
src/main/java/com/moonsworth/lunar/IOException22_6.java	IOException22_6	org.openapitools.jackson.nullable.JsonNullableDeserializer	16.75	9.65	0	6	MixinHelper53; MixinHelperType2_2; String
src/main/java/com/moonsworth/lunar/MixinHelper$Data7.java	MixinHelper$Data7	com.fasterxml.jackson.databind.deser.std.DateDeserializers$DateBasedDeserializer	97.58	48.31	1	36	expected format "%s"; Boolean; Class; Date
src/main/java/com/moonsworth/lunar/MixinHelper$Data8.java	MixinHelper$Data8	com.fasterxml.jackson.databind.deser.std.DateDeserializers$CalendarDeserializer	49.44	14.74	0	24	Calendar; Class; Constructor
src/main/java/com/moonsworth/lunar/MixinHelper1012.java	MixinHelper1012	org.openapitools.jackson.nullable.JsonNullableDeserializer	12.67	3.28	0	7	MixinHelper73_3; Object; String
src/main/java/com/moonsworth/lunar/MixinHelper1022.java	MixinHelper1022	org.openapitools.jackson.nullable.JsonNullableDeserializer	23.22	10.34	0	8	MixinHelper102_4; MixinHelper53; MixinHelper73_3
src/main/java/com/moonsworth/lunar/MixinHelper102_3.java	MixinHelper102_3	com.fasterxml.jackson.databind.deser.AbstractDeserializer	150.67	43.75	1	59	Could not resolve Object Id [; Boolean; Class; Could
src/main/java/com/moonsworth/lunar/MixinHelper102_4.java	MixinHelper102_4	com.fasterxml.jackson.databind.JsonDeserializer	119.55	40.55	1	44	 does not support them; Boolean; CONSTANT; Cannot
src/main/java/com/moonsworth/lunar/MixinHelper104.java	MixinHelper104	org.openapitools.jackson.nullable.JsonNullableDeserializer	12.29	3.28	0	6	MixinHelper73_3; String; com
src/main/java/com/moonsworth/lunar/MixinHelper106.java	MixinHelper106	com.typesafe.config.impl.SimpleConfig	18.81	6.52	0	10	DateTimeException; Integer; Number
src/main/java/com/moonsworth/lunar/MixinHelper10_6.java	MixinHelper10_6	com.fasterxml.jackson.databind.ext.SqlBlobSerializer	39.63	22.57	0	15	Blob; Failed; INTEGER
src/main/java/com/moonsworth/lunar/MixinHelper10_8.java	MixinHelper10_8	com.fasterxml.jackson.databind.deser.impl.ExternalTypeHandler	78.13	39.81	0	39	FAIL_ON_MISSING_EXTERNAL_TYPE_ID_PROPERTY; Integer; Iterator
src/main/java/com/moonsworth/lunar/MixinHelper10_9.java	MixinHelper10_9	com.fasterxml.jackson.databind.ser.BeanSerializerModifier	50.68	16.19	0	14	List; changeProperties; java
src/main/java/com/moonsworth/lunar/MixinHelper11.java	MixinHelper11	com.fasterxml.jackson.databind.deser.std.MapEntryDeserializer	124.15	74.09	1	47	Cannot update Map.Entry values; AbstractMap; Cannot; END_OBJECT
src/main/java/com/moonsworth/lunar/MixinHelper11_3.java	MixinHelper11_3	com.fasterxml.jackson.databind.deser.impl.CreatorCollector	186.94	140.60	9	45	array-delegate; explicitly marked; Class; Duplicate; HashMap
src/main/java/com/moonsworth/lunar/MixinHelper11_6.java	MixinHelper11_6	com.fasterxml.jackson.databind.deser.BeanDeserializerBuilder	127.68	41.92	1	60	Duplicate property '; ACCEPT_CASE_INSENSITIVE_PROPERTIES; ArrayList; Boolean
src/main/java/com/moonsworth/lunar/MixinHelper11_8.java	MixinHelper11_8	com.fasterxml.jackson.core.util.BufferRecyclers	38.62	18.14	0	21	BufferRecyclers; CharSequence; Deprecated
src/main/java/com/moonsworth/lunar/MixinHelper12_6.java	MixinHelper12_6	org.openapitools.jackson.nullable.JsonNullableDeserializer	35.92	15.34	0	12	Class; MixinHelper102_4; MixinHelper26
src/main/java/com/moonsworth/lunar/MixinHelper12_8.java	MixinHelper12_8	com.fasterxml.jackson.databind.deser.impl.InnerClassProperty	55.56	17.88	0	28	Constructor; Exception; Failed
src/main/java/com/moonsworth/lunar/MixinHelper13$Data4.java	MixinHelper13$Data4	org.openapitools.jackson.nullable.JsonNullableSerializers	41.68	12.19	0	12	MixinHelper13$Data4; MixinHelper13_4; MixinHelper2622
src/main/java/com/moonsworth/lunar/MixinHelper13222.java	MixinHelper13222	com.fasterxml.jackson.databind.introspect.AnnotatedMethod	136.13	54.55	3	53	%s(%d params); ' from Class '; AnnotatedMethod; Class; Could
src/main/java/com/moonsworth/lunar/MixinHelper13223.java	MixinHelper13223	com.fasterxml.jackson.databind.introspect.AnnotatedConstructor	115.10	36.94	2	49	 args from Class '; Null constructor not allowed; Cannot; Class; Constructor
src/main/java/com/moonsworth/lunar/MixinHelper1323.java	MixinHelper1323	com.fasterxml.jackson.databind.introspect.AnnotatedField	128.57	45.88	4	47	' from Class '; Could not find method '; Class; Could; Exception
src/main/java/com/moonsworth/lunar/MixinHelper1324.java	MixinHelper1324	com.fasterxml.jackson.databind.introspect.VirtualAnnotatedMember	68.10	27.69	2	29	Cannot get virtual property '; Cannot set virtual property '; Cannot; Class; Field
src/main/java/com/moonsworth/lunar/MixinHelper134.java	MixinHelper134	com.fasterxml.jackson.databind.introspect.AnnotatedClass	60.72	28.45	0	36	Annotation; Annotations; AnnotedClass
src/main/java/com/moonsworth/lunar/MixinHelper13_5.java	MixinHelper13_5	com.fasterxml.jackson.core.util.JacksonFeatureSet	32.94	13.76	0	16	IllegalArgumentException; JacksonFeatureSet; String
src/main/java/com/moonsworth/lunar/MixinHelper13_8.java	MixinHelper13_8	com.fasterxml.jackson.databind.deser.impl.ManagedReferenceProperty	58.61	36.64	2	21	) when resolving reference '; Unsupported container type (; Collection; IllegalStateException; Map
src/main/java/com/moonsworth/lunar/MixinHelper14.java	MixinHelper14	com.fasterxml.jackson.databind.util.ClassUtil	529.24	379.90	13	173	 (from class ;  is not a primitive type; AUTO_CLOSE_JSON_CONTENT; AccessibleObject; Annotation
src/main/java/com/moonsworth/lunar/MixinHelper142.java	MixinHelper142	com.fasterxml.jackson.databind.ser.std.MapSerializer	134.28	69.39	0	59	Boolean; Class; Deprecated
src/main/java/com/moonsworth/lunar/MixinHelper143.java	MixinHelper143	com.fasterxml.jackson.databind.ser.impl.StringArraySerializer	61.86	17.75	0	29	Boolean; Deprecated; Object
src/main/java/com/moonsworth/lunar/MixinHelper14_10.java	MixinHelper14_10	org.openapitools.jackson.nullable.JsonNullableDeserializer	28.19	17.08	0	10	MixinHelper26; MixinHelper53; MixinHelper73_3
src/main/java/com/moonsworth/lunar/MixinHelper14_9.java	MixinHelper14_9	org.openapitools.jackson.nullable.JsonNullableDeserializer	18.44	7.30	0	7	MixinHelper73_3; Object; com
src/main/java/com/moonsworth/lunar/MixinHelper15$Data3.java	MixinHelper15$Data3	com.fasterxml.jackson.databind.introspect.VisibilityChecker$Std	48.27	14.25	0	22	ANY; DEFAULT; Field
src/main/java/com/moonsworth/lunar/MixinHelper153.java	MixinHelper153	com.fasterxml.jackson.databind.deser.std.AtomicLongDeserializer	27.72	7.64	0	14	AtomicLong; Integer; Long
src/main/java/com/moonsworth/lunar/MixinHelper1542.java	MixinHelper1542	com.fasterxml.jackson.databind.deser.std.UUIDDeserializer	73.91	38.95	0	33	Arrays; Can; Integer
src/main/java/com/moonsworth/lunar/MixinHelper156.java	MixinHelper156	org.openapitools.jackson.nullable.JsonNullableDeserializer	16.25	5.63	0	5	MixinHelper53; MixinHelper73_3; com
src/main/java/com/moonsworth/lunar/MixinHelper157.java	MixinHelper157	com.fasterxml.jackson.databind.deser.std.StackTraceElementDeserializer	44.94	15.38	0	16	Deprecated; END_ARRAY; FIELD_NAME
src/main/java/com/moonsworth/lunar/MixinHelper158.java	MixinHelper158	com.fasterxml.jackson.databind.deser.std.EnumDeserializer	235.51	83.30	4	74	Integer value (; blank String (all whitespace); ACCEPT_CASE_INSENSITIVE_PROPERTIES; ALLOW_COERCION_OF_SCALARS; Boolean
src/main/java/com/moonsworth/lunar/MixinHelper15_4.java	MixinHelper15_4	org.spongepowered.asm.mixin.transformer.MixinProxyImpl	16.78	5.11	0	10	Data; Field; Method
src/main/java/com/moonsworth/lunar/MixinHelper15_7.java	MixinHelper15_7	com.fasterxml.jackson.databind.util.BeanUtil	214.14	107.49	8	59	Java 8 date/time; Joda date/time; Boolean; Calendar; Character
src/main/java/com/moonsworth/lunar/MixinHelper15_9.java	MixinHelper15_9	com.fasterxml.jackson.databind.deser.std.StdDeserializer	77.56	31.74	0	38	Arrays; AsEmpty; AsNull
src/main/java/com/moonsworth/lunar/MixinHelper16$Data.java	MixinHelper16$Data	com.fasterxml.jackson.databind.deser.BeanDeserializer$BeanReferring	36.83	15.92	0	16	Bean; Object; ObjectId
src/main/java/com/moonsworth/lunar/MixinHelper162$Data6.java	MixinHelper162$Data6	com.fasterxml.jackson.databind.introspect.DefaultAccessorNamingStrategy$RecordNaming	18.61	4.85	0	13	Arrays; Collections; HashSet
src/main/java/com/moonsworth/lunar/MixinHelper162.java	MixinHelper162	com.fasterxml.jackson.core.util.DefaultPrettyPrinter	38.16	15.83	1	16	Failed `createInstance()`: ; Failed; IllegalStateException; Serializable
src/main/java/com/moonsworth/lunar/MixinHelper16_2.java	MixinHelper16_2	com.fasterxml.jackson.databind.deser.BeanDeserializer	173.99	70.46	2	63	Attempted to unwrap '%s' value; JSON Creator returned null; Array; ArrayList; Attempted
src/main/java/com/moonsworth/lunar/MixinHelper16_5.java	MixinHelper16_5	org.openapitools.jackson.nullable.JsonNullableDeserializer	16.63	8.26	0	6	MixinHelper53; MixinHelper73_3; Object
src/main/java/com/moonsworth/lunar/MixinHelper16_6.java	MixinHelper16_6	org.openapitools.jackson.nullable.JsonNullableDeserializer	37.32	13.15	0	13	Boolean; MixinHelper102_4; MixinHelper26
src/main/java/com/moonsworth/lunar/MixinHelper17.java	MixinHelper17	org.openapitools.jackson.nullable.JsonNullableTypeModifier	23.22	7.30	0	9	MixinHelper26; SerializableImpl2_5; SerializableLoader_3
src/main/java/com/moonsworth/lunar/MixinHelper172_2.java	MixinHelper172_2	com.fasterxml.jackson.databind.deser.std.CollectionDeserializer	175.55	53.97	4	56	Invalid delegate-creator definition for %s: value instantiator (%s) returned true for 'canCreateUsingArrayDelegate()', but null for 'getArrayDelegateType()'; Invalid delegate-creator definition for %s
src/main/java/com/moonsworth/lunar/MixinHelper172_3.java	MixinHelper172_3	com.fasterxml.jackson.databind.deser.BuilderBasedDeserializer	129.17	45.25	0	54	Boolean; Builder; Cannot
src/main/java/com/moonsworth/lunar/MixinHelper174.java	MixinHelper174	com.fasterxml.jackson.core.StreamReadCapability	36.74	18.05	0	11	DUPLICATE_PROPERTIES; EXACT_FLOATS; SCALARS_AS_OBJECTS
src/main/java/com/moonsworth/lunar/MixinHelper175.java	MixinHelper175	com.fasterxml.jackson.core.StreamWriteCapability	27.65	8.95	0	9	CAN_WRITE_BINARY_NATIVELY; CAN_WRITE_FORMATTED_NUMBERS; _defaultState
src/main/java/com/moonsworth/lunar/MixinHelper17_4.java	MixinHelper17_4	com.fasterxml.jackson.databind.deser.std.ContainerDeserializerBase	104.22	32.25	1	40	Cannot handle managed/back reference '%s': type: container deserializer of type %s returned null for 'getContentDeserializer()'; BOGUS; Boolean; Cannot
src/main/java/com/moonsworth/lunar/MixinHelper17_6.java	MixinHelper17_6	com.fasterxml.jackson.databind.deser.BeanDeserializerBase	486.89	336.34	5	170	#temporary-name; Could not resolve Object Id [; ACCEPT_CASE_INSENSITIVE_PROPERTIES; ALWAYS_NULL; ARRAY
src/main/java/com/moonsworth/lunar/MixinHelper18_2.java	MixinHelper18_2	org.openapitools.jackson.nullable.JsonNullableDeserializer	15.94	4.13	0	6	MixinHelper26; MixinHelper73_3; Object
src/main/java/com/moonsworth/lunar/MixinHelper18_5.java	MixinHelper18_5	com.fasterxml.jackson.core.util.TextBuffer	75.71	40.90	0	41	ArrayList; Arrays; BigDecimal
src/main/java/com/moonsworth/lunar/MixinHelper19_3.java	MixinHelper19_3	com.fasterxml.jackson.core.util.VersionUtil	155.24	99.69	4	51	.PackageVersion; /pom.properties; Class; ClassLoader; Closeable
src/main/java/com/moonsworth/lunar/MixinHelper2$Data10.java	MixinHelper2$Data10	com.fasterxml.jackson.databind.jdk14.JDK14Util$RecordAccessor	60.28	28.73	0	31	Class; Exception; Failed
src/main/java/com/moonsworth/lunar/MixinHelper2$Data12.java	MixinHelper2$Data12	com.fasterxml.jackson.databind.ser.std.StdKeySerializers$Default	37.72	17.19	0	21	Calendar; Class; Date
src/main/java/com/moonsworth/lunar/MixinHelper2$Data3.java	MixinHelper2$Data3	com.fasterxml.jackson.databind.EnumNamingStrategies$CamelCaseStrategy	34.94	11.46	0	15	CharSequence; Character; String
src/main/java/com/moonsworth/lunar/MixinHelper2$Data9.java	MixinHelper2$Data9	com.fasterxml.jackson.databind.jdk14.JDK14Util$CreatorLocator	40.84	15.28	0	21	Collections; DELEGATING; DISABLED
src/main/java/com/moonsworth/lunar/MixinHelper2.java	MixinHelper2	mchorse.emoticons.ClientProxy	16.61	4.48	0	11	Data4; Map; Object
src/main/java/com/moonsworth/lunar/MixinHelper2022.java	MixinHelper2022	com.fasterxml.jackson.databind.introspect.POJOPropertyBuilder	234.03	143.67	5	83	'; ctors: ; , but also implicit accessor: ; AUTO; ArrayList; Boolean
src/main/java/com/moonsworth/lunar/MixinHelper204.java	MixinHelper204	com.fasterxml.jackson.databind.introspect.AnnotatedMethodCollector	62.65	21.38	0	36	Annotation; Class; Entry
src/main/java/com/moonsworth/lunar/MixinHelper205.java	MixinHelper205	com.fasterxml.jackson.databind.introspect.AnnotatedCreatorCollector	84.49	34.75	0	44	AnnotatedElement; Annotation; ArrayList
src/main/java/com/moonsworth/lunar/MixinHelper21.java	MixinHelper21	com.fasterxml.jackson.databind.deser.std.StdDeserializer	871.03	730.22	13	228	Attempted to unwrap '%s' value from an array (with `DeserializationFeature.UNWRAP_SINGLE_VALUE_ARRAYS`) but it contains more than one value; Floating-point value (; ACCEPT_EMPTY_ARRAY_AS_NULL_OBJECT; 
src/main/java/com/moonsworth/lunar/MixinHelper212.java	MixinHelper212	com.fasterxml.jackson.databind.deser.std.FactoryBasedEnumDeserializer	132.46	66.77	1	47	Input mismatch reading Enum %s: properties-based `@JsonCreator` (%s) expects JSON Object (JsonToken.START_OBJECT), got JsonToken.%s; ACCEPT_CASE_INSENSITIVE_PROPERTIES; Boolean; CharSequence
src/main/java/com/moonsworth/lunar/MixinHelper214.java	MixinHelper214	com.fasterxml.jackson.databind.deser.std.BaseNodeDeserializer	140.27	75.61	0	50	ArithmeticException; BIG_DECIMAL; BIG_INTEGER
src/main/java/com/moonsworth/lunar/MixinHelper2142.java	MixinHelper2142	org.openapitools.jackson.nullable.JsonNullableDeserializer	39.91	18.64	0	13	Boolean; Class; MixinHelper102_4
src/main/java/com/moonsworth/lunar/MixinHelper216.java	MixinHelper216	org.openapitools.jackson.nullable.JsonNullableDeserializer	32.72	12.14	0	11	Class; MixinHelper102_4; MixinHelper26
src/main/java/com/moonsworth/lunar/MixinHelper2172.java	MixinHelper2172	org.openapitools.jackson.nullable.JsonNullableDeserializer	64.53	24.67	0	21	Boolean; MixinHelper102_4; MixinHelper217
src/main/java/com/moonsworth/lunar/MixinHelper218.java	MixinHelper218	com.fasterxml.jackson.databind.deser.std.EnumSetDeserializer	89.83	35.26	1	36	 not Java Enum type; ACCEPT_SINGLE_VALUE_AS_ARRAY; Boolean; Collection
src/main/java/com/moonsworth/lunar/MixinHelper21_2.java	MixinHelper21_2	org.openapitools.jackson.nullable.JsonNullableDeserializer	20.13	9.65	0	9	Class; MixinHelper53; MixinHelper73_3
src/main/java/com/moonsworth/lunar/MixinHelper21_3.java	MixinHelper21_3	com.fasterxml.jackson.core.util.DefaultIndenter	32.61	13.54	1	12	line.separator; String; System; Throwable
src/main/java/com/moonsworth/lunar/MixinHelper21_4.java	MixinHelper21_4	com.fasterxml.jackson.databind.introspect.POJOPropertiesCollector	222.39	137.99	2	93	AnnotationIntrospector returned PropertyNamingStrategy definition of type %s; expected type `PropertyNamingStrategy` or `Class<PropertyNamingStrategy>` instead; Problem with definition of ; ALLOW_EXPL
src/main/java/com/moonsworth/lunar/MixinHelper222_2.java	MixinHelper222_2	com.fasterxml.jackson.databind.deser.std.StdKeyDeserializers	61.76	28.63	0	30	Class; Constructor; Creator
src/main/java/com/moonsworth/lunar/MixinHelper2242.java	MixinHelper2242	com.fasterxml.jackson.databind.jsontype.impl.TypeIdResolverBase	35.59	20.03	1	10	Sub-class ; DatabindContext; IllegalStateException; MUST
src/main/java/com/moonsworth/lunar/MixinHelper22422.java	MixinHelper22422	com.fasterxml.jackson.databind.jsontype.impl.TypeNameIdResolver	54.38	24.09	0	34	ACCEPT_CASE_INSENSITIVE_VALUES; Class; Collection
src/main/java/com/moonsworth/lunar/MixinHelper22423.java	MixinHelper22423	com.fasterxml.jackson.databind.jsontype.impl.ClassNameIdResolver	66.24	39.65	3	21	class name used as type id; java.util.; CLASS; Class; Deprecated
src/main/java/com/moonsworth/lunar/MixinHelper22_3.java	MixinHelper22_3	com.fasterxml.jackson.databind.ext.Java7SupportImpl	24.64	12.23	0	12	Boolean; Class; ConstructorProperties
src/main/java/com/moonsworth/lunar/MixinHelper22_4.java	MixinHelper22_4	com.fasterxml.jackson.databind.deser.std.JsonLocationInstantiator	30.78	9.87	0	11	Number; Object; String
src/main/java/com/moonsworth/lunar/MixinHelper23.java	MixinHelper23	com.fasterxml.jackson.databind.introspect.AnnotatedClassResolver	32.20	8.21	0	23	Annotation; ArrayList; Class
src/main/java/com/moonsworth/lunar/MixinHelper24.java	MixinHelper24	com.fasterxml.jackson.databind.introspect.ObjectIdInfo	50.05	33.42	3	10	, alwaysAsId=; , generatorType=; Class; Object; ObjectIdInfo
src/main/java/com/moonsworth/lunar/MixinHelper262.java	MixinHelper262	com.fasterxml.jackson.databind.type.SimpleType	72.89	36.43	0	39	Cannot; Class; Collection
src/main/java/com/moonsworth/lunar/MixinHelper2622.java	MixinHelper2622	com.fasterxml.jackson.databind.type.ReferenceType	48.16	21.90	1	24	Missing referencedType; Cannot; Class; Deprecated
src/main/java/com/moonsworth/lunar/MixinHelper263.java	MixinHelper263	com.fasterxml.jackson.databind.type.ArrayType	39.97	16.26	0	25	Array; Cannot; Class
src/main/java/com/moonsworth/lunar/MixinHelper264.java	MixinHelper264	com.fasterxml.jackson.databind.type.CollectionLikeType	53.43	14.17	1	29	, contains ; Cannot; Class; Collection
src/main/java/com/moonsworth/lunar/MixinHelper265.java	MixinHelper265	org.openapitools.jackson.nullable.JsonNullableTypeModifier	16.45	4.45	0	6	Class; MixinHelper26; SerializableLoader_3
src/main/java/com/moonsworth/lunar/MixinHelper2652.java	MixinHelper2652	com.fasterxml.jackson.databind.type.ResolvedRecursiveType	34.29	14.23	0	19	Class; Deprecated; IllegalStateException
src/main/java/com/moonsworth/lunar/MixinHelper26_2.java	MixinHelper26_2	com.fasterxml.jackson.databind.type.TypeBase	67.52	34.14	1	33	Unrecognized primitive type: ; Arrays; Class; Collections
src/main/java/com/moonsworth/lunar/MixinHelper27$Data3.java	MixinHelper27$Data3	org.openapitools.jackson.nullable.JsonNullableDeserializer	11.43	4.82	0	4	MixinHelper53; com; lunar
src/main/java/com/moonsworth/lunar/MixinHelper27.java	MixinHelper27	com.fasterxml.jackson.databind.ObjectMapper	407.68	272.08	8	134	 (version: ;  for format ; AccessController; ArrayList; AtomicReference
src/main/java/com/moonsworth/lunar/MixinHelper27_3.java	MixinHelper27_3	org.openapitools.jackson.nullable.JsonNullableModule	13.18	4.82	0	5	SerializableImpl3; com; lunar
src/main/java/com/moonsworth/lunar/MixinHelper28.java	MixinHelper28	com.fasterxml.jackson.databind.ObjectReader	227.87	90.71	3	86	 for format ; Cannot use source of type ; AUTO_CLOSE_SOURCE; Cannot; Class
src/main/java/com/moonsworth/lunar/MixinHelper2_11.java	MixinHelper2_11	com.fasterxml.jackson.core.sym.ByteQuadsCanonicalizer	252.25	151.43	4	77	 entries, hash area of ;  slots -- suspect a DoS attack based on hash collisions. You can disable the check via `JsonFactory.Feature.FAIL_ON_SYMBOL_HASH_OVERFLOW`; Arrays; AtomicReference; CANONICALIZ
src/main/java/com/moonsworth/lunar/MixinHelper2_13.java	MixinHelper2_13	com.fasterxml.jackson.databind.jsontype.TypeSerializer	33.35	10.53	0	13	Class; Deprecated; METADATA_PROPERTY
src/main/java/com/moonsworth/lunar/MixinHelper2_15.java	MixinHelper2_15	com.fasterxml.jackson.core.io.schubfach.DoubleToDecimal	18.64	6.56	0	8	Double; Infinity; Long
src/main/java/com/moonsworth/lunar/MixinHelper2_18.java	MixinHelper2_18	com.fasterxml.jackson.core.json.ByteSourceJsonBootstrapper	192.90	153.48	4	50	) detected; Internal error; BOM; ByteArrayInputStream; CANONICALIZE_FIELD_NAMES
src/main/java/com/moonsworth/lunar/MixinHelper2_25.java	MixinHelper2_25	com.fasterxml.jackson.databind.jsontype.impl.SubTypeValidator	974.96	936.39	8	225	com.mchange.v2.c3p0.; com.sun.rowset.JdbcRowSetImpl; AQjmsQueueConnectionFactory; AQjmsTopicConnectionFactory; AQjmsXAConnectionFactory
src/main/java/com/moonsworth/lunar/MixinHelper2_29.java	MixinHelper2_29	com.fasterxml.jackson.databind.deser.UnresolvedId	16.21	5.45	1	7	Object id [%s] (for %s) at %s; Class; Object; String
src/main/java/com/moonsworth/lunar/MixinHelper2_31.java	MixinHelper2_31	org.openapitools.jackson.nullable.JsonNullableTypeModifier	31.97	20.16	0	11	MixinHelper26; MixinHelper2_31; SerializableImpl2_5
src/main/java/com/moonsworth/lunar/MixinHelper2_33.java	MixinHelper2_33	com.fasterxml.jackson.databind.util.NativeImageUtil	64.69	33.09	0	26	Class; InvocationTargetException; System
src/main/java/com/moonsworth/lunar/MixinHelper2_6.java	MixinHelper2_6	com.fasterxml.jackson.core.io.BigIntegerParser	58.16	21.28	2	18	 [truncated]; , reason: ; BigInteger; NumberFormatException; String
src/main/java/com/moonsworth/lunar/MixinHelper3$Data11.java	MixinHelper3$Data11	com.fasterxml.jackson.databind.deser.std.NumberDeserializers$PrimitiveOrWrapperDeserializer	68.56	23.28	1	23	Cannot map `null` into type %s (set DeserializationConfig.DeserializationFeature.FAIL_ON_NULL_FOR_PRIMITIVES to 'false' to allow); ALWAYS_NULL; CONSTANT; Cannot
src/main/java/com/moonsworth/lunar/MixinHelper3$Data15.java	MixinHelper3$Data15	org.openapitools.jackson.nullable.JsonNullableDeserializer	21.63	6.80	0	7	Class; MixinHelper3_2; MixinHelper53
src/main/java/com/moonsworth/lunar/MixinHelper3$Data18.java	MixinHelper3$Data18	com.fasterxml.jackson.databind.ser.std.StdArraySerializers$CharArraySerializer	40.16	10.39	0	18	Deprecated; START_ARRAY; STRING
src/main/java/com/moonsworth/lunar/MixinHelper3$Data2.java	MixinHelper3$Data2	com.fasterxml.jackson.core.format.InputAccessor$Std	49.32	28.76	1	18	 bytes (max buffer size: ; EOFException; Failed; InputStream
src/main/java/com/moonsworth/lunar/MixinHelper3.java	MixinHelper3	com.fasterxml.jackson.databind.util.ObjectBuffer	56.15	14.73	2	23	 entries, got ; Should have gotten ; Array; Class; IllegalStateException
src/main/java/com/moonsworth/lunar/MixinHelper302.java	MixinHelper302	org.openapitools.jackson.nullable.JsonNullableModule	13.55	4.82	0	6	SerializableImpl3; com; java
src/main/java/com/moonsworth/lunar/MixinHelper304.java	MixinHelper304	com.fasterxml.jackson.databind.introspect.JacksonAnnotationIntrospector	235.97	150.96	2	96	Annotated type [; ] got repeated subtype name [; ALWAYS; Annotated; Annotation
src/main/java/com/moonsworth/lunar/MixinHelper31.java	MixinHelper31	com.fasterxml.jackson.databind.SerializationConfig	47.59	21.28	0	19	ALWAYS; Class; DateFormat
src/main/java/com/moonsworth/lunar/MixinHelper312$Extension.java	MixinHelper312$Extension	org.openapitools.jackson.nullable.JsonNullableModule	34.54	17.36	0	10	MixinHelper10_9; MixinHelper13_3; MixinHelper13_4
src/main/java/com/moonsworth/lunar/MixinHelper312.java	MixinHelper312	com.fasterxml.jackson.databind.module.SimpleModule	198.62	151.13	11	47	Cannot pass `null` as %s; SimpleModule-; AtomicInteger; Cannot; Class
src/main/java/com/moonsworth/lunar/MixinHelper3122$Data.java	MixinHelper3122$Data	com.fasterxml.jackson.databind.BeanProperty$Std	96.20	37.58	2	36	 should not get visited; Instances of ; Annotation; Class; Collections
src/main/java/com/moonsworth/lunar/MixinHelper313.java	MixinHelper313	com.fasterxml.jackson.databind.SequenceWriter	40.35	15.11	0	19	CLOSE_CLOSEABLE; Class; Closeable
src/main/java/com/moonsworth/lunar/MixinHelper32.java	MixinHelper32	com.fasterxml.jackson.databind.JsonNode	169.28	91.65	1	72	Node of type `%s` has no fields; ARRAY; BINARY; BOOLEAN
src/main/java/com/moonsworth/lunar/MixinHelper3222.java	MixinHelper3222	com.fasterxml.jackson.databind.node.ObjectNode	121.25	66.01	1	65	Property '; ArrayList; ArrayNode; Arrays
src/main/java/com/moonsworth/lunar/MixinHelper3223.java	MixinHelper3223	com.fasterxml.jackson.databind.node.ArrayNode	104.87	47.30	2	49	, array size ; Illegal index ; ARRAY; Array; ArrayList
src/main/java/com/moonsworth/lunar/MixinHelper3232.java	MixinHelper3232	com.fasterxml.jackson.databind.node.BooleanNode	34.97	14.20	0	14	BOOLEAN; Object; String
src/main/java/com/moonsworth/lunar/MixinHelper3234.java	MixinHelper3234	com.fasterxml.jackson.databind.node.TextNode	74.49	46.17	0	33	Base64; Deprecated; IllegalArgumentException
src/main/java/com/moonsworth/lunar/MixinHelper32364.java	MixinHelper32364	com.fasterxml.jackson.databind.node.DecimalNode	55.98	18.76	0	27	BIG_DECIMAL; BigDecimal; BigInteger
src/main/java/com/moonsworth/lunar/MixinHelper3238.java	MixinHelper3238	com.fasterxml.jackson.databind.node.MissingNode	28.61	11.63	0	14	MISSING; MissingNode; NOT_AVAILABLE
src/main/java/com/moonsworth/lunar/MixinHelper32_3.java	MixinHelper32_3	com.fasterxml.jackson.databind.node.BaseJsonNode	109.19	34.48	1	46	Node of type `%s` has no fields; ArrayNode; BigDecimal; BigInteger
src/main/java/com/moonsworth/lunar/MixinHelper32_5.java	MixinHelper32_5	com.fasterxml.jackson.databind.deser.std.StdValueInstantiator	101.91	63.52	4	35	 value failed: ; Instantiation of ; BigDecimal; BigInteger; Boolean
src/main/java/com/moonsworth/lunar/MixinHelper32_7.java	MixinHelper32_7	com.fasterxml.jackson.databind.jsontype.impl.TypeDeserializerBase	122.46	81.81	4	42	%s (for POJO property '%s'); ; base-type:; Class; ConcurrentHashMap; Deprecated
src/main/java/com/moonsworth/lunar/MixinHelper34$Data.java	MixinHelper34$Data	org.openapitools.jackson.nullable.JsonNullableDeserializer	11.43	3.29	0	4	MixinHelper53; com; lunar
src/main/java/com/moonsworth/lunar/MixinHelper34_2.java	MixinHelper34_2	org.openapitools.jackson.nullable.JsonNullableDeserializer	11.43	3.29	0	4	MixinHelper53; com; lunar
src/main/java/com/moonsworth/lunar/MixinHelper3_11.java	MixinHelper3_11	com.fasterxml.jackson.databind.module.SimpleAbstractTypeResolver	72.85	36.54	2	27	 since it is not abstract; Cannot add mapping from class ; Cannot; Class; Deprecated
src/main/java/com/moonsworth/lunar/MixinHelper3_12.java	MixinHelper3_12	com.fasterxml.jackson.databind.deser.impl.PropertyValueBuffer	57.85	31.12	0	26	BitSet; DeserializationFeature; FAIL_ON_MISSING_CREATOR_PROPERTIES
src/main/java/com/moonsworth/lunar/MixinHelper3_13.java	MixinHelper3_13	com.fasterxml.jackson.databind.ser.PropertyBuilder	141.21	87.50	4	43	 has no content; ' of default ; ALWAYS; Boolean; CAN_OVERRIDE_ACCESS_MODIFIERS
src/main/java/com/moonsworth/lunar/MixinHelper3_19.java	MixinHelper3_19	com.fasterxml.jackson.core.Base64Variants	77.85	60.54	3	19	MIME-NO-LINEFEEDS; MODIFIED-FOR-URL; ABCDEFGHIJKLMNOPQRSTUVWXYZabcdefghijklmnopqrstuvwxyz0123456789; Base64Variant; FOR
src/main/java/com/moonsworth/lunar/MixinHelper3_2.java	MixinHelper3_2	org.openapitools.jackson.nullable.JsonNullableDeserializer	41.12	10.98	0	15	Boolean; Class; MixinHelper26
src/main/java/com/moonsworth/lunar/MixinHelper3_21.java	MixinHelper3_21	com.fasterxml.jackson.core.io.NumberOutput	20.10	5.96	0	12	Double; Float; Integer
src/main/java/com/moonsworth/lunar/MixinHelper3_3.java	MixinHelper3_3	com.fasterxml.jackson.databind.deser.ValueInstantiator	92.34	43.82	1	38	no delegate creator specified; ACCEPT_EMPTY_STRING_AS_NULL_OBJECT; BigDecimal; BigInteger
src/main/java/com/moonsworth/lunar/MixinHelper3_4.java	MixinHelper3_4	com.fasterxml.jackson.databind.deser.std.NumberDeserializers	47.61	13.94	0	28	BigDecimal; BigInteger; Boolean
src/main/java/com/moonsworth/lunar/MixinHelper42.java	MixinHelper42	org.openapitools.jackson.nullable.JsonNullableSerializer	11.43	4.33	0	4	MixinHelper3122_2; com; lunar
src/main/java/com/moonsworth/lunar/MixinHelper422.java	MixinHelper422	org.openapitools.jackson.nullable.JsonNullableSerializer	11.43	4.33	0	4	MixinHelper3122_2; com; lunar
src/main/java/com/moonsworth/lunar/MixinHelper42_3.java	MixinHelper42_3	com.fasterxml.jackson.databind.DeserializationFeature	136.01	105.78	0	34	ACCEPT_EMPTY_ARRAY_AS_NULL_OBJECT; ACCEPT_EMPTY_STRING_AS_NULL_OBJECT; ACCEPT_FLOAT_AS_INT
src/main/java/com/moonsworth/lunar/MixinHelper43.java	MixinHelper43	com.fasterxml.jackson.databind.MapperFeature	178.31	138.98	0	45	ACCEPT_CASE_INSENSITIVE_ENUMS; ACCEPT_CASE_INSENSITIVE_PROPERTIES; ACCEPT_CASE_INSENSITIVE_VALUES
src/main/java/com/moonsworth/lunar/MixinHelper44.java	MixinHelper44	com.fasterxml.jackson.databind.SerializationFeature	131.53	106.76	0	33	CLOSE_CLOSEABLE; Deprecated; EAGER_SERIALIZER_FETCH
src/main/java/com/moonsworth/lunar/MixinHelper45.java	MixinHelper45	com.fasterxml.jackson.databind.introspect.BasicBeanDescription	171.35	70.89	1	83	; expected Class<Converter>; AnnotationIntrospector; ArrayList; CharSequence
src/main/java/com/moonsworth/lunar/MixinHelper4_11.java	MixinHelper4_11	org.openapitools.jackson.nullable.UnwrappingJsonNullableBeanPropertyWriter	15.91	4.82	0	5	MixinHelper52_5; SerializableLoader2_4; com
src/main/java/com/moonsworth/lunar/MixinHelper4_19.java	MixinHelper4_19	com.fasterxml.jackson.core.io.BigDecimalParser	193.67	154.77	8	45	 [truncated];  to exponent ; ArithmeticException; Arrays; BigDecimal
src/main/java/com/moonsworth/lunar/MixinHelper4_2.java	MixinHelper4_2	com.fasterxml.jackson.databind.deser.std.JdkDeserializers	38.66	16.01	0	21	AtomicBoolean; AtomicInteger; AtomicLong
src/main/java/com/moonsworth/lunar/MixinHelper4_21.java	MixinHelper4_21	org.openapitools.jackson.nullable.JsonNullableDeserializer	15.91	4.48	0	5	MixinHelper102_4; MixinHelper73_3; com
src/main/java/com/moonsworth/lunar/MixinHelper4_22.java	MixinHelper4_22	org.openapitools.jackson.nullable.JsonNullableSerializer	11.43	4.82	0	4	MixinHelper3122_2; com; lunar
src/main/java/com/moonsworth/lunar/MixinHelper4_7.java	MixinHelper4_7	com.fasterxml.jackson.databind.ser.std.StdJdkSerializers	49.94	20.75	0	25	AtomicBoolean; AtomicInteger; AtomicLong
src/main/java/com/moonsworth/lunar/MixinHelper5$Data5.java	MixinHelper5$Data5	com.fasterxml.jackson.databind.ext.CoreXMLSerializers$XMLGregorianCalendarSerializer	38.24	17.45	0	16	Calendar; Object; VALUE_STRING
src/main/java/com/moonsworth/lunar/MixinHelper511.java	MixinHelper511	com.fasterxml.jackson.databind.ser.std.EnumSerializer	106.05	45.04	0	50	ANY; ARRAY; Boolean
src/main/java/com/moonsworth/lunar/MixinHelper512.java	MixinHelper512	com.fasterxml.jackson.databind.ser.std.InetAddressSerializer	39.26	18.34	0	17	ARRAY; InetAddress; String
src/main/java/com/moonsworth/lunar/MixinHelper513.java	MixinHelper513	com.fasterxml.jackson.databind.ser.std.DateTimeSerializerBase	142.65	84.73	0	59	AtomicReference; Boolean; Class
src/main/java/com/moonsworth/lunar/MixinHelper515.java	MixinHelper515	com.fasterxml.jackson.databind.ser.std.UUIDSerializer	40.96	18.68	0	17	BINARY; Boolean; Objects
src/main/java/com/moonsworth/lunar/MixinHelper52$Data3.java	MixinHelper52$Data3	com.fasterxml.jackson.databind.util.TokenBuffer$Parser	205.80	57.70	1	84	Current token (; BIG_DECIMAL; BIG_INTEGER; BigDecimal
src/main/java/com/moonsworth/lunar/MixinHelper52$Type.java	MixinHelper52$Type	com.fasterxml.jackson.core.JsonGenerator$Feature	74.47	24.38	0	22	AUTO_CLOSE_JSON_CONTENT; AUTO_CLOSE_TARGET; Deprecated
src/main/java/com/moonsworth/lunar/MixinHelper52.java	MixinHelper52	com.fasterxml.jackson.core.base.GeneratorBase	217.85	100.75	9	55	Attempt to write plain `java.math.BigDecimal` (see JsonGenerator.Feature.WRITE_BIGDECIMAL_AS_PLAIN) with illegal scale (%d): needs to be between [-%d, %d]; No ObjectCodec defined; Attempt; BigDecimal;
src/main/java/com/moonsworth/lunar/MixinHelper522.java	MixinHelper522	com.fasterxml.jackson.core.filter.FilteringGeneratorDelegate	41.69	13.75	0	19	BigDecimal; BigInteger; Deprecated
src/main/java/com/moonsworth/lunar/MixinHelper52_2.java	MixinHelper52_2	com.fasterxml.jackson.databind.util.TokenBuffer	249.13	141.30	2	99	 ... (truncated ; null reader; BigDecimal; BigInteger; Called
src/main/java/com/moonsworth/lunar/MixinHelper52_5.java	MixinHelper52_5	com.fasterxml.jackson.core.JsonGenerator	253.95	151.94	2	100	No current event to copy; null array; AtomicBoolean; AtomicInteger; AtomicLong
src/main/java/com/moonsworth/lunar/MixinHelper52_6.java	MixinHelper52_6	com.fasterxml.jackson.core.json.JsonGeneratorImpl	36.32	11.84	0	16	Can; ESCAPE_NON_ASCII; QUOTE_FIELD_NAMES
src/main/java/com/moonsworth/lunar/MixinHelper52_7.java	MixinHelper52_7	com.fasterxml.jackson.dataformat.yaml.YAMLGenerator	462.13	327.67	13	116	, expecting field name; Current context not Array but ; ALLOW_LONG_KEYS; ALWAYS_QUOTE_NUMBERS_AS_STRINGS; AUTO_CLOSE_TARGET
src/main/java/com/moonsworth/lunar/MixinHelper532$Type.java	MixinHelper532$Type	com.fasterxml.jackson.dataformat.yaml.YAMLParser$Feature	32.42	8.95	0	11	EMPTY_STRING_AS_NULL; PARSE_BOOLEAN_LIKE_WORDS_AS_STRINGS; _defaultState
src/main/java/com/moonsworth/lunar/MixinHelper53222.java	MixinHelper53222	com.fasterxml.jackson.core.json.async.NonBlockingByteBufferJsonParser	86.24	26.01	0	32	Already; ByteBuffer; Channels
src/main/java/com/moonsworth/lunar/MixinHelper532_2.java	MixinHelper532_2	com.fasterxml.jackson.core.filter.FilteringParserDelegate	132.73	76.93	0	48	BigDecimal; BigInteger; Deprecated
src/main/java/com/moonsworth/lunar/MixinHelper532_3.java	MixinHelper532_3	com.fasterxml.jackson.core.base.ParserBase	412.96	268.07	10	120	' (code 0x; ') as character #; ALLOW_BACKSLASH_ESCAPING_ANY_CHARACTER; ALLOW_NON_NUMERIC_NUMBERS; ALLOW_SINGLE_QUOTES
src/main/java/com/moonsworth/lunar/MixinHelper532_6.java	MixinHelper532_6	com.fasterxml.jackson.dataformat.yaml.YAMLParser	415.88	291.08	3	144	Current token (; Malformed numeric value '; AUTO_CLOSE_SOURCE; Alias; AliasEvent
src/main/java/com/moonsworth/lunar/MixinHelper53_2.java	MixinHelper53_2	com.fasterxml.jackson.core.base.ParserMinimalBase	288.25	184.20	7	88	 in a Number value;  in a String value; ASCII; BigDecimal; BigInteger
src/main/java/com/moonsworth/lunar/MixinHelper542$Type.java	MixinHelper542$Type	com.fasterxml.jackson.core.JsonFactory$Feature	41.66	21.63	0	13	CANONICALIZE_FIELD_NAMES; CHARSET_DETECTION; FAIL_ON_SYMBOL_HASH_OVERFLOW
src/main/java/com/moonsworth/lunar/MixinHelper542.java	MixinHelper542	com.fasterxml.jackson.dataformat.yaml.YAMLFactory	97.72	45.36	0	38	AUTO_CLOSE_SOURCE; ByteArrayInputStream; CharArrayReader
src/main/java/com/moonsworth/lunar/MixinHelper5422.java	MixinHelper5422	com.fasterxml.jackson.core.TSFBuilder	32.10	8.53	0	15	Feature; IllegalArgumentException; JSON
src/main/java/com/moonsworth/lunar/MixinHelper54222.java	MixinHelper54222	com.fasterxml.jackson.core.JsonFactoryBuilder	28.28	12.29	0	12	Can; IllegalArgumentException; Math
src/main/java/com/moonsworth/lunar/MixinHelper5422_2.java	MixinHelper5422_2	com.fasterxml.jackson.dataformat.yaml.YAMLFactoryBuilder	25.49	7.87	0	10	DumperOptions; LoaderOptions; STRICT_DUPLICATE_DETECTION
src/main/java/com/moonsworth/lunar/MixinHelper542_2.java	MixinHelper542_2	com.fasterxml.jackson.core.JsonFactory	145.52	80.15	0	62	CharArrayReader; Class; DataInput
src/main/java/com/moonsworth/lunar/MixinHelper54_3.java	MixinHelper54_3	com.fasterxml.jackson.core.TokenStreamFactory	68.48	31.06	0	32	Class; DataInput; DataOutput
src/main/java/com/moonsworth/lunar/MixinHelper56.java	MixinHelper56	com.fasterxml.jackson.databind.ser.std.ByteBufferSerializer	38.53	11.34	0	16	Buffer; ByteBuffer; INTEGER
src/main/java/com/moonsworth/lunar/MixinHelper58.java	MixinHelper58	com.fasterxml.jackson.databind.ser.std.InetSocketAddressSerializer	39.32	17.72	0	16	Inet6Address; InetAddress; InetSocketAddress
src/main/java/com/moonsworth/lunar/MixinHelper5_14.java	MixinHelper5_14	org.openapitools.jackson.nullable.JsonNullableDeserializer	11.43	4.82	0	4	MixinHelper73_3; com; lunar
src/main/java/com/moonsworth/lunar/MixinHelper5_17.java	MixinHelper5_17	com.fasterxml.jackson.databind.module.SimpleSerializers	127.80	77.79	2	47	 does not define valid handledType() -- must either register with method that takes type argument  or make serializer extend 'com.fasterxml.jackson.databind.ser.std.StdSerializer'; JsonSerializer of t
src/main/java/com/moonsworth/lunar/MixinHelper5_19.java	MixinHelper5_19	com.fasterxml.jackson.core.io.CharTypes	26.64	7.59	0	17	Arrays; Character; Deprecated
src/main/java/com/moonsworth/lunar/MixinHelper5_2.java	MixinHelper5_2	org.openapitools.jackson.nullable.JsonNullableModule	13.18	4.82	0	5	SerializableImpl3; com; lunar
src/main/java/com/moonsworth/lunar/MixinHelper5_21.java	MixinHelper5_21	com.fasterxml.jackson.databind.deser.std.ThrowableDeserializer	82.67	45.05	0	33	Deprecated; END_OBJECT; JsonCreator
src/main/java/com/moonsworth/lunar/MixinHelper6$Data12.java	MixinHelper6$Data12	org.openapitools.jackson.nullable.JsonNullableDeserializer	12.18	3.28	0	6	MixinHelper73_3; Object; com
src/main/java/com/moonsworth/lunar/MixinHelper6$Data15.java	MixinHelper6$Data15	org.openapitools.jackson.nullable.JsonNullableDeserializer	12.18	4.25	0	6	MixinHelper73_3; Object; com
src/main/java/com/moonsworth/lunar/MixinHelper6$Data16.java	MixinHelper6$Data16	com.fasterxml.jackson.databind.InjectableValues$Std	54.30	28.27	2	23	' found (for property '; No injectable id with value '; Class; HashMap; IllegalArgumentException
src/main/java/com/moonsworth/lunar/MixinHelper6$Data17.java	MixinHelper6$Data17	com.fasterxml.jackson.databind.ext.CoreXMLDeserializers$Std	63.15	36.61	0	25	Class; Date; GregorianCalendar
src/main/java/com/moonsworth/lunar/MixinHelper6$Data8.java	MixinHelper6$Data8	com.fasterxml.jackson.databind.deser.std.StdKeyDeserializer$DelegatingKD	38.11	13.13	2	13	not a valid representation; not a valid representation: %s; Class; Exception; Object
src/main/java/com/moonsworth/lunar/MixinHelper62$Data3.java	MixinHelper62$Data3	com.fasterxml.jackson.databind.deser.BasicDeserializerFactory$ContainerDefaultMappings	69.55	36.95	0	33	AbstractList; AbstractMap; AbstractSet
src/main/java/com/moonsworth/lunar/MixinHelper6211.java	MixinHelper6211	com.fasterxml.jackson.databind.ser.std.JsonValueSerializer	87.68	44.22	0	44	Boolean; Class; Deprecated
src/main/java/com/moonsworth/lunar/MixinHelper6212.java	MixinHelper6212	com.fasterxml.jackson.databind.ser.std.StdDelegatingSerializer	33.41	10.25	0	18	Class; Deprecated; Object
src/main/java/com/moonsworth/lunar/MixinHelper622.java	MixinHelper622	com.fasterxml.jackson.databind.deser.BeanDeserializerFactory	235.34	144.57	5	86	 (of type ;  as a Bean; AUTO_DETECT_GETTERS; ArrayList; Bean
src/main/java/com/moonsworth/lunar/MixinHelper62327.java	MixinHelper62327	org.openapitools.jackson.nullable.JsonNullableDeserializer	25.77	9.83	0	10	Boolean; MixinHelper26; MixinHelper53
src/main/java/com/moonsworth/lunar/MixinHelper624.java	MixinHelper624	com.fasterxml.jackson.databind.ser.impl.BeanAsArraySerializer	63.58	32.22	1	22	BeanAsArraySerializer for ; BeanAsArraySerializer; Exception; Infinite
src/main/java/com/moonsworth/lunar/MixinHelper6242.java	MixinHelper6242	com.fasterxml.jackson.databind.ser.impl.UnwrappingBeanSerializer	81.22	52.23	2	26	Unwrapped property requires use of type information: cannot serialize without disabling `SerializationFeature.FAIL_ON_UNWRAPPED_TYPE_IDENTIFIERS`; UnwrappingBeanSerializer for ; FAIL_ON_UNWRAPPED_TYPE
src/main/java/com/moonsworth/lunar/MixinHelper624_2.java	MixinHelper624_2	com.fasterxml.jackson.databind.ser.std.BeanSerializerBase	190.19	107.46	1	76	#object-ref; ANY; ARRAY; ArrayList
src/main/java/com/moonsworth/lunar/MixinHelper627_2.java	MixinHelper627_2	com.fasterxml.jackson.databind.ser.impl.UnknownSerializer	105.46	61.63	2	34	No serializer found for class %s and no properties discovered to create BeanSerializer (to avoid exception, disable SerializationFeature.FAIL_ON_EMPTY_BEANS); No serializer found for class %s and no p
src/main/java/com/moonsworth/lunar/MixinHelper62_2.java	MixinHelper62_2	com.fasterxml.jackson.databind.deser.BasicDeserializerFactory	435.78	300.64	5	151	Argument #%d of constructor %s has no property name annotation; must have name when multiple-parameter constructor annotated as Creator; Argument #%d of factory method %s has no property name annotati
src/main/java/com/moonsworth/lunar/MixinHelper62_3.java	MixinHelper62_3	com.fasterxml.jackson.databind.ser.std.StdSerializer	162.70	95.76	1	60	'; no FilterProvider configured; Boolean; Cannot; Class
src/main/java/com/moonsworth/lunar/MixinHelper62_5.java	MixinHelper62_5	com.fasterxml.jackson.databind.JsonSerializer	62.48	25.93	0	29	Class; Deprecated; Iterator
src/main/java/com/moonsworth/lunar/MixinHelper62_6.java	MixinHelper62_6	com.fasterxml.jackson.databind.cfg.MapperConfigBase	61.29	25.58	0	25	AUTO_DETECT_CREATORS; AUTO_DETECT_FIELDS; AUTO_DETECT_GETTERS
src/main/java/com/moonsworth/lunar/MixinHelper6_12.java	MixinHelper6_12	com.fasterxml.jackson.databind.deser.std.StdKeyDeserializer	168.81	102.85	4	62	not a valid representation; problem: %s; Boolean; Byte; Calendar
src/main/java/com/moonsworth/lunar/MixinHelper6_14.java	MixinHelper6_14	com.fasterxml.jackson.databind.deser.impl.JDKValueInstantiators	27.97	7.35	0	15	ArrayList; Class; Collection
src/main/java/com/moonsworth/lunar/MixinHelper6_5.java	MixinHelper6_5	com.fasterxml.jackson.databind.jsontype.impl.StdSubtypeResolver	68.72	24.50	0	41	ArrayList; Both; Class
src/main/java/com/moonsworth/lunar/MixinHelper6_6.java	MixinHelper6_6	com.fasterxml.jackson.databind.ext.CoreXMLDeserializers	41.13	11.45	0	14	Class; DatatypeConfigurationException; DatatypeFactory
src/main/java/com/moonsworth/lunar/MixinHelper6_7.java	MixinHelper6_7	com.fasterxml.jackson.databind.cfg.MapperConfig	57.53	25.35	0	24	BLOCK_UNSAFE_POLYMORPHIC_BASE_TYPES; Boolean; CAN_OVERRIDE_ACCESS_MODIFIERS
src/main/java/com/moonsworth/lunar/MixinHelper7$Data12.java	MixinHelper7$Data12	org.openapitools.jackson.nullable.JsonNullableDeserializer	11.92	4.82	0	5	MixinHelperType2_2; String; com
src/main/java/com/moonsworth/lunar/MixinHelper7$Data16.java	MixinHelper7$Data16	org.openapitools.jackson.nullable.JsonNullableDeserializer	12.73	3.57	0	6	MixinHelper73_3; String; com
src/main/java/com/moonsworth/lunar/MixinHelper72.java	MixinHelper72	com.fasterxml.jackson.annotation.SimpleObjectIdResolver	30.55	15.48	1	13	Already had POJO for id (; Already; HashMap; IllegalStateException
src/main/java/com/moonsworth/lunar/MixinHelper722.java	MixinHelper722	com.fasterxml.jackson.databind.ser.DefaultSerializerProvider	168.15	101.04	1	72	A class must be provided; AnnotationIntrospector; ArrayList; AtomicReference
src/main/java/com/moonsworth/lunar/MixinHelper723.java	MixinHelper723	com.fasterxml.jackson.databind.ser.BeanSerializerFactory	188.40	114.38	1	76	) has not properly overridden method 'withAdditionalSerializers': cannot instantiate subtype with additional serializer definitions; ArrayList; BeanSerializer; BeanSerializerFactory
src/main/java/com/moonsworth/lunar/MixinHelper72_3.java	MixinHelper72_3	com.fasterxml.jackson.databind.ser.BasicSerializerFactory	188.23	131.92	0	74	ALWAYS; AtomicReference; BigDecimal
src/main/java/com/moonsworth/lunar/MixinHelper72_4.java	MixinHelper72_4	com.fasterxml.jackson.databind.SerializerProvider	128.49	59.11	1	52	Cannot pass null JsonSerializer; Cannot; Class; Date
src/main/java/com/moonsworth/lunar/MixinHelper73.java	MixinHelper73	com.fasterxml.jackson.databind.deser.DefaultDeserializationContext	130.47	72.61	0	61	AnnotationIntrospector; ArrayList; Class
src/main/java/com/moonsworth/lunar/MixinHelper732.java	MixinHelper732	com.fasterxml.jackson.databind.jsontype.impl.AsDeductionTypeDeserializer	103.28	60.92	1	46	Unexpected input; ACCEPT_CASE_INSENSITIVE_PROPERTIES; BitSet; Collection
src/main/java/com/moonsworth/lunar/MixinHelper733.java	MixinHelper733	com.fasterxml.jackson.databind.jsontype.impl.StdTypeResolverBuilder	141.50	90.89	2	47	idType cannot be null; includeAs cannot be null; ALLOWED; CLASS; Cannot
src/main/java/com/moonsworth/lunar/MixinHelper73_2.java	MixinHelper73_2	com.fasterxml.jackson.databind.jsontype.impl.AsPropertyTypeDeserializer	72.84	26.31	1	27	missing type id property '%s'; ACCEPT_CASE_INSENSITIVE_PROPERTIES; ACCEPT_EMPTY_STRING_AS_NULL_OBJECT; Deprecated
src/main/java/com/moonsworth/lunar/MixinHelper73_3.java	MixinHelper73_3	com.fasterxml.jackson.databind.DeserializationContext	460.95	336.42	10	139	Array value; Boolean value; Array; AtomicReference; Boolean
src/main/java/com/moonsworth/lunar/MixinHelper7_10.java	MixinHelper7_10	com.fasterxml.jackson.databind.ser.impl.PropertyBasedObjectIdGenerator	32.21	15.45	1	12	Problem accessing property '; Class; Exception; IllegalStateException
src/main/java/com/moonsworth/lunar/MixinHelper7_12.java	MixinHelper7_12	com.fasterxml.jackson.databind.jsontype.impl.AsArrayTypeDeserializer	68.58	21.01	0	30	Array; Boolean; END_ARRAY
src/main/java/com/moonsworth/lunar/MixinHelper7_15.java	MixinHelper7_15	com.fasterxml.jackson.databind.node.NodeCursor	42.73	30.43	2	13	Current node of type ; No current node; Current; IllegalStateException; Object
src/main/java/com/moonsworth/lunar/MixinHelper7_16.java	MixinHelper7_16	com.fasterxml.jackson.core.io.IOContext	41.03	23.05	0	17	Deprecated; IllegalArgumentException; IllegalStateException
src/main/java/com/moonsworth/lunar/MixinHelper7_3.java	MixinHelper7_3	com.fasterxml.jackson.databind.DatabindContext	128.40	84.52	4	40	) denied resolution; ; expected Class<Converter>; ALLOWED; AnnotationIntrospector; Class
src/main/java/com/moonsworth/lunar/MixinHelper7_4.java	MixinHelper7_4	com.fasterxml.jackson.core.JsonStreamContext	25.27	12.80	0	14	ARRAY; Array; Deprecated
src/main/java/com/moonsworth/lunar/MixinHelper7_5.java	MixinHelper7_5	com.fasterxml.jackson.core.filter.TokenFilterContext	18.68	5.21	0	11	FIELD_NAME; Object; START_ARRAY
src/main/java/com/moonsworth/lunar/MixinHelper7_6.java	MixinHelper7_6	com.fasterxml.jackson.databind.ext.DOMDeserializer	126.55	35.39	0	43	Class; Document; DocumentBuilder
src/main/java/com/moonsworth/lunar/MixinHelper8$Data12.java	MixinHelper8$Data12	com.fasterxml.jackson.databind.deser.impl.JavaUtilCollectionsDeserializers$JavaUtilCollectionsConverter	75.15	47.17	0	36	Can; Collection; Collections
src/main/java/com/moonsworth/lunar/MixinHelper8$Data4.java	MixinHelper8$Data4	com.fasterxml.jackson.databind.deser.std.PrimitiveArrayDeserializers$ByteDeser	67.23	28.33	0	29	Arrays; Binary; Boolean
src/main/java/com/moonsworth/lunar/MixinHelper8$Data5.java	MixinHelper8$Data5	com.fasterxml.jackson.databind.deser.std.PrimitiveArrayDeserializers$BooleanDeser	36.18	10.31	0	16	Arrays; Boolean; END_ARRAY
src/main/java/com/moonsworth/lunar/MixinHelper8$Data6.java	MixinHelper8$Data6	com.fasterxml.jackson.databind.deser.std.PrimitiveArrayDeserializers$CharDeser	60.34	20.54	0	30	Arrays; Boolean; CharSequence
src/main/java/com/moonsworth/lunar/MixinHelper8_3.java	MixinHelper8_3	com.fasterxml.jackson.databind.ext.NioPathDeserializer	81.94	52.37	0	33	Character; Exception; File
src/main/java/com/moonsworth/lunar/MixinHelper8_4.java	MixinHelper8_4	com.fasterxml.jackson.databind.deser.impl.JavaUtilCollectionsDeserializers	77.36	55.56	4	21	java.util.; java.util.Arrays$; Arrays; Class; Collection
src/main/java/com/moonsworth/lunar/MixinHelper8_5.java	MixinHelper8_5	com.fasterxml.jackson.databind.ser.BeanSerializerBuilder	79.33	44.69	0	37	CAN_OVERRIDE_ACCESS_MODIFIERS; Collections; IllegalArgumentException
src/main/java/com/moonsworth/lunar/MixinHelper8_7.java	MixinHelper8_7	com.fasterxml.jackson.databind.deser.std.PrimitiveArrayDeserializers	75.57	21.53	0	32	ACCEPT_SINGLE_VALUE_AS_ARRAY; Array; Boolean
src/main/java/com/moonsworth/lunar/MixinHelper9.java	MixinHelper9	com.fasterxml.jackson.databind.ser.std.ReferenceTypeSerializer	132.08	59.03	0	41	Class; DYNAMIC; NON_EMPTY
src/main/java/com/moonsworth/lunar/MixinHelper92.java	MixinHelper92	org.openapitools.jackson.nullable.JsonNullableSerializer	60.30	20.40	0	19	MixinHelper2622; MixinHelper2_13; MixinHelper3122_2
src/main/java/com/moonsworth/lunar/MixinHelper9_11.java	MixinHelper9_11	com.fasterxml.jackson.databind.ser.impl.SimpleFilterProvider	72.06	41.23	2	31	No filter configured with id '; Unrecognized filter type (; Access; Deprecated; Entry
src/main/java/com/moonsworth/lunar/MixinHelper9_2.java	MixinHelper9_2	org.openapitools.jackson.nullable.JsonNullableDeserializer	37.35	17.68	0	12	Boolean; MixinHelper33_2; MixinHelper3_2
src/main/java/com/moonsworth/lunar/MixinHelper9_7.java	MixinHelper9_7	com.fasterxml.jackson.databind.ext.DOMSerializer	190.41	94.91	1	67	omit-xml-declaration; Could; DOM; DOMSerializer
src/main/java/com/moonsworth/lunar/MixinHelper9_9.java	MixinHelper9_9	org.openapitools.jackson.nullable.JsonNullableDeserializer	17.12	6.52	0	7	MixinHelper53; MixinHelperType2_2; String
src/main/java/com/moonsworth/lunar/MixinHelperType.java	MixinHelperType	com.fasterxml.jackson.databind.type.LogicalType	50.10	29.64	0	22	Array; Binary; Boolean
src/main/java/com/moonsworth/lunar/MixinHelperType2.java	MixinHelperType2	com.fasterxml.jackson.annotation.PropertyAccessor	48.84	23.35	0	12	ALL; CREATOR; FIELD
src/main/java/com/moonsworth/lunar/MixinHelperType2_2.java	MixinHelperType2_2	com.fasterxml.jackson.core.JsonToken	117.52	67.58	0	33	END_ARRAY; END_OBJECT; FIELD_NAME
src/main/java/com/moonsworth/lunar/MixinHelperType2_3.java	MixinHelperType2_3	com.fasterxml.jackson.databind.cfg.CoercionInputShape	24.81	10.39	0	10	Array; Binary; Boolean
src/main/java/com/moonsworth/lunar/MixinHelperType2_4.java	MixinHelperType2_4	com.fasterxml.jackson.databind.jsonFormatVisitors.JsonValueFormat	135.23	120.88	2	32	ip-address; utc-millisec; COLOR; DATE; DATE_TIME
src/main/java/com/moonsworth/lunar/MixinHelperType3.java	MixinHelperType3	com.fasterxml.jackson.annotation.OptBoolean	23.58	11.88	0	9	Boolean; DEFAULT; FALSE
src/main/java/com/moonsworth/lunar/MixinHelperType4.java	MixinHelperType4	com.fasterxml.jackson.annotation.Nulls	19.26	6.11	0	6	AS_EMPTY; DEFAULT; FAIL
src/main/java/com/moonsworth/lunar/MixinHelperType_7.java	MixinHelperType_7	com.fasterxml.jackson.databind.jsonFormatVisitors.JsonFormatTypes	44.09	21.77	0	21	ANY; ARRAY; BOOLEAN
src/main/java/com/moonsworth/lunar/MixinHelper_10.java	MixinHelper_10	com.fasterxml.jackson.databind.deser.std.DateDeserializers	46.00	30.27	3	12	java.util.Calendar; java.util.Date; Calendar; Class; Date
src/main/java/com/moonsworth/lunar/MixinHelper_15.java	MixinHelper_15	com.fasterxml.jackson.core.sym.CharsToNameCanonicalizer	143.47	50.82	1	52	) now exceeds maximum, ; Arrays; AtomicReference; BitSet
src/main/java/com/moonsworth/lunar/MixinHelper_2.java	MixinHelper_2	com.fasterxml.jackson.core.format.DataFormatMatcher	28.45	12.79	0	14	ByteArrayInputStream; INCONCLUSIVE; IllegalArgumentException
src/main/java/com/moonsworth/lunar/MixinHelper_20.java	MixinHelper_20	com.fasterxml.jackson.core.type.TypeReference	42.04	12.18	0	20	Class; Comparable; IllegalArgumentException
src/main/java/com/moonsworth/lunar/MixinHelper_23.java	MixinHelper_23	org.openapitools.jackson.nullable.JsonNullableDeserializer	22.95	8.75	0	10	MixinHelper102_4; MixinHelper53; MixinHelper73_3
src/main/java/com/moonsworth/lunar/MixinHelper_3.java	MixinHelper_3	org.openapitools.jackson.nullable.JsonNullableTypeModifier	15.56	4.82	0	5	MixinHelper26; SerializableImpl2_5; com
src/main/java/com/moonsworth/lunar/MixinHelper_30.java	MixinHelper_30	com.fasterxml.jackson.databind.type.ClassStack	24.19	8.49	0	16	ArrayList; Class; ClassStack
src/main/java/com/moonsworth/lunar/MixinHelper_33.java	MixinHelper_33	com.fasterxml.jackson.core.filter.TokenFilter	29.62	9.65	1	11	TokenFilter.INCLUDE_ALL; BigDecimal; BigInteger; INCLUDE_ALL
src/main/java/com/moonsworth/lunar/MixinHelper_9.java	MixinHelper_9	com.typesafe.config.impl.SimpleConfig	46.02	16.30	0	21	ChronoUnit; Collectors; DAYS
src/main/java/com/moonsworth/lunar/OutputStreamSerializer_2.java	OutputStreamSerializer_2	com.fasterxml.jackson.core.util.ByteArrayBuilder	74.59	42.74	0	35	ByteArrayBuilder; IllegalStateException; Internal
src/main/java/com/moonsworth/lunar/Reader.java	Reader	com.fasterxml.jackson.dataformat.yaml.UTF8Reader	131.13	53.00	4	41	 (at char #; , at char #; ArrayIndexOutOfBoundsException; CharConversionException; EOF
src/main/java/com/moonsworth/lunar/Reader_2.java	Reader_2	com.fasterxml.jackson.core.io.UTF32Reader	121.67	49.86	5	31	 (above 0x%08x);  at char #; ArrayIndexOutOfBoundsException; CharConversionException; EOF
src/main/java/com/moonsworth/lunar/SerializableBase$Data.java	SerializableBase$Data	com.fasterxml.jackson.annotation.ObjectIdGenerator$IdKey	36.00	13.18	0	21	Can; Class; IdKey
src/main/java/com/moonsworth/lunar/SerializableBase2$Data.java	SerializableBase2$Data	org.openapitools.jackson.nullable.JsonNullableDeserializer	32.17	10.89	0	13	Class; MixinHelper102_4; MixinHelper33_2
src/main/java/com/moonsworth/lunar/SerializableBase2$Data2.java	SerializableBase2$Data2	com.fasterxml.jackson.databind.jsontype.DefaultBaseTypeLimitingValidator$UnsafeBaseTypes	72.72	50.84	3	21	java.util.logging.Handler; javax.naming.Referenceable; AutoCloseable; Class; Cloneable
src/main/java/com/moonsworth/lunar/SerializableBase22_2.java	SerializableBase22_2	com.fasterxml.jackson.databind.deser.CreatorProperty	68.60	30.07	1	31	; inject id '; Annotation; Class; Deprecated
src/main/java/com/moonsworth/lunar/SerializableBase22_4.java	SerializableBase22_4	com.fasterxml.jackson.databind.ser.BeanPropertyWriter	394.87	307.06	4	119	, no static serializer; , static serializer of type ; Annotation; Cannot; Class
src/main/java/com/moonsworth/lunar/SerializableBase25.java	SerializableBase25	com.fasterxml.jackson.databind.deser.impl.SetterlessProperty	72.91	28.69	0	36	Annotation; Class; Exception
src/main/java/com/moonsworth/lunar/SerializableBase2_7.java	SerializableBase2_7	com.fasterxml.jackson.databind.deser.SettableBeanProperty	201.12	109.58	8	58	 (no error message provided); ' (expected type: ; Annotation; Class; Deprecated
src/main/java/com/moonsworth/lunar/SerializableBase_6.java	SerializableBase_6	com.fasterxml.jackson.databind.deser.SettableAnyProperty	155.20	66.85	5	51	 (expected type: ;  (no error message provided); Class; Exception; IOException
src/main/java/com/moonsworth/lunar/SerializableImpl$Data.java	SerializableImpl$Data	com.fasterxml.jackson.core.StreamReadConstraints$Builder	22.21	13.25	0	8	Cannot; IllegalArgumentException; maxNestingDepth
src/main/java/com/moonsworth/lunar/SerializableImpl2.java	SerializableImpl2	com.fasterxml.jackson.core.JsonLocation	45.20	29.68	2	17	, column: ; byte offset: #; Deprecated; Object; Serializable
src/main/java/com/moonsworth/lunar/SerializableImpl2_2.java	SerializableImpl2_2	com.fasterxml.jackson.databind.util.EnumValues	54.18	26.03	0	31	ArrayList; Arrays; Cannot
src/main/java/com/moonsworth/lunar/SerializableImpl2_4.java	SerializableImpl2_4	org.openapitools.jackson.nullable.JsonNullableDeserializer	22.43	6.55	0	9	MixinHelper102_4; MixinHelper73_3; Object
src/main/java/com/moonsworth/lunar/SerializableImpl2_5.java	SerializableImpl2_5	com.fasterxml.jackson.databind.type.TypeFactory	325.38	229.19	7	110	, problem: ; Class %s not a super-type of %s; ArrayList; AtomicReference; Class
src/main/java/com/moonsworth/lunar/SerializableImpl3.java	SerializableImpl3	com.fasterxml.jackson.core.Version	30.43	15.37	0	18	Comparable; Deprecated; Object
src/main/java/com/moonsworth/lunar/SerializableImpl3_2.java	SerializableImpl3_2	com.fasterxml.jackson.databind.type.TypeParser	114.71	77.10	5	33	', expected ',' or '>'); ', problem: ; ArrayList; Cannot; Class
src/main/java/com/moonsworth/lunar/SerializableImpl4.java	SerializableImpl4	com.fasterxml.jackson.databind.cfg.ConstructorDetector	22.86	6.01	0	10	Class; DELEGATING; HEURISTIC
src/main/java/com/moonsworth/lunar/SerializableImpl5.java	SerializableImpl5	com.fasterxml.jackson.databind.cfg.SerializerFactoryConfig	37.00	13.23	2	9	Cannot pass null Serializers; Cannot pass null modifier; Cannot; IllegalArgumentException; Iterable
src/main/java/com/moonsworth/lunar/SerializableImpl_3.java	SerializableImpl_3	com.fasterxml.jackson.databind.jsontype.NamedType	24.78	7.57	0	18	Class; NamedType; Object
src/main/java/com/moonsworth/lunar/SerializableImpl_4.java	SerializableImpl_4	com.fasterxml.jackson.core.StreamReadConstraints	39.99	25.68	0	17	BigDecimal; Math; Serializable
src/main/java/com/moonsworth/lunar/SerializableImpl_5.java	SerializableImpl_5	com.fasterxml.jackson.databind.cfg.DeserializerFactoryConfig	53.45	29.68	3	11	Cannot pass null Deserializers; Cannot pass null modifier; Cannot; Deserializers; IllegalArgumentException
src/main/java/com/moonsworth/lunar/SerializableImpl_6.java	SerializableImpl_6	org.openapitools.jackson.nullable.JsonNullableDeserializer	28.22	13.00	0	11	MixinHelper102_4; MixinHelper26; MixinHelper53
src/main/java/com/moonsworth/lunar/SerializableImpl_7.java	SerializableImpl_7	com.fasterxml.jackson.databind.deser.DeserializerCache	96.39	48.62	2	41	AnnotationIntrospector.; Null JavaType passed; AnnotationIntrospector; Cannot; Class
src/main/java/com/moonsworth/lunar/SerializableImpl_9.java	SerializableImpl_9	com.fasterxml.jackson.databind.ext.OptionalHandlerFactory	241.18	200.54	9	62	, problem: (; Failed to create instance of `; Blob; Class; CoreXMLDeserializers
src/main/java/com/moonsworth/lunar/SerializableIterator.java	SerializableIterator	com.fasterxml.jackson.databind.deser.impl.BeanPropertyMap	191.18	120.43	6	72	' found, can't remove; ' found, can't replace; ACCEPT_CASE_INSENSITIVE_PROPERTIES; ArrayList; Arrays
src/main/java/com/moonsworth/lunar/SerializableIterator2.java	SerializableIterator2	com.fasterxml.jackson.databind.util.EnumResolver	82.04	37.78	1	44	No enum constants for class ; ACCEPT_CASE_INSENSITIVE_ENUMS; ArrayList; Byte
src/main/java/com/moonsworth/lunar/SerializableIterator222.java	SerializableIterator222	com.fasterxml.jackson.databind.cfg.EnumFeature	37.23	9.73	0	11	FEATURE_INDEX; READ_ENUM_KEYS_USING_INDEX; WRITE_ENUMS_TO_LOWERCASE
src/main/java/com/moonsworth/lunar/SerializableIterator223.java	SerializableIterator223	com.fasterxml.jackson.databind.cfg.JsonNodeFeature	40.93	12.66	0	11	FEATURE_INDEX; READ_NULL_PROPERTIES; STRIP_TRAILING_BIGDECIMAL_ZEROES
src/main/java/com/moonsworth/lunar/SerializableIterator_3.java	SerializableIterator_3	com.fasterxml.jackson.databind.cfg.CoercionConfigs	72.42	23.43	0	32	ACCEPT_EMPTY_ARRAY_AS_NULL_OBJECT; ACCEPT_EMPTY_STRING_AS_NULL_OBJECT; ACCEPT_FLOAT_AS_INT
src/main/java/com/moonsworth/lunar/SerializableLoader.java	SerializableLoader	com.fasterxml.jackson.databind.PropertyName	19.36	6.01	0	13	Object; Serializable; String
src/main/java/com/moonsworth/lunar/SerializableLoader2.java	SerializableLoader2	com.fasterxml.jackson.core.JsonPointer	62.52	28.45	0	33	IllegalArgumentException; Invalid; JSON
src/main/java/com/moonsworth/lunar/SerializableLoader2_2.java	SerializableLoader2_2	com.fasterxml.jackson.databind.PropertyMetadata	31.06	13.54	0	17	Boolean; Deprecated; FALSE
src/main/java/com/moonsworth/lunar/SerializableLoader2_4.java	SerializableLoader2_4	com.fasterxml.jackson.core.io.SerializedString	60.23	28.77	0	31	ByteBuffer; IllegalStateException; Null
src/main/java/com/moonsworth/lunar/SerializableLoader_2.java	SerializableLoader_2	com.fasterxml.jackson.core.Base64Variant	272.46	131.48	10	71	' (code 0x; ') as character #; Arrays; Base64Alphabet; Base64Variant
src/main/java/com/moonsworth/lunar/SerializableLoader_3.java	SerializableLoader_3	com.fasterxml.jackson.databind.type.TypeBindings	109.68	71.22	4	41	 type parameter; ), types (; Arrays; Cannot; Class
src/main/java/com/moonsworth/lunar/SerializableLoader_5.java	SerializableLoader_5	com.fasterxml.jackson.core.io.ContentReference	80.80	37.82	0	42	CharSequence; Character; Class
