# Wave 6 render/subsystem audit (client/render, lighting, glintcolorizer, animations, lightoverlay)
# map format: old.package<TAB>Old<TAB>new.package<TAB>New<TAB>evidence
# Applied with tools/apply_class_moves.py --map tools/renames/wave6/moves-render.tsv --apply
# NOTE: rows whose target is *already declared* are SKIPped by the applier -- those are
# stale rescue duplicates (glintcolorizer/** = render/particle, animations/** = gui/prompt,
# lightoverlay/** = config/option/trait, 23 files in lighting/** = config/option); see
# tools/renames/wave6/notes-render.md for the dedupe/repoint list.
com.moonsworth.lunar.client.render	ByteBufferCache	com.moonsworth.lunar.client.render.pipeline	ByteBufferCache	static reusable BufferUtils ByteBuffer (position(0) reuse, grown on demand) used by texture/mixin code; GPU data buffer -> pipeline
com.moonsworth.lunar.client.render	FloatArrayBuilder	com.moonsworth.lunar.client.render.pipeline	FloatArrayBuilder	growable float[] + size cursor singleton used to append vertex floats (mobsize WorldRenderer) -> pipeline
com.moonsworth.lunar.client.render	GlProgramCache	com.moonsworth.lunar.client.render.pipeline	GlProgramCache	caches glGetInteger(GL_CURRENT_PROGRAM) behind OptimizationDebugOption.GECKO_CURRENT_PROGRAM_CACHE -> pipeline
com.moonsworth.lunar.client.render	GpuResourceTracker	com.moonsworth.lunar.client.render.pipeline	GpuResourceTracker	debug tracker of live GL textures/buffers/off-heap allocations with dump(); driven by fpsdebugmod GpuObjectsTask -> pipeline
com.moonsworth.lunar.client.render	PipelinePass	com.moonsworth.lunar.client.render.pipeline	PipelinePass	one render pass: texture + draw callback + RenderTypeLookup + enabled; element of RenderPipeline.getPasses() -> pipeline
com.moonsworth.lunar.client.render	PoseMatrixProvider	com.moonsworth.lunar.client.render.pipeline	PoseMatrixProvider	single-method duck poseMatrix(): Matrix4f implemented by both render contexts -> pipeline
com.moonsworth.lunar.client.render	RenderCache	com.moonsworth.lunar.client.render.pipeline	RenderCache	per-instance render-state cache (value/width/state/Component) returned by RenderCacheProvider.lunar$getCache() -> pipeline
com.moonsworth.lunar.client.render	RenderCacheProvider	com.moonsworth.lunar.client.render.pipeline	RenderCacheProvider	mixin duck interface lunar$getCache(): RenderCache, implemented by RenderManager/Entity mixins -> pipeline
com.moonsworth.lunar.client.render	RenderContextLegacyTransform	com.moonsworth.lunar.client.render.pipeline	RenderContextLegacyTransform	BridgeExtension3_5 render context backed by a joml Matrix4fStack(10); 1.8 transform path -> pipeline
com.moonsworth.lunar.client.render	RenderContextModernTransform	com.moonsworth.lunar.client.render.pipeline	RenderContextModernTransform	@VersionGate(min=6) BridgeExtension2_11 render context exposing the current pose stack as Matrix4f -> pipeline
com.moonsworth.lunar.client.render	RenderPipeline	com.moonsworth.lunar.client.render.pipeline	RenderPipeline	buffer source (Bridge5_16) + List<PipelinePass>; payload of EventPreRenderPlayer -> pipeline
com.moonsworth.lunar.client.render	RenderStage	com.moonsworth.lunar.client.render.pipeline	RenderStage	COLLECTING/RENDERING_OPAQUE/RENDERING_TRANSLUCENT/POST_RENDER with isBefore/isAfter -> pipeline
com.moonsworth.lunar.client.render	RenderStageException	com.moonsworth.lunar.client.render.pipeline	RenderStageException	RuntimeException raised when a submit arrives after COLLECTING; names the Geckolib texture -> pipeline
com.moonsworth.lunar.client.render	RenderSubmission	com.moonsworth.lunar.client.render.pipeline	RenderSubmission	deferred draw unit; DeferredDraw copies the pose and renders a ModelRenderConfig later -> pipeline
com.moonsworth.lunar.client.render	RenderSubmissionManager	com.moonsworth.lunar.client.render.pipeline	RenderSubmissionManager	collects opaque/translucent submissions on EventRenderTickStart and drains them per RenderStage -> pipeline
com.moonsworth.lunar.client.render	SkinRenderCache	com.moonsworth.lunar.client.render.pipeline	SkinRenderCache	RenderCache subclass adding skinType; RenderManager mixins cache AbstractClientPlayer.getSkinType() -> pipeline
com.moonsworth.lunar.client.render	StencilEmulator	com.moonsworth.lunar.client.render.pipeline	StencilEmulator	singleton framebuffer + "lunar:stencil_emulator" texture overriding the main render target; used by mod/render/Minimap -> pipeline
com.moonsworth.lunar.client.render	ThreadedPresentSupport	com.moonsworth.lunar.client.render.pipeline	ThreadedPresentSupport	singleton flag holder for threaded frame present support (GPU swapchain capability) -> pipeline
com.moonsworth.lunar.client.render	EntityRenderLayer	com.moonsworth.lunar.client.cosmetics	EntityRenderLayer	abstract player render layer with HOLOGRAMS/COSMETICS/EMOTES/CAPES/COMPANIONS/SELF_DUMMY instances -> cosmetics render
com.moonsworth.lunar.client.render.particle.nameplate	GifTexture	com.moonsworth.lunar.client.render.texture	GifTexture	animated GIF texture implementing Bridge8Extension3 (frame delays + texture-manager lookup); texture leftover living in a particle package -> render/texture
com.moonsworth.lunar.client.render.particle.highlight	BedrockComponentShapeBase	com.moonsworth.lunar.client.render.particle	BedrockComponentShapeBase	Upstream Blockbuster shape base: offset/direction(inwards|vector)/surface_only; applied at particle spawn (IComponentParticleIniti; junk folder "highlight" dissolved -> flat particle/
com.moonsworth.lunar.client.render.particle.highlight	BedrockComponentShapeBox	com.moonsworth.lunar.client.render.particle	BedrockComponentShapeBox	Bedrock shape component (BedrockComponentShapeBox) of the Blockbuster particle engine; junk folder "highlight" dissolved -> flat particle/
com.moonsworth.lunar.client.render.particle.highlight	BedrockComponentShapeDisc	com.moonsworth.lunar.client.render.particle	BedrockComponentShapeDisc	Bedrock shape component (BedrockComponentShapeDisc) of the Blockbuster particle engine; junk folder "highlight" dissolved -> flat particle/
com.moonsworth.lunar.client.render.particle.highlight	BedrockComponentShapeEntityAABB	com.moonsworth.lunar.client.render.particle	BedrockComponentShapeEntityAABB	Upstream Blockbuster shape: random point in the target entity AABB (width/eye-height) with 6-way surface roll; junk folder "highlight" dissolved -> flat particle/
com.moonsworth.lunar.client.render.particle.highlight	BedrockComponentShapePoint	com.moonsworth.lunar.client.render.particle	BedrockComponentShapePoint	Upstream Blockbuster shape: position = offset, fixed direction applied only for ShapeDirection.Vector; junk folder "highlight" dissolved -> flat particle/
com.moonsworth.lunar.client.render.particle.highlight	BedrockComponentShapeSphere	com.moonsworth.lunar.client.render.particle	BedrockComponentShapeSphere	Upstream Blockbuster shape: random unit vector scaled by "radius" (half radius when not surface_only); junk folder "highlight" dissolved -> flat particle/
com.moonsworth.lunar.client.render.particle.highlight	ParticleDirection	com.moonsworth.lunar.client.render.particle	ParticleDirection	abstract particle "direction" JSON option (values "inwards"/"outwards" or [x,y,z]) written into Glintcolorizer4_2.field30; nested ; junk folder "highlight" dissolved -> flat particle/
com.moonsworth.lunar.client.render.particle.holograms	BedrockComponentRate	com.moonsworth.lunar.client.render.particle	BedrockComponentRate	Upstream Blockbuster abstract rate base with the single MolangExpression particles field; junk folder "holograms" dissolved -> flat particle/
com.moonsworth.lunar.client.render.particle.holograms	BedrockComponentRateInstant	com.moonsworth.lunar.client.render.particle	BedrockComponentRateInstant	Upstream Blockbuster component: num_particles burst on the first emitter tick (default 10); junk folder "holograms" dissolved -> flat particle/
com.moonsworth.lunar.client.render.particle.holograms	BedrockComponentRateSteady	com.moonsworth.lunar.client.render.particle	BedrockComponentRateSteady	Upstream Blockbuster component: spawn_rate/max_particles (default 50), per-emitter-tick emission with fraction carry; junk folder "holograms" dissolved -> flat particle/
com.moonsworth.lunar.client.render.particle.mixin	CosDegrees	com.moonsworth.lunar.client.render.particle	CosDegrees	mclib.math.molang.functions.CosDegrees: Math.cos(deg/180*PI); MolangParser registers it as "cos" (distinct from the root Cos); junk folder "mixin" dissolved -> flat particle/
com.moonsworth.lunar.client.render.particle.mixin	MolangException	com.moonsworth.lunar.client.render.particle	MolangException	molang built-in function (MolangException); the "mixin" folder is an obfuscator label (not a mixin) -> flat particle/
com.moonsworth.lunar.client.render.particle.mixin	MolangParser	com.moonsworth.lunar.client.render.particle	MolangParser	molang built-in function (MolangParser); the "mixin" folder is an obfuscator label (not a mixin) -> flat particle/
com.moonsworth.lunar.client.render.particle.mixin	SinDegrees	com.moonsworth.lunar.client.render.particle	SinDegrees	mclib.math.molang.functions.SinDegrees: Math.sin(deg/180*PI); MolangParser (Glintcolorizer3Iterator) registers it as "sin"; junk folder "mixin" dissolved -> flat particle/
com.moonsworth.lunar.client.render.particle.nameplate	BedrockComponentInitialization	com.moonsworth.lunar.client.render.particle	BedrockComponentInitialization	Upstream Blockbuster meta component: creation_expression/per_update_expression on the emitter (IComponentEmitterInitialize+Update); junk folder "nameplate" dissolved -> flat particle/
com.moonsworth.lunar.client.render.particle.nameplate	BedrockComponentLocalSpace	com.moonsworth.lunar.client.render.particle	BedrockComponentLocalSpace	Upstream Blockbuster component: position/rotation/scale/scale_billboard/direction/acceleration/gravity + linear/angular_velocity f; junk folder "nameplate" dissolved -> flat particle/
com.moonsworth.lunar.client.render.particle.nameplate	BlockbusterParticleDeserializer	com.moonsworth.lunar.client.render.particle	BlockbusterParticleDeserializer	subclass of the Bedrock particle deserializer adding billboard/tinting components (particle_appearance_billboard/tinting) and bloc; junk folder "nameplate" dissolved -> flat particle/
com.moonsworth.lunar.client.render.particle.nameplate	HermiteBlend	com.moonsworth.lunar.client.render.particle	HermiteBlend	mclib.math.functions.utility.HermiteBlend: 3x^2-2x^3; registered as "hermite_blend"; junk folder "nameplate" dissolved -> flat particle/
com.moonsworth.lunar.client.render.particle.nameplate	HologramBatchRenderer	com.moonsworth.lunar.client.render.particle	HologramBatchRenderer	method1 sorts MorphRenderer holograms by distance and batches them per HologramsType (PARTICLE/BLOCK) with lightmap toggle; method; junk folder "nameplate" dissolved -> flat particle/
com.moonsworth.lunar.client.render.particle.nameplate	Lerp	com.moonsworth.lunar.client.render.particle	Lerp	mclib.math.functions.utility.Lerp: Interpolations.lerp(a,b,t); registered as "lerp" in MathBuilder; junk folder "nameplate" dissolved -> flat particle/
com.moonsworth.lunar.client.render.particle.nameplate	LerpRotate	com.moonsworth.lunar.client.render.particle	LerpRotate	mclib.math.functions.utility.LerpRotate: Interpolations.lerpYaw(a,b,t); registered as "lerprotate"; junk folder "nameplate" dissolved -> flat particle/
com.moonsworth.lunar.client.render.particle.nameplate	ParticleEffectLoader	com.moonsworth.lunar.client.render.particle	ParticleEffectLoader	Bedrock/Blockbuster engine class (ParticleEffectLoader) used for hologram particles; junk folder "nameplate" dissolved -> flat particle/
com.moonsworth.lunar.client.render.particle.nameplate	ParticleMath	com.moonsworth.lunar.client.render.particle	ParticleMath	Bedrock/Blockbuster engine class (ParticleMath) used for hologram particles; junk folder "nameplate" dissolved -> flat particle/
com.moonsworth.lunar.client.render.particle.nameplate	RandomFunction	com.moonsworth.lunar.client.render.particle	RandomFunction	mclib.math.functions.utility.Random: seeded/range random (3rd arg seeds, 2 args pick min..max); registered as "random"; suffixed t; junk folder "nameplate" dissolved -> flat particle/
com.moonsworth.lunar.client.render.particle.nameplate.mixin	NameplateBillboardComponent	com.moonsworth.lunar.client.render.particle	NameplateBillboardComponent	Nameplate-engine appearance billboard: extends the root billboard component and renders nameplate quads through Bridge2_32; regist; junk folder "nameplate/mixin" dissolved -> flat particle/
com.moonsworth.lunar.client.render.particle.nameplate.mixin	NameplateCollisionAppearanceComponent	com.moonsworth.lunar.client.render.particle	NameplateCollisionAppearanceComponent	Upstream BedrockComponentCollisionAppearance for the nameplate engine: enabled/lit/material/texture + billboard UV/flipbook and th; junk folder "nameplate/mixin" dissolved -> flat particle/
com.moonsworth.lunar.client.render.particle.nameplate.mixin	NameplateCollisionTintingComponent	com.moonsworth.lunar.client.render.particle	NameplateCollisionTintingComponent	Upstream BedrockComponentCollisionTinting for the nameplate engine: enabled+color, renders collision-tinting particles only; regis; junk folder "nameplate/mixin" dissolved -> flat particle/
com.moonsworth.lunar.client.render.particle.nameplate.mixin	NameplateGlintRenderer	com.moonsworth.lunar.client.render.particle	NameplateGlintRenderer	nameplate-engine Bedrock component/renderer (NameplateGlintRenderer); junk folder "nameplate/mixin" dissolved -> flat particle/
com.moonsworth.lunar.client.render.particle.nameplate.mixin	NameplateTintingComponent	com.moonsworth.lunar.client.render.particle	NameplateTintingComponent	Nameplate-engine tinting: extends the root tinting component, renderOnScreen applies the Tint; registered for minecraft:particle_a; junk folder "nameplate/mixin" dissolved -> flat particle/
com.moonsworth.lunar.client.render.particle.rewindhandlers	BedrockComponentInitialSpeed	com.moonsworth.lunar.client.render.particle	BedrockComponentInitialSpeed	Upstream Blockbuster component: JSON array direction[3] or primitive speed (default 1) scaling the particle direction; junk folder "rewindhandlers" dissolved -> flat particle/
com.moonsworth.lunar.client.render.particle.rewindhandlers	BedrockComponentInitialSpin	com.moonsworth.lunar.client.render.particle	BedrockComponentInitialSpin	Upstream Blockbuster component: "rotation" + "rotation_rate" -> particle initialRotation/rotationVelocity (rate/20); junk folder "rewindhandlers" dissolved -> flat particle/
com.moonsworth.lunar.client.render.particle.rewindhandlers	BedrockComponentMotion	com.moonsworth.lunar.client.render.particle	BedrockComponentMotion	Upstream Blockbuster abstract motion base (empty body); junk folder "rewindhandlers" dissolved -> flat particle/
com.moonsworth.lunar.client.render.particle.rewindhandlers	BedrockComponentMotionCollision	com.moonsworth.lunar.client.render.particle	BedrockComponentMotionCollision	Bedrock motion component (BedrockComponentMotionCollision) of the Blockbuster particle engine; junk folder "rewindhandlers" dissolved -> flat particle/
com.moonsworth.lunar.client.render.particle.rewindhandlers	BedrockComponentMotionDynamic	com.moonsworth.lunar.client.render.particle	BedrockComponentMotionDynamic	Upstream Blockbuster component: linear_acceleration / linear_drag_coefficient / rotation_acceleration / rotation_drag_coefficient; junk folder "rewindhandlers" dissolved -> flat particle/
com.moonsworth.lunar.client.render.particle.rewindhandlers	BedrockComponentMotionParametric	com.moonsworth.lunar.client.render.particle	BedrockComponentMotionParametric	Upstream Blockbuster component: relative_position + rotation applied to the particle matrix; junk folder "rewindhandlers" dissolved -> flat particle/
com.moonsworth.lunar.client.lighting	AbstractBooleanOption	com.moonsworth.lunar.client.config.option	AbstractBooleanOption	options/settings framework (client.lighting renamed by classes-51/9d16c3cc); name accurate, move-only
com.moonsworth.lunar.client.lighting	AbstractByteOption	com.moonsworth.lunar.client.config.option	AbstractByteOption	options/settings framework (client.lighting renamed by classes-51/9d16c3cc); name accurate, move-only
com.moonsworth.lunar.client.lighting	AbstractDoubleOption	com.moonsworth.lunar.client.config.option	AbstractDoubleOption	options/settings framework (client.lighting renamed by classes-51/9d16c3cc); name accurate, move-only
com.moonsworth.lunar.client.lighting	AbstractFloatOption	com.moonsworth.lunar.client.config.option	AbstractFloatOption	options/settings framework (client.lighting renamed by classes-51/9d16c3cc); name accurate, move-only
com.moonsworth.lunar.client.lighting	AbstractIntegerOption	com.moonsworth.lunar.client.config.option	AbstractIntegerOption	options/settings framework (client.lighting renamed by classes-51/9d16c3cc); name accurate, move-only
com.moonsworth.lunar.client.lighting	AbstractKeybindOption	com.moonsworth.lunar.client.config.option	AbstractKeybindOption	options/settings framework (client.lighting renamed by classes-51/9d16c3cc); name accurate, move-only
com.moonsworth.lunar.client.lighting	AbstractLongOption	com.moonsworth.lunar.client.config.option	AbstractLongOption	options/settings framework (client.lighting renamed by classes-51/9d16c3cc); name accurate, move-only
com.moonsworth.lunar.client.lighting	AbstractOption	com.moonsworth.lunar.client.config.option	AbstractOption	options/settings framework (client.lighting renamed by classes-51/9d16c3cc); name accurate, move-only
com.moonsworth.lunar.client.lighting	AbstractShortOption	com.moonsworth.lunar.client.config.option	AbstractShortOption	options/settings framework (client.lighting renamed by classes-51/9d16c3cc); name accurate, move-only
com.moonsworth.lunar.client.lighting	AbstractValueOption	com.moonsworth.lunar.client.config.option	AbstractValueOption	options/settings framework (client.lighting renamed by classes-51/9d16c3cc); name accurate, move-only
com.moonsworth.lunar.client.lighting	AdvancedOptionFlag	com.moonsworth.lunar.client.config.option	AdvancedOptionFlag	options/settings framework (client.lighting renamed by classes-51/9d16c3cc); name accurate, move-only
com.moonsworth.lunar.client.lighting	AutoTextHotkeyOption	com.moonsworth.lunar.client.config.option	AutoTextHotkeyOption	options/settings framework (client.lighting renamed by classes-51/9d16c3cc); name accurate, move-only
com.moonsworth.lunar.client.lighting	BooleanOptionBuilder	com.moonsworth.lunar.client.config.option	BooleanOptionBuilder	options/settings framework (client.lighting renamed by classes-51/9d16c3cc); name accurate, move-only
com.moonsworth.lunar.client.lighting	ButtonOption	com.moonsworth.lunar.client.config.option	ButtonOption	options/settings framework (client.lighting renamed by classes-51/9d16c3cc); name accurate, move-only
com.moonsworth.lunar.client.lighting	ByteOption	com.moonsworth.lunar.client.config.option	ByteOption	options/settings framework (client.lighting renamed by classes-51/9d16c3cc); name accurate, move-only
com.moonsworth.lunar.client.lighting	ByteRangeOptionBuilder	com.moonsworth.lunar.client.config.option	ByteRangeOptionBuilder	options/settings framework (client.lighting renamed by classes-51/9d16c3cc); name accurate, move-only
com.moonsworth.lunar.client.lighting	Calculator2Type	com.moonsworth.lunar.client.config.option	Calculator2Type	icon-carrying settings-category enum (GENERAL/PERFORMANCE/CONTROLS + lunar:ui/setting icon + OptionSection scope) used by the settings GUI; distinct from config.option.OptionCategory (plain data enum), name kept to stay aligned with the sibling wave6 misc map
com.moonsworth.lunar.client.lighting	CategorizedSettingsBuilder	com.moonsworth.lunar.client.config.option	CategorizedSettingsBuilder	options/settings framework (client.lighting renamed by classes-51/9d16c3cc); name accurate, move-only
com.moonsworth.lunar.client.lighting	CategoryOption	com.moonsworth.lunar.client.config.option	CategoryOption	options/settings framework (client.lighting renamed by classes-51/9d16c3cc); name accurate, move-only
com.moonsworth.lunar.client.lighting	CharacterOptionBuilder	com.moonsworth.lunar.client.config.option	CharacterOptionBuilder	options/settings framework (client.lighting renamed by classes-51/9d16c3cc); name accurate, move-only
com.moonsworth.lunar.client.lighting	ClientOption	com.moonsworth.lunar.client.config.option	ClientOption	options/settings framework (client.lighting renamed by classes-51/9d16c3cc); name accurate, move-only
com.moonsworth.lunar.client.lighting	ColorOption	com.moonsworth.lunar.client.config.option	ColorOption	options/settings framework (client.lighting renamed by classes-51/9d16c3cc); name accurate, move-only
com.moonsworth.lunar.client.lighting	CompositeOption	com.moonsworth.lunar.client.config.option	CompositeOption	options/settings framework (client.lighting renamed by classes-51/9d16c3cc); name accurate, move-only
com.moonsworth.lunar.client.lighting	CyclingDropdownOption	com.moonsworth.lunar.client.config.option	CyclingDropdownOption	options/settings framework (client.lighting renamed by classes-51/9d16c3cc); name accurate, move-only
com.moonsworth.lunar.client.lighting	DefaultValueBuilder	com.moonsworth.lunar.client.config.option	DefaultValueBuilder	options/settings framework (client.lighting renamed by classes-51/9d16c3cc); name accurate, move-only
com.moonsworth.lunar.client.lighting	DefaultedBoolean	com.moonsworth.lunar.client.config.option	DefaultedBoolean	options/settings framework (client.lighting renamed by classes-51/9d16c3cc); name accurate, move-only
com.moonsworth.lunar.client.lighting	DevelopmentOptionBaker	com.moonsworth.lunar.client.config.option	DevelopmentOptionBaker	options/settings framework (client.lighting renamed by classes-51/9d16c3cc); name accurate, move-only
com.moonsworth.lunar.client.lighting	DoubleOption	com.moonsworth.lunar.client.config.option	DoubleOption	options/settings framework (client.lighting renamed by classes-51/9d16c3cc); name accurate, move-only
com.moonsworth.lunar.client.lighting	DoubleRangeOptionBuilder	com.moonsworth.lunar.client.config.option	DoubleRangeOptionBuilder	options/settings framework (client.lighting renamed by classes-51/9d16c3cc); name accurate, move-only
com.moonsworth.lunar.client.lighting	DropdownOption	com.moonsworth.lunar.client.config.option	DropdownOption	options/settings framework (client.lighting renamed by classes-51/9d16c3cc); name accurate, move-only
com.moonsworth.lunar.client.lighting	DynamicDropdownOption	com.moonsworth.lunar.client.config.option	DynamicDropdownOption	options/settings framework (client.lighting renamed by classes-51/9d16c3cc); name accurate, move-only
com.moonsworth.lunar.client.lighting	EnumOption	com.moonsworth.lunar.client.config.option	EnumOption	options/settings framework (client.lighting renamed by classes-51/9d16c3cc); name accurate, move-only
com.moonsworth.lunar.client.lighting	FeatureOptionBaker	com.moonsworth.lunar.client.config.option	FeatureOptionBaker	options/settings framework (client.lighting renamed by classes-51/9d16c3cc); name accurate, move-only
com.moonsworth.lunar.client.lighting	FloatOption	com.moonsworth.lunar.client.config.option	FloatOption	options/settings framework (client.lighting renamed by classes-51/9d16c3cc); name accurate, move-only
com.moonsworth.lunar.client.lighting	FloatSliderOptionBuilder	com.moonsworth.lunar.client.config.option	FloatSliderOptionBuilder	options/settings framework (client.lighting renamed by classes-51/9d16c3cc); name accurate, move-only
com.moonsworth.lunar.client.lighting	GuardedOption	com.moonsworth.lunar.client.config.option	GuardedOption	options/settings framework (client.lighting renamed by classes-51/9d16c3cc); name accurate, move-only
com.moonsworth.lunar.client.lighting	IntegerOption	com.moonsworth.lunar.client.config.option	IntegerOption	options/settings framework (client.lighting renamed by classes-51/9d16c3cc); name accurate, move-only
com.moonsworth.lunar.client.lighting	IntegerRangeOptionBuilder	com.moonsworth.lunar.client.config.option	IntegerRangeOptionBuilder	options/settings framework (client.lighting renamed by classes-51/9d16c3cc); name accurate, move-only
com.moonsworth.lunar.client.lighting	ItemSelectOption	com.moonsworth.lunar.client.config.option	ItemSelectOption	options/settings framework (client.lighting renamed by classes-51/9d16c3cc); name accurate, move-only
com.moonsworth.lunar.client.lighting	JsonPersistable	com.moonsworth.lunar.client.config.option	JsonPersistable	options/settings framework (client.lighting renamed by classes-51/9d16c3cc); name accurate, move-only
com.moonsworth.lunar.client.lighting	KeyCombo	com.moonsworth.lunar.client.config.option	KeyCombo	options/settings framework (client.lighting renamed by classes-51/9d16c3cc); name accurate, move-only
com.moonsworth.lunar.client.lighting	LabelOption	com.moonsworth.lunar.client.config.option	LabelOption	options/settings framework (client.lighting renamed by classes-51/9d16c3cc); name accurate, move-only
com.moonsworth.lunar.client.lighting	ListOption	com.moonsworth.lunar.client.config.option	ListOption	options/settings framework (client.lighting renamed by classes-51/9d16c3cc); name accurate, move-only
com.moonsworth.lunar.client.lighting	LongOption	com.moonsworth.lunar.client.config.option	LongOption	options/settings framework (client.lighting renamed by classes-51/9d16c3cc); name accurate, move-only
com.moonsworth.lunar.client.lighting	LongSliderOptionBuilder	com.moonsworth.lunar.client.config.option	LongSliderOptionBuilder	options/settings framework (client.lighting renamed by classes-51/9d16c3cc); name accurate, move-only
com.moonsworth.lunar.client.lighting	MapOption	com.moonsworth.lunar.client.config.option	MapOption	options/settings framework (client.lighting renamed by classes-51/9d16c3cc); name accurate, move-only
com.moonsworth.lunar.client.lighting	ModifierKeybindOption	com.moonsworth.lunar.client.config.option	ModifierKeybindOption	options/settings framework (client.lighting renamed by classes-51/9d16c3cc); name accurate, move-only
com.moonsworth.lunar.client.lighting	MultiNumberOption	com.moonsworth.lunar.client.config.option	MultiNumberOption	options/settings framework (client.lighting renamed by classes-51/9d16c3cc); name accurate, move-only
com.moonsworth.lunar.client.lighting	MultiSelectOption	com.moonsworth.lunar.client.config.option	MultiSelectOption	options/settings framework (client.lighting renamed by classes-51/9d16c3cc); name accurate, move-only
com.moonsworth.lunar.client.lighting	NamedDropdownOption	com.moonsworth.lunar.client.config.option	NamedDropdownOption	options/settings framework (client.lighting renamed by classes-51/9d16c3cc); name accurate, move-only
com.moonsworth.lunar.client.lighting	NumberRangeConfigurator	com.moonsworth.lunar.client.config.option	NumberRangeConfigurator	options/settings framework (client.lighting renamed by classes-51/9d16c3cc); name accurate, move-only
com.moonsworth.lunar.client.lighting	OptionBakerProvider	com.moonsworth.lunar.client.config.option	OptionBakerProvider	options/settings framework (client.lighting renamed by classes-51/9d16c3cc); name accurate, move-only
com.moonsworth.lunar.client.lighting	OptionBuilderBase	com.moonsworth.lunar.client.config.option	OptionBuilderBase	options/settings framework (client.lighting renamed by classes-51/9d16c3cc); name accurate, move-only
com.moonsworth.lunar.client.lighting	OptionConfigException	com.moonsworth.lunar.client.config.option	OptionConfigException	options/settings framework (client.lighting renamed by classes-51/9d16c3cc); name accurate, move-only
com.moonsworth.lunar.client.lighting	OptionEnumValue	com.moonsworth.lunar.client.config.option	OptionEnumValue	options/settings framework (client.lighting renamed by classes-51/9d16c3cc); name accurate, move-only
com.moonsworth.lunar.client.lighting	OptionFactory	com.moonsworth.lunar.client.config.option	OptionFactory	options/settings framework (client.lighting renamed by classes-51/9d16c3cc); name accurate, move-only
com.moonsworth.lunar.client.lighting	OptionGraphNode	com.moonsworth.lunar.client.config.option	OptionGraphNode	options/settings framework (client.lighting renamed by classes-51/9d16c3cc); name accurate, move-only
com.moonsworth.lunar.client.lighting	OptionHierarchyNode	com.moonsworth.lunar.client.config.option	OptionHierarchyNode	options/settings framework (client.lighting renamed by classes-51/9d16c3cc); name accurate, move-only
com.moonsworth.lunar.client.lighting	OptionRegistrant	com.moonsworth.lunar.client.config.option	OptionRegistrant	options/settings framework (client.lighting renamed by classes-51/9d16c3cc); name accurate, move-only
com.moonsworth.lunar.client.lighting	OptionSection	com.moonsworth.lunar.client.config.option	OptionCategory	stale second-generation copy: enum GENERAL/PERFORMANCE/CONTROLS/FEATURE/REWIND is exactly config.option.OptionCategory (same constants, no bodies); delete after repointing the 7 OptionSection users
com.moonsworth.lunar.client.lighting	OptionSupplier	com.moonsworth.lunar.client.config.option	OptionSupplier	options/settings framework (client.lighting renamed by classes-51/9d16c3cc); name accurate, move-only
com.moonsworth.lunar.client.lighting	OptionTreeMapper	com.moonsworth.lunar.client.config.option	OptionTreeMapper	options/settings framework (client.lighting renamed by classes-51/9d16c3cc); name accurate, move-only
com.moonsworth.lunar.client.lighting	OptionTreePruner	com.moonsworth.lunar.client.config.option	OptionTreePruner	options/settings framework (client.lighting renamed by classes-51/9d16c3cc); name accurate, move-only
com.moonsworth.lunar.client.lighting	OverrideTriState	com.moonsworth.lunar.client.config.option	OverrideTriState	options/settings framework (client.lighting renamed by classes-51/9d16c3cc); name accurate, move-only
com.moonsworth.lunar.client.lighting	ResolvedOptionNode	com.moonsworth.lunar.client.config.option	ResolvedOptionNode	options/settings framework (client.lighting renamed by classes-51/9d16c3cc); name accurate, move-only
com.moonsworth.lunar.client.lighting	RootSettingsAssembler	com.moonsworth.lunar.client.config.option	RootSettingsAssembler	options/settings framework (client.lighting renamed by classes-51/9d16c3cc); name accurate, move-only
com.moonsworth.lunar.client.lighting	SetOption	com.moonsworth.lunar.client.config.option	SetOption	options/settings framework (client.lighting renamed by classes-51/9d16c3cc); name accurate, move-only
com.moonsworth.lunar.client.lighting	SettingsComposer	com.moonsworth.lunar.client.config.option	SettingsComposer	options/settings framework (client.lighting renamed by classes-51/9d16c3cc); name accurate, move-only
com.moonsworth.lunar.client.lighting	SettingsGroupCreator	com.moonsworth.lunar.client.config.option	SettingsGroupCreator	options/settings framework (client.lighting renamed by classes-51/9d16c3cc); name accurate, move-only
com.moonsworth.lunar.client.lighting	SettingsParent	com.moonsworth.lunar.client.config.option	SettingsParent	options/settings framework (client.lighting renamed by classes-51/9d16c3cc); name accurate, move-only
com.moonsworth.lunar.client.lighting	SettingsParentCreator	com.moonsworth.lunar.client.config.option	SettingsParentCreator	options/settings framework (client.lighting renamed by classes-51/9d16c3cc); name accurate, move-only
com.moonsworth.lunar.client.lighting	SettingsTreeAssembler	com.moonsworth.lunar.client.config.option	SettingsTreeAssembler	options/settings framework (client.lighting renamed by classes-51/9d16c3cc); name accurate, move-only
com.moonsworth.lunar.client.lighting	SettingsTreeContainer	com.moonsworth.lunar.client.config.option	SettingsTreeContainer	options/settings framework (client.lighting renamed by classes-51/9d16c3cc); name accurate, move-only
com.moonsworth.lunar.client.lighting	ShortOption	com.moonsworth.lunar.client.config.option	ShortOption	options/settings framework (client.lighting renamed by classes-51/9d16c3cc); name accurate, move-only
com.moonsworth.lunar.client.lighting	ShortSliderOptionBuilder	com.moonsworth.lunar.client.config.option	ShortSliderOptionBuilder	options/settings framework (client.lighting renamed by classes-51/9d16c3cc); name accurate, move-only
com.moonsworth.lunar.client.lighting	SimpleKeybindOption	com.moonsworth.lunar.client.config.option	SimpleKeybindOption	options/settings framework (client.lighting renamed by classes-51/9d16c3cc); name accurate, move-only
com.moonsworth.lunar.client.lighting	SoundOption	com.moonsworth.lunar.client.config.option	SoundOption	options/settings framework (client.lighting renamed by classes-51/9d16c3cc); name accurate, move-only
com.moonsworth.lunar.client.lighting	SteppedNumberRangeConfigurator	com.moonsworth.lunar.client.config.option	SteppedNumberRangeConfigurator	options/settings framework (client.lighting renamed by classes-51/9d16c3cc); name accurate, move-only
com.moonsworth.lunar.client.lighting	TextOption	com.moonsworth.lunar.client.config.option	TextOption	options/settings framework (client.lighting renamed by classes-51/9d16c3cc); name accurate, move-only
com.moonsworth.lunar.client.lighting	ToggleOption	com.moonsworth.lunar.client.config.option	ToggleOption	options/settings framework (client.lighting renamed by classes-51/9d16c3cc); name accurate, move-only
com.moonsworth.lunar.client.lighting	TriStateOption	com.moonsworth.lunar.client.config.option	TriStateOption	options/settings framework (client.lighting renamed by classes-51/9d16c3cc); name accurate, move-only
com.moonsworth.lunar.client.lighting.mixin	LightingExtension44	com.moonsworth.lunar.client.config.option	CrosshairDrawOption	stale rescue duplicate: canonical copy already at config.CrosshairDrawOption (moved/renamed by wave5 lighting maps); delete after repointing references
com.moonsworth.lunar.client.lighting.nameplate	Alert2Handler	com.moonsworth.lunar.client.config.option	OptionAlertHandler	option alert handler (implements alert.Alert2, tracks ClientOption alert state); no twin in the options tree -> config/option/OptionAlertHandler
com.moonsworth.lunar.client.lighting.nameplate	AlertExtension	com.moonsworth.lunar.client.config.option	AlertExtension	stale rescue duplicate: canonical copy already at config.AlertExtension (moved/renamed by wave5 lighting maps); delete after repointing references
com.moonsworth.lunar.client.lighting.nameplate	AlertExtension2	com.moonsworth.lunar.client.config.option	OptionChildren	stale rescue duplicate: canonical copy already at config.OptionChildren (moved/renamed by wave5 lighting maps); delete after repointing references
com.moonsworth.lunar.client.lighting.nameplate	GuiExtension	com.moonsworth.lunar.client.config.option	OptionDataProvider	stale rescue duplicate: canonical copy already at config.OptionDataProvider (moved/renamed by wave5 lighting maps); delete after repointing references
com.moonsworth.lunar.client.lighting.nameplate	GuiExtension2	com.moonsworth.lunar.client.config.option	OptionJsonProvider	stale rescue duplicate: canonical copy already at config.OptionJsonProvider (moved/renamed by wave5 lighting maps); delete after repointing references
com.moonsworth.lunar.client.lighting.nameplate	Nameplate	com.moonsworth.lunar.client.config.option	OptionTraits	stale rescue duplicate: canonical copy already at config.OptionTraits (moved/renamed by wave5 lighting maps); delete after repointing references
com.moonsworth.lunar.client.lighting.nameplate	Nameplate2	com.moonsworth.lunar.client.config.option	OptionUpdateListeners	stale rescue duplicate: canonical copy already at config.OptionUpdateListeners (moved/renamed by wave5 lighting maps); delete after repointing references
com.moonsworth.lunar.client.lighting.nameplate	Nameplate2Task	com.moonsworth.lunar.client.config.option	ListenerSet	stale rescue duplicate: canonical copy already at config.ListenerSet (moved/renamed by wave5 lighting maps); delete after repointing references
com.moonsworth.lunar.client.lighting.nameplate	Nameplate3	com.moonsworth.lunar.client.config.option	OptionFeatureLink	stale rescue duplicate: canonical copy already at config.OptionFeatureLink (moved/renamed by wave5 lighting maps); delete after repointing references
com.moonsworth.lunar.client.lighting.nameplate	Nameplate3Handler	com.moonsworth.lunar.client.config.option	FeatureLinkRef	stale rescue duplicate: canonical copy already at config.FeatureLinkRef (moved/renamed by wave5 lighting maps); delete after repointing references
com.moonsworth.lunar.client.lighting.nameplate	Nameplate4	com.moonsworth.lunar.client.config.option	OptionDisplay	stale rescue duplicate: canonical copy already at config.OptionDisplay (moved/renamed by wave5 lighting maps); delete after repointing references
com.moonsworth.lunar.client.lighting.nameplate	Nameplate4Task	com.moonsworth.lunar.client.config.option	DisplaySpec	stale rescue duplicate: canonical copy already at config.DisplaySpec (moved/renamed by wave5 lighting maps); delete after repointing references
com.moonsworth.lunar.client.lighting.nameplate	ThreadModuleDump43Extension	com.moonsworth.lunar.client.config.option	SettingsSectionBuilder	stale rescue duplicate: canonical copy already at config.SettingsSectionBuilder (moved/renamed by wave5 lighting maps); delete after repointing references
com.moonsworth.lunar.client.lighting.nameplate	ThreadModuleDump43Extension2	com.moonsworth.lunar.client.config.option	SettingsSection	stale rescue duplicate: canonical copy already at config.SettingsSection (moved/renamed by wave5 lighting maps); delete after repointing references
com.moonsworth.lunar.client.lighting.nameplate	ThreadModuleDump43Extension22	com.moonsworth.lunar.client.config.option	SettingsSectionImpl	stale rescue duplicate: canonical copy already at config.SettingsSectionImpl (moved/renamed by wave5 lighting maps); delete after repointing references
com.moonsworth.lunar.client.lighting.nameplate.mixin	Nameplate	com.moonsworth.lunar.client.config.option	NumberRule	stale rescue duplicate: canonical copy already at config.NumberRule (moved/renamed by wave5 lighting maps); delete after repointing references
com.moonsworth.lunar.client.lighting.nameplate.mixin	NameplateHandler	com.moonsworth.lunar.client.config.option	AbstractNumberRule	stale rescue duplicate: canonical copy already at config.AbstractNumberRule (moved/renamed by wave5 lighting maps); delete after repointing references
com.moonsworth.lunar.client.lighting.nameplate.mixin	NameplateImpl	com.moonsworth.lunar.client.config.option	DoubleNumberRule	stale rescue duplicate: canonical copy already at config.DoubleNumberRule (moved/renamed by wave5 lighting maps); delete after repointing references
com.moonsworth.lunar.client.lighting.nameplate.mixin	NameplateImpl2	com.moonsworth.lunar.client.config.option	FloatNumberRange	stale rescue duplicate: canonical copy already at config.FloatNumberRange (moved/renamed by wave5 lighting maps); delete after repointing references
com.moonsworth.lunar.client.lighting.nameplate.mixin	NameplateImpl3	com.moonsworth.lunar.client.config.option	LongNumberRange	stale rescue duplicate: canonical copy already at config.LongNumberRange (moved/renamed by wave5 lighting maps); delete after repointing references
com.moonsworth.lunar.client.lighting.nameplate.mixin	NameplateImpl4	com.moonsworth.lunar.client.config.option	ShortNumberRange	stale rescue duplicate: canonical copy already at config.ShortNumberRange (moved/renamed by wave5 lighting maps); delete after repointing references
com.moonsworth.lunar.client.lighting.nameplate.mixin	NameplateImpl5	com.moonsworth.lunar.client.config.option	IntegerNumberRange	stale rescue duplicate: canonical copy already at config.IntegerNumberRange (moved/renamed by wave5 lighting maps); delete after repointing references
com.moonsworth.lunar.client.lighting.nameplate.mixin	NameplateImpl6	com.moonsworth.lunar.client.config.option	ByteNumberRange	stale rescue duplicate: canonical copy already at config.ByteNumberRange (moved/renamed by wave5 lighting maps); delete after repointing references
com.moonsworth.lunar.client.lighting.rewindhandlers	RewindhandlersType	com.moonsworth.lunar.client.config.option	SettingsPage	options/settings framework (client.lighting renamed by classes-51/9d16c3cc); settings-page enum (generalOptions/colorOptions/... HUD/RENDER/AUDIO/DUNGEONS/... with icons) driving the settings GUI pages; junk stem was "rewindhandlers" -> SettingsPage (name aligned with the sibling wave6 misc map)
com.moonsworth.lunar.client.lightoverlay	Lightoverlay	com.moonsworth.lunar.client.config.option.trait	Lightoverlay	stale rescue duplicate: canonical copy already at option.Lightoverlay (bucket batch A moved client.lightoverlay -> client.config.option.trait); delete after repointing references
com.moonsworth.lunar.client.lightoverlay	Lightoverlay2	com.moonsworth.lunar.client.config.option.trait	TraitReader	stale rescue duplicate: canonical copy already at option.TraitReader (bucket batch A moved client.lightoverlay -> client.config.option.trait); delete after repointing references
com.moonsworth.lunar.client.lightoverlay	Lightoverlay2Extension	com.moonsworth.lunar.client.config.option.trait	TraitHost	stale rescue duplicate: canonical copy already at option.TraitHost (bucket batch A moved client.lightoverlay -> client.config.option.trait); delete after repointing references
com.moonsworth.lunar.client.lightoverlay	Lightoverlay2Extension2	com.moonsworth.lunar.client.config.option.trait	TraitContainer	trait container view over int->value map (get/keys/values/iterator/size + nested Data factory); the only source copy - config.option.trait.MutableTraitHost/TraitHost/TraitDebugFormatter already extend this old FQN -> TraitContainer
com.moonsworth.lunar.client.lightoverlay	Lightoverlay3	com.moonsworth.lunar.client.config.option.trait	TraitMutator	trait mutation ops (set/get-or-set/compute/remove/apply snapshot/apply-all) implemented by the mutable host -> TraitMutator
com.moonsworth.lunar.client.lightoverlay	Lightoverlay3Extension	com.moonsworth.lunar.client.config.option.trait	MutableTraitHost	stale rescue duplicate: canonical copy already at option.MutableTraitHost (bucket batch A moved client.lightoverlay -> client.config.option.trait); delete after repointing references
com.moonsworth.lunar.client.lightoverlay	Lightoverlay3Extension2	com.moonsworth.lunar.client.config.option.trait	MutableTraitContainer	default MutableTraitHost implementation backed by Int2ObjectMap + per-trait listener lists -> MutableTraitContainer
com.moonsworth.lunar.client.lightoverlay	Lightoverlay3Extension22	com.moonsworth.lunar.client.config.option.trait	DebugTraitContainer	MutableTraitContainer subclass that logs every trait change ("[DEBUG_TRAIT]"), validates and copies -> DebugTraitContainer
com.moonsworth.lunar.client.lightoverlay	Lightoverlay4	com.moonsworth.lunar.client.config.option.trait	TraitSnapshot	stale rescue duplicate: canonical copy already at option.TraitSnapshot (bucket batch A moved client.lightoverlay -> client.config.option.trait); delete after repointing references
com.moonsworth.lunar.client.lightoverlay	Lightoverlay5	com.moonsworth.lunar.client.config.option.trait	TraitListener	stale rescue duplicate: canonical copy already at option.TraitListener (bucket batch A moved client.lightoverlay -> client.config.option.trait); delete after repointing references
com.moonsworth.lunar.client.lightoverlay	Lightoverlay6	com.moonsworth.lunar.client.config.option.trait	TraitRegistry	registry allocating TraitType ids by name (already-exists guard) + conflict/requires/remove metadata Data builder; used by framework.ModTraits -> TraitRegistry
com.moonsworth.lunar.client.lightoverlay	Lightoverlay7	com.moonsworth.lunar.client.config.option.trait	TraitDebugFormatter	stale rescue duplicate: canonical copy already at option.TraitDebugFormatter (bucket batch A moved client.lightoverlay -> client.config.option.trait); delete after repointing references
com.moonsworth.lunar.client.lightoverlay	Lightoverlay8	com.moonsworth.lunar.client.config.option.trait	Trait	stale rescue duplicate: canonical copy already at option.Trait (bucket batch A moved client.lightoverlay -> client.config.option.trait); delete after repointing references
com.moonsworth.lunar.client.lightoverlay	Lightoverlay9	com.moonsworth.lunar.client.config.option.trait	TraitType	stale rescue duplicate: canonical copy already at option.TraitType (bucket batch A moved client.lightoverlay -> client.config.option.trait); delete after repointing references
com.moonsworth.lunar.client.lightoverlay	Lightoverlay9Impl	com.moonsworth.lunar.client.config.option.trait	BuilderTraitType	stale rescue duplicate: canonical copy already at option.BuilderTraitType (bucket batch A moved client.lightoverlay -> client.config.option.trait); delete after repointing references
com.moonsworth.lunar.client.lightoverlay	LightoverlayException	com.moonsworth.lunar.client.config.option.trait	LightoverlayException	stale rescue duplicate: canonical copy already at option.LightoverlayException (bucket batch A moved client.lightoverlay -> client.config.option.trait); delete after repointing references
com.moonsworth.lunar.client.lightoverlay	LightoverlayHandler	com.moonsworth.lunar.client.config.option.trait	LightoverlayHandler	stale rescue duplicate: canonical copy already at option.LightoverlayHandler (bucket batch A moved client.lightoverlay -> client.config.option.trait); delete after repointing references
com.moonsworth.lunar.client.lightoverlay	LightoverlayType	com.moonsworth.lunar.client.config.option.trait	LightoverlayType	stale rescue duplicate: canonical copy already at option.LightoverlayType (bucket batch A moved client.lightoverlay -> client.config.option.trait); delete after repointing references
com.moonsworth.lunar.client.glintcolorizer	Glintcolorizer$Data	com.moonsworth.lunar.client.render.particle	TintSolid	stale rescue duplicate (Glintcolorizer$Data): the pre-rename Blockbuster name of this class is already the source at render/particle; delete after repointing references
com.moonsworth.lunar.client.glintcolorizer	Glintcolorizer$Data2	com.moonsworth.lunar.client.render.particle	TintGradient	stale rescue duplicate (Glintcolorizer$Data2): the pre-rename Blockbuster name of this class is already the source at render/particle; delete after repointing references
com.moonsworth.lunar.client.glintcolorizer	Glintcolorizer	com.moonsworth.lunar.client.render.particle	IComponentBase	stale rescue duplicate (Glintcolorizer): the pre-rename Blockbuster name of this class is already the source at render/particle; delete after repointing references
com.moonsworth.lunar.client.glintcolorizer	Glintcolorizer2	com.moonsworth.lunar.client.render.particle	BedrockLibrary	stale rescue duplicate (Glintcolorizer2): the pre-rename Blockbuster name of this class is already the source at render/particle; delete after repointing references
com.moonsworth.lunar.client.glintcolorizer	Glintcolorizer2Base	com.moonsworth.lunar.client.render.particle	BedrockComponentAppearanceBillboard	stale rescue duplicate (Glintcolorizer2Base): the pre-rename Blockbuster name of this class is already the source at render/particle; delete after repointing references
com.moonsworth.lunar.client.glintcolorizer	Glintcolorizer2Base2	com.moonsworth.lunar.client.render.particle	BedrockComponentAppearanceTinting	stale rescue duplicate (Glintcolorizer2Base2): the pre-rename Blockbuster name of this class is already the source at render/particle; delete after repointing references
com.moonsworth.lunar.client.glintcolorizer	Glintcolorizer2Base2_2	com.moonsworth.lunar.client.render.particle	BedrockComponentLifetimeLooping	stale rescue duplicate (Glintcolorizer2Base2_2): the pre-rename Blockbuster name of this class is already the source at render/particle; delete after repointing references
com.moonsworth.lunar.client.glintcolorizer	Glintcolorizer2Base2_3	com.moonsworth.lunar.client.render.particle	SNFunction	stale rescue duplicate (Glintcolorizer2Base2_3): the pre-rename Blockbuster name of this class is already the source at render/particle; delete after repointing references
com.moonsworth.lunar.client.glintcolorizer	Glintcolorizer2Base3	com.moonsworth.lunar.client.render.particle	SSFunction	stale rescue duplicate (Glintcolorizer2Base3): the pre-rename Blockbuster name of this class is already the source at render/particle; delete after repointing references
com.moonsworth.lunar.client.glintcolorizer	Glintcolorizer2Base3_2	com.moonsworth.lunar.client.render.particle	BedrockComponentLifetimeOnce	stale rescue duplicate (Glintcolorizer2Base3_2): the pre-rename Blockbuster name of this class is already the source at render/particle; delete after repointing references
com.moonsworth.lunar.client.glintcolorizer	Glintcolorizer2Base4	com.moonsworth.lunar.client.render.particle	Cos	stale rescue duplicate (Glintcolorizer2Base4): the pre-rename Blockbuster name of this class is already the source at render/particle; delete after repointing references
com.moonsworth.lunar.client.glintcolorizer	Glintcolorizer2Base42	com.moonsworth.lunar.client.render.particle	Abs	stale rescue duplicate (Glintcolorizer2Base42): the pre-rename Blockbuster name of this class is already the source at render/particle; delete after repointing references
com.moonsworth.lunar.client.glintcolorizer	Glintcolorizer2Base42_2	com.moonsworth.lunar.client.render.particle	Max	stale rescue duplicate (Glintcolorizer2Base42_2): the pre-rename Blockbuster name of this class is already the source at render/particle; delete after repointing references
com.moonsworth.lunar.client.glintcolorizer	Glintcolorizer2Base42_3	com.moonsworth.lunar.client.render.particle	Ceil	stale rescue duplicate (Glintcolorizer2Base42_3): the pre-rename Blockbuster name of this class is already the source at render/particle; delete after repointing references
com.moonsworth.lunar.client.glintcolorizer	Glintcolorizer2Base43	com.moonsworth.lunar.client.render.particle	Exp	stale rescue duplicate (Glintcolorizer2Base43): the pre-rename Blockbuster name of this class is already the source at render/particle; delete after repointing references
com.moonsworth.lunar.client.glintcolorizer	Glintcolorizer2Base43_2	com.moonsworth.lunar.client.render.particle	Clamp	stale rescue duplicate (Glintcolorizer2Base43_2): the pre-rename Blockbuster name of this class is already the source at render/particle; delete after repointing references
com.moonsworth.lunar.client.glintcolorizer	Glintcolorizer2Base43_3	com.moonsworth.lunar.client.render.particle	Round	stale rescue duplicate (Glintcolorizer2Base43_3): the pre-rename Blockbuster name of this class is already the source at render/particle; delete after repointing references
com.moonsworth.lunar.client.glintcolorizer	Glintcolorizer2Base44	com.moonsworth.lunar.client.render.particle	Min	stale rescue duplicate (Glintcolorizer2Base44): the pre-rename Blockbuster name of this class is already the source at render/particle; delete after repointing references
com.moonsworth.lunar.client.glintcolorizer	Glintcolorizer2Base44_2	com.moonsworth.lunar.client.render.particle	Trunc	stale rescue duplicate (Glintcolorizer2Base44_2): the pre-rename Blockbuster name of this class is already the source at render/particle; delete after repointing references
com.moonsworth.lunar.client.glintcolorizer	Glintcolorizer2Base44_3	com.moonsworth.lunar.client.render.particle	Ln	stale rescue duplicate (Glintcolorizer2Base44_3): the pre-rename Blockbuster name of this class is already the source at render/particle; delete after repointing references
com.moonsworth.lunar.client.glintcolorizer	Glintcolorizer2Base45	com.moonsworth.lunar.client.render.particle	Pow	stale rescue duplicate (Glintcolorizer2Base45): the pre-rename Blockbuster name of this class is already the source at render/particle; delete after repointing references
com.moonsworth.lunar.client.glintcolorizer	Glintcolorizer2Base46	com.moonsworth.lunar.client.render.particle	Sin	stale rescue duplicate (Glintcolorizer2Base46): the pre-rename Blockbuster name of this class is already the source at render/particle; delete after repointing references
com.moonsworth.lunar.client.glintcolorizer	Glintcolorizer2Base47	com.moonsworth.lunar.client.render.particle	Sqrt	stale rescue duplicate (Glintcolorizer2Base47): the pre-rename Blockbuster name of this class is already the source at render/particle; delete after repointing references
com.moonsworth.lunar.client.glintcolorizer	Glintcolorizer2Base48	com.moonsworth.lunar.client.render.particle	Mod	stale rescue duplicate (Glintcolorizer2Base48): the pre-rename Blockbuster name of this class is already the source at render/particle; delete after repointing references
com.moonsworth.lunar.client.glintcolorizer	Glintcolorizer2Base4_2	com.moonsworth.lunar.client.render.particle	NNFunction	stale rescue duplicate (Glintcolorizer2Base4_2): the pre-rename Blockbuster name of this class is already the source at render/particle; delete after repointing references
com.moonsworth.lunar.client.glintcolorizer	Glintcolorizer2Base4_3	com.moonsworth.lunar.client.render.particle	Floor	stale rescue duplicate (Glintcolorizer2Base4_3): the pre-rename Blockbuster name of this class is already the source at render/particle; delete after repointing references
com.moonsworth.lunar.client.glintcolorizer	Glintcolorizer2Base4_4	com.moonsworth.lunar.client.render.particle	BedrockComponentLifetimeExpression	stale rescue duplicate (Glintcolorizer2Base4_4): the pre-rename Blockbuster name of this class is already the source at render/particle; delete after repointing references
com.moonsworth.lunar.client.glintcolorizer	Glintcolorizer2Base_2	com.moonsworth.lunar.client.render.particle	NSFunction	stale rescue duplicate (Glintcolorizer2Base_2): the pre-rename Blockbuster name of this class is already the source at render/particle; delete after repointing references
com.moonsworth.lunar.client.glintcolorizer	Glintcolorizer2Base_3	com.moonsworth.lunar.client.render.particle	BedrockComponentLifetime	stale rescue duplicate (Glintcolorizer2Base_3): the pre-rename Blockbuster name of this class is already the source at render/particle; delete after repointing references
com.moonsworth.lunar.client.glintcolorizer	Glintcolorizer2Handler	com.moonsworth.lunar.client.render.particle	MathFunction	stale rescue duplicate (Glintcolorizer2Handler): the pre-rename Blockbuster name of this class is already the source at render/particle; delete after repointing references
com.moonsworth.lunar.client.glintcolorizer	Glintcolorizer2Handler2	com.moonsworth.lunar.client.render.particle	Constant	stale rescue duplicate (Glintcolorizer2Handler2): the pre-rename Blockbuster name of this class is already the source at render/particle; delete after repointing references
com.moonsworth.lunar.client.glintcolorizer	Glintcolorizer2Handler22	com.moonsworth.lunar.client.render.particle	Variable	stale rescue duplicate (Glintcolorizer2Handler22): the pre-rename Blockbuster name of this class is already the source at render/particle; delete after repointing references
com.moonsworth.lunar.client.glintcolorizer	Glintcolorizer2Handler3	com.moonsworth.lunar.client.render.particle	Ternary	stale rescue duplicate (Glintcolorizer2Handler3): the pre-rename Blockbuster name of this class is already the source at render/particle; delete after repointing references
com.moonsworth.lunar.client.glintcolorizer	Glintcolorizer2Handler4	com.moonsworth.lunar.client.render.particle	ValueWrapper	stale rescue duplicate (Glintcolorizer2Handler4): the pre-rename Blockbuster name of this class is already the source at render/particle; delete after repointing references
com.moonsworth.lunar.client.glintcolorizer	Glintcolorizer2Handler42	com.moonsworth.lunar.client.render.particle	Negative	stale rescue duplicate (Glintcolorizer2Handler42): the pre-rename Blockbuster name of this class is already the source at render/particle; delete after repointing references
com.moonsworth.lunar.client.glintcolorizer	Glintcolorizer2Handler43	com.moonsworth.lunar.client.render.particle	Negate	stale rescue duplicate (Glintcolorizer2Handler43): the pre-rename Blockbuster name of this class is already the source at render/particle; delete after repointing references
com.moonsworth.lunar.client.glintcolorizer	Glintcolorizer2Handler5	com.moonsworth.lunar.client.render.particle	Operator	stale rescue duplicate (Glintcolorizer2Handler5): the pre-rename Blockbuster name of this class is already the source at render/particle; delete after repointing references
com.moonsworth.lunar.client.glintcolorizer	Glintcolorizer2Handler_2	com.moonsworth.lunar.client.render.particle	Group	stale rescue duplicate (Glintcolorizer2Handler_2): the pre-rename Blockbuster name of this class is already the source at render/particle; delete after repointing references
com.moonsworth.lunar.client.glintcolorizer	Glintcolorizer2Impl	com.moonsworth.lunar.client.render.particle	BedrockComponentParticleLifetime	stale rescue duplicate (Glintcolorizer2Impl): the pre-rename Blockbuster name of this class is already the source at render/particle; delete after repointing references
com.moonsworth.lunar.client.glintcolorizer	Glintcolorizer2Impl2	com.moonsworth.lunar.client.render.particle	BedrockComponentKillPlane	stale rescue duplicate (Glintcolorizer2Impl2): the pre-rename Blockbuster name of this class is already the source at render/particle; delete after repointing references
com.moonsworth.lunar.client.glintcolorizer	Glintcolorizer2Impl_2	com.moonsworth.lunar.client.render.particle	BedrockComponentAppearanceLighting	stale rescue duplicate of BedrockComponentAppearanceLighting.java: stale rescue duplicate: component that disables emitter field6 (appearance lighting) = BedrockComponentAppearanceLighting
com.moonsworth.lunar.client.glintcolorizer	Glintcolorizer2_2	com.moonsworth.lunar.client.render.particle	JsonPrettyPrinter	stale rescue duplicate (Glintcolorizer2_2): the pre-rename Blockbuster name of this class is already the source at render/particle; delete after repointing references
com.moonsworth.lunar.client.glintcolorizer	Glintcolorizer2_3	com.moonsworth.lunar.client.render.particle	BedrockComponentBase	stale rescue duplicate (Glintcolorizer2_3): the pre-rename Blockbuster name of this class is already the source at render/particle; delete after repointing references
com.moonsworth.lunar.client.glintcolorizer	Glintcolorizer2_4	com.moonsworth.lunar.client.render.particle	IValue	stale rescue duplicate (Glintcolorizer2_4): the pre-rename Blockbuster name of this class is already the source at render/particle; delete after repointing references
com.moonsworth.lunar.client.glintcolorizer	Glintcolorizer3	com.moonsworth.lunar.client.render.particle	MathBuilder	stale rescue duplicate (Glintcolorizer3): the pre-rename Blockbuster name of this class is already the source at render/particle; delete after repointing references
com.moonsworth.lunar.client.glintcolorizer	Glintcolorizer3_2	com.moonsworth.lunar.client.render.particle	BedrockScheme	stale rescue duplicate (Glintcolorizer3_2): the pre-rename Blockbuster name of this class is already the source at render/particle; delete after repointing references
com.moonsworth.lunar.client.glintcolorizer	Glintcolorizer3_3	com.moonsworth.lunar.client.render.particle	AngleMath	stale rescue duplicate (Glintcolorizer3_3): the pre-rename Blockbuster name of this class is already the source at render/particle; delete after repointing references
com.moonsworth.lunar.client.glintcolorizer	Glintcolorizer4	com.moonsworth.lunar.client.render.particle	CooldownTimer	stale rescue duplicate (Glintcolorizer4): the pre-rename Blockbuster name of this class is already the source at render/particle; delete after repointing references
com.moonsworth.lunar.client.glintcolorizer	Glintcolorizer4_2	com.moonsworth.lunar.client.render.particle	BedrockParticle	stale rescue duplicate (Glintcolorizer4_2): the pre-rename Blockbuster name of this class is already the source at render/particle; delete after repointing references
com.moonsworth.lunar.client.glintcolorizer	Glintcolorizer5	com.moonsworth.lunar.client.render.particle	ClampUtils	stale rescue duplicate (Glintcolorizer5): the pre-rename Blockbuster name of this class is already the source at render/particle; delete after repointing references
com.moonsworth.lunar.client.glintcolorizer	Glintcolorizer5_2	com.moonsworth.lunar.client.render.particle	BedrockEmitter	stale rescue duplicate (Glintcolorizer5_2): the pre-rename Blockbuster name of this class is already the source at render/particle; delete after repointing references
com.moonsworth.lunar.client.glintcolorizer	GlintcolorizerExtension	com.moonsworth.lunar.client.render.particle	IComponentEmitterInitialize	stale rescue duplicate of IComponentEmitterInitialize.java: stale rescue duplicate: marker interface method1(emitter) = IComponentEmitterInitialize
com.moonsworth.lunar.client.glintcolorizer	GlintcolorizerExtension2	com.moonsworth.lunar.client.render.particle	IComponentEmitterUpdate	stale rescue duplicate (GlintcolorizerExtension2): the pre-rename Blockbuster name of this class is already the source at render/particle; delete after repointing references
com.moonsworth.lunar.client.glintcolorizer	GlintcolorizerExtension3	com.moonsworth.lunar.client.render.particle	IComponentParticleRender	stale rescue duplicate (GlintcolorizerExtension3): the pre-rename Blockbuster name of this class is already the source at render/particle; delete after repointing references
com.moonsworth.lunar.client.glintcolorizer	GlintcolorizerExtension4	com.moonsworth.lunar.client.render.particle	IComponentParticleUpdate	stale rescue duplicate (GlintcolorizerExtension4): the pre-rename Blockbuster name of this class is already the source at render/particle; delete after repointing references
com.moonsworth.lunar.client.glintcolorizer	GlintcolorizerExtension5	com.moonsworth.lunar.client.render.particle	IComponentParticleInitialize	stale rescue duplicate (GlintcolorizerExtension5): the pre-rename Blockbuster name of this class is already the source at render/particle; delete after repointing references
com.moonsworth.lunar.client.glintcolorizer	GlintcolorizerImpl	com.moonsworth.lunar.client.render.particle	MolangAssignment	stale rescue duplicate (GlintcolorizerImpl): the pre-rename Blockbuster name of this class is already the source at render/particle; delete after repointing references
com.moonsworth.lunar.client.glintcolorizer	GlintcolorizerImpl2	com.moonsworth.lunar.client.render.particle	MolangValue	stale rescue duplicate (GlintcolorizerImpl2): the pre-rename Blockbuster name of this class is already the source at render/particle; delete after repointing references
com.moonsworth.lunar.client.glintcolorizer	GlintcolorizerIterator	com.moonsworth.lunar.client.render.particle	MolangMultiStatement	stale rescue duplicate (GlintcolorizerIterator): the pre-rename Blockbuster name of this class is already the source at render/particle; delete after repointing references
com.moonsworth.lunar.client.glintcolorizer	GlintcolorizerType	com.moonsworth.lunar.client.render.particle	Operation	stale rescue duplicate (GlintcolorizerType): the pre-rename Blockbuster name of this class is already the source at render/particle; delete after repointing references
com.moonsworth.lunar.client.glintcolorizer	GlintcolorizerType2	com.moonsworth.lunar.client.render.particle	BedrockMaterial	stale rescue duplicate (GlintcolorizerType2): the pre-rename Blockbuster name of this class is already the source at render/particle; delete after repointing references
com.moonsworth.lunar.client.glintcolorizer	GlintcolorizerType_2	com.moonsworth.lunar.client.render.particle	CameraFacing	stale rescue duplicate (GlintcolorizerType_2): the pre-rename Blockbuster name of this class is already the source at render/particle; delete after repointing references
com.moonsworth.lunar.client.glintcolorizer	GlintcolorizerType_3	com.moonsworth.lunar.client.render.particle	Interpolation	stale rescue duplicate (GlintcolorizerType_3): the pre-rename Blockbuster name of this class is already the source at render/particle; delete after repointing references
com.moonsworth.lunar.client.glintcolorizer	GlintcolorizerType_4	com.moonsworth.lunar.client.render.particle	BedrockCurveType	stale rescue duplicate (GlintcolorizerType_4): the pre-rename Blockbuster name of this class is already the source at render/particle; delete after repointing references
com.moonsworth.lunar.client.glintcolorizer	Glintcolorizer_2	com.moonsworth.lunar.client.render.particle	Interpolations	stale rescue duplicate (Glintcolorizer_2): the pre-rename Blockbuster name of this class is already the source at render/particle; delete after repointing references
com.moonsworth.lunar.client.glintcolorizer	Glintcolorizer_3	com.moonsworth.lunar.client.render.particle	BedrockCurve	stale rescue duplicate (Glintcolorizer_3): the pre-rename Blockbuster name of this class is already the source at render/particle; delete after repointing references
com.moonsworth.lunar.client.glintcolorizer	Glintcolorizer_4	com.moonsworth.lunar.client.render.particle	TruePredicate	stale rescue duplicate (Glintcolorizer_4): the pre-rename Blockbuster name of this class is already the source at render/particle; delete after repointing references
com.moonsworth.lunar.client.glintcolorizer	Glintcolorizer_5	com.moonsworth.lunar.client.render.particle	MolangExpression	stale rescue duplicate (Glintcolorizer_5): the pre-rename Blockbuster name of this class is already the source at render/particle; delete after repointing references
com.moonsworth.lunar.client.glintcolorizer	Glintcolorizer_6	com.moonsworth.lunar.client.render.particle	HologramSorting	stale rescue duplicate (Glintcolorizer_6): the pre-rename Blockbuster name of this class is already the source at render/particle; delete after repointing references
com.moonsworth.lunar.client.glintcolorizer	Glintcolorizer_7	com.moonsworth.lunar.client.render.particle	Tint	stale rescue duplicate (Glintcolorizer_7): the pre-rename Blockbuster name of this class is already the source at render/particle; delete after repointing references
com.moonsworth.lunar.client.glintcolorizer	JsonDeserializerIterator	com.moonsworth.lunar.client.render.particle	BedrockParticleDeserializer	stale rescue duplicate (JsonDeserializerIterator): the pre-rename Blockbuster name of this class is already the source at render/particle; delete after repointing references
com.moonsworth.lunar.client.glintcolorizer.highlight	Glintcolorizer2Base	com.moonsworth.lunar.client.render.particle.highlight	BedrockComponentShapeBase	stale rescue duplicate (Glintcolorizer2Base): the pre-rename Blockbuster name of this class is already the source at render/particle; delete after repointing references
com.moonsworth.lunar.client.glintcolorizer.highlight	Glintcolorizer2Base2	com.moonsworth.lunar.client.render.particle.highlight	BedrockComponentShapeEntityAABB	stale rescue duplicate (Glintcolorizer2Base2): the pre-rename Blockbuster name of this class is already the source at render/particle; delete after repointing references
com.moonsworth.lunar.client.glintcolorizer.highlight	Glintcolorizer2Base3	com.moonsworth.lunar.client.render.particle.highlight	BedrockComponentShapeSphere	stale rescue duplicate (Glintcolorizer2Base3): the pre-rename Blockbuster name of this class is already the source at render/particle; delete after repointing references
com.moonsworth.lunar.client.glintcolorizer.highlight	Glintcolorizer2Base32	com.moonsworth.lunar.client.render.particle.highlight	BedrockComponentShapeDisc	stale rescue duplicate (Glintcolorizer2Base32): the pre-rename Blockbuster name of this class is already the source at render/particle; delete after repointing references
com.moonsworth.lunar.client.glintcolorizer.highlight	Glintcolorizer2Base4	com.moonsworth.lunar.client.render.particle.highlight	BedrockComponentShapePoint	stale rescue duplicate (Glintcolorizer2Base4): the pre-rename Blockbuster name of this class is already the source at render/particle; delete after repointing references
com.moonsworth.lunar.client.glintcolorizer.highlight	Glintcolorizer2Base5	com.moonsworth.lunar.client.render.particle.highlight	BedrockComponentShapeBox	stale rescue duplicate (Glintcolorizer2Base5): the pre-rename Blockbuster name of this class is already the source at render/particle; delete after repointing references
com.moonsworth.lunar.client.glintcolorizer.highlight	Highlight	com.moonsworth.lunar.client.render.particle.highlight	ParticleDirection	stale rescue duplicate (Highlight): the pre-rename Blockbuster name of this class is already the source at render/particle; delete after repointing references
com.moonsworth.lunar.client.glintcolorizer.holograms	Glintcolorizer2Base	com.moonsworth.lunar.client.render.particle.holograms	BedrockComponentRate	stale rescue duplicate of holograms/BedrockComponentRate.java: stale rescue duplicate: abstract rate-component base (MolangExpression field1) = holograms/BedrockComponentRate
com.moonsworth.lunar.client.glintcolorizer.holograms	Glintcolorizer2Base2	com.moonsworth.lunar.client.render.particle.holograms	BedrockComponentRateSteady	stale rescue duplicate (Glintcolorizer2Base2): the pre-rename Blockbuster name of this class is already the source at render/particle; delete after repointing references
com.moonsworth.lunar.client.glintcolorizer.holograms	Glintcolorizer2Base3	com.moonsworth.lunar.client.render.particle.holograms	BedrockComponentRateInstant	stale rescue duplicate (Glintcolorizer2Base3): the pre-rename Blockbuster name of this class is already the source at render/particle; delete after repointing references
com.moonsworth.lunar.client.glintcolorizer.mixin	Glintcolorizer2Base4	com.moonsworth.lunar.client.render.particle.mixin	SinDegrees	stale rescue duplicate (Glintcolorizer2Base4): the pre-rename Blockbuster name of this class is already the source at render/particle; delete after repointing references
com.moonsworth.lunar.client.glintcolorizer.mixin	Glintcolorizer2Base42	com.moonsworth.lunar.client.render.particle.mixin	CosDegrees	stale rescue duplicate (Glintcolorizer2Base42): the pre-rename Blockbuster name of this class is already the source at render/particle; delete after repointing references
com.moonsworth.lunar.client.glintcolorizer.mixin	Glintcolorizer3Iterator	com.moonsworth.lunar.client.render.particle.mixin	MolangParser	stale rescue duplicate (Glintcolorizer3Iterator): the pre-rename Blockbuster name of this class is already the source at render/particle; delete after repointing references
com.moonsworth.lunar.client.glintcolorizer.mixin	GlintcolorizerException	com.moonsworth.lunar.client.render.particle.mixin	MolangException	stale rescue duplicate of mixin/MolangException.java: stale rescue duplicate: MolangException(String) thrown by the molang parser
com.moonsworth.lunar.client.glintcolorizer.nameplate	Bridge8Extension3	com.moonsworth.lunar.client.render.particle.nameplate	GifTexture	stale rescue duplicate of render/particle/nameplate/GifTexture (moved on to render/texture/GifTexture by this map); delete after repointing the texture-manager users
com.moonsworth.lunar.client.glintcolorizer.nameplate	Glintcolorizer2Base4	com.moonsworth.lunar.client.render.particle.nameplate	Lerp	stale rescue duplicate (Glintcolorizer2Base4): the pre-rename Blockbuster name of this class is already the source at render/particle; delete after repointing references
com.moonsworth.lunar.client.glintcolorizer.nameplate	Glintcolorizer2Base42	com.moonsworth.lunar.client.render.particle.nameplate	HermiteBlend	stale rescue duplicate (Glintcolorizer2Base42): the pre-rename Blockbuster name of this class is already the source at render/particle; delete after repointing references
com.moonsworth.lunar.client.glintcolorizer.nameplate	Glintcolorizer2Base43	com.moonsworth.lunar.client.render.particle.nameplate	LerpRotate	stale rescue duplicate (Glintcolorizer2Base43): the pre-rename Blockbuster name of this class is already the source at render/particle; delete after repointing references
com.moonsworth.lunar.client.glintcolorizer.nameplate	Glintcolorizer2Base44	com.moonsworth.lunar.client.render.particle.nameplate	RandomFunction	stale rescue duplicate (Glintcolorizer2Base44): the pre-rename Blockbuster name of this class is already the source at render/particle; delete after repointing references
com.moonsworth.lunar.client.glintcolorizer.nameplate	Glintcolorizer2Impl	com.moonsworth.lunar.client.render.particle.nameplate	BedrockComponentLocalSpace	stale rescue duplicate (Glintcolorizer2Impl): the pre-rename Blockbuster name of this class is already the source at render/particle; delete after repointing references
com.moonsworth.lunar.client.glintcolorizer.nameplate	Glintcolorizer2Impl2	com.moonsworth.lunar.client.render.particle.nameplate	BedrockComponentInitialization	stale rescue duplicate (Glintcolorizer2Impl2): the pre-rename Blockbuster name of this class is already the source at render/particle; delete after repointing references
com.moonsworth.lunar.client.glintcolorizer.nameplate	JsonDeserializerIterator	com.moonsworth.lunar.client.render.particle.nameplate	BlockbusterParticleDeserializer	stale rescue duplicate (JsonDeserializerIterator): the pre-rename Blockbuster name of this class is already the source at render/particle; delete after repointing references
com.moonsworth.lunar.client.glintcolorizer.nameplate	Nameplate	com.moonsworth.lunar.client.render.particle.nameplate	HologramBatchRenderer	stale rescue duplicate (Nameplate): the pre-rename Blockbuster name of this class is already the source at render/particle; delete after repointing references
com.moonsworth.lunar.client.glintcolorizer.nameplate	Nameplate2	com.moonsworth.lunar.client.render.particle.nameplate	ParticleEffectLoader	stale rescue duplicate (Nameplate2): the pre-rename Blockbuster name of this class is already the source at render/particle; delete after repointing references
com.moonsworth.lunar.client.glintcolorizer.nameplate	Nameplate_2	com.moonsworth.lunar.client.render.particle.nameplate	ParticleMath	stale rescue duplicate (Nameplate_2): the pre-rename Blockbuster name of this class is already the source at render/particle; delete after repointing references
com.moonsworth.lunar.client.glintcolorizer.nameplate.mixin	Glintcolorizer2Base	com.moonsworth.lunar.client.render.particle.nameplate.mixin	NameplateBillboardComponent	stale rescue duplicate (Glintcolorizer2Base): the pre-rename Blockbuster name of this class is already the source at render/particle; delete after repointing references
com.moonsworth.lunar.client.glintcolorizer.nameplate.mixin	Glintcolorizer2Base2	com.moonsworth.lunar.client.render.particle.nameplate.mixin	NameplateTintingComponent	stale rescue duplicate (Glintcolorizer2Base2): the pre-rename Blockbuster name of this class is already the source at render/particle; delete after repointing references
com.moonsworth.lunar.client.glintcolorizer.nameplate.mixin	Glintcolorizer2Impl	com.moonsworth.lunar.client.render.particle.nameplate.mixin	NameplateCollisionTintingComponent	stale rescue duplicate (Glintcolorizer2Impl): the pre-rename Blockbuster name of this class is already the source at render/particle; delete after repointing references
com.moonsworth.lunar.client.glintcolorizer.nameplate.mixin	Glintcolorizer2Impl2	com.moonsworth.lunar.client.render.particle.nameplate.mixin	NameplateCollisionAppearanceComponent	stale rescue duplicate (Glintcolorizer2Impl2): the pre-rename Blockbuster name of this class is already the source at render/particle; delete after repointing references
com.moonsworth.lunar.client.glintcolorizer.nameplate.mixin	Glintcolorizer5Iterator	com.moonsworth.lunar.client.render.particle	HologramParticleEmitter	BedrockEmitter subclass implementing holograms.Holograms8 (hologram particle rendering, render layers/UVs per HologramsType); only source copy, no canonical twin -> render/particle/HologramParticleEmitter
com.moonsworth.lunar.client.glintcolorizer.nameplate.mixin	GlintcolorizerExtension3	com.moonsworth.lunar.client.render.particle.nameplate.mixin	NameplateGlintRenderer	stale rescue duplicate (GlintcolorizerExtension3): the pre-rename Blockbuster name of this class is already the source at render/particle; delete after repointing references
com.moonsworth.lunar.client.glintcolorizer.rewindhandlers	Glintcolorizer2Base	com.moonsworth.lunar.client.render.particle.rewindhandlers	BedrockComponentMotion	stale rescue duplicate of rewindhandlers/BedrockComponentMotion.java: stale rescue duplicate: empty abstract motion-component base = rewindhandlers/BedrockComponentMotion
com.moonsworth.lunar.client.glintcolorizer.rewindhandlers	Glintcolorizer2Base2	com.moonsworth.lunar.client.render.particle.rewindhandlers	BedrockComponentMotionParametric	stale rescue duplicate (Glintcolorizer2Base2): the pre-rename Blockbuster name of this class is already the source at render/particle; delete after repointing references
com.moonsworth.lunar.client.glintcolorizer.rewindhandlers	Glintcolorizer2Base3	com.moonsworth.lunar.client.render.particle.rewindhandlers	BedrockComponentMotionDynamic	stale rescue duplicate (Glintcolorizer2Base3): the pre-rename Blockbuster name of this class is already the source at render/particle; delete after repointing references
com.moonsworth.lunar.client.glintcolorizer.rewindhandlers	Glintcolorizer2Impl	com.moonsworth.lunar.client.render.particle.rewindhandlers	BedrockComponentInitialSpin	stale rescue duplicate (Glintcolorizer2Impl): the pre-rename Blockbuster name of this class is already the source at render/particle; delete after repointing references
com.moonsworth.lunar.client.glintcolorizer.rewindhandlers	Glintcolorizer2Impl2	com.moonsworth.lunar.client.render.particle.rewindhandlers	BedrockComponentInitialSpeed	stale rescue duplicate (Glintcolorizer2Impl2): the pre-rename Blockbuster name of this class is already the source at render/particle; delete after repointing references
com.moonsworth.lunar.client.glintcolorizer.rewindhandlers	Glintcolorizer2Iterator	com.moonsworth.lunar.client.render.particle.rewindhandlers	BedrockComponentMotionCollision	stale rescue duplicate (Glintcolorizer2Iterator): the pre-rename Blockbuster name of this class is already the source at render/particle; delete after repointing references
com.moonsworth.lunar.client.animations	Animations	com.moonsworth.lunar.client.gui.prompt	ActivePrompt	stale rescue duplicate: holder for the active prompt action = gui/prompt.ActivePrompt
com.moonsworth.lunar.client.animations.mixin	Animations	com.moonsworth.lunar.client.gui.prompt	PromptAction	stale rescue duplicate: abstract chat prompt action (setSelected/label/tooltip) = gui/prompt.PromptAction
com.moonsworth.lunar.client.animations.mixin	AnimationsImpl	com.moonsworth.lunar.client.gui.prompt	RunCommandPrompt	stale rescue duplicate: "gui.apollo.button.runCommandPrompt" saveChoice button = RunCommandPrompt
com.moonsworth.lunar.client.animations.mixin	AnimationsImpl2	com.moonsworth.lunar.client.gui.prompt	BlockedActionPrompt	stale rescue duplicate: no-op button (empty action, null label) = BlockedActionPrompt
com.moonsworth.lunar.client.animations.mixin	AnimationsImpl3	com.moonsworth.lunar.client.gui.prompt	OpenUrlPrompt	stale rescue duplicate: "gui.apollo.button.openUrlPrompt" saveChoice button = OpenUrlPrompt
com.moonsworth.lunar.client.animations.mixin	AnimationsImpl4	com.moonsworth.lunar.client.gui.prompt	RememberServerPrompt	prompt action that runs the server "yes"/"no" command and adds the server IP to GeneralSettings allow/deny lists, label "rememberChoice"; canonical client.prompt package had only 7 classes -> only source copy, prompt-suite name
com.moonsworth.lunar.client.animations.mixin	AnimationsImpl5	com.moonsworth.lunar.client.gui.prompt	MaliciousUrlPrompt	stale rescue duplicate: "safety.maliciousUrl.prompt" saveChoice button = MaliciousUrlPrompt
com.moonsworth.lunar.client.animations.mixin	AnimationsImpl6	com.moonsworth.lunar.client.gui.prompt	MaliciousServerPrompt	stale rescue duplicate: "safety.maliciousServer.prompt" saveChoice button = MaliciousServerPrompt
