# Wave 6 framework/** move map (client/framework, non-feature subtrees + 112 loose classes)
# old.package	Old	new.package	New	evidence
com.moonsworth.lunar.client.framework	AbstractFeature	com.moonsworth.lunar.client.framework.mod	AbstractFeature	mod base class (getId/isEnabled/options/children/trait map, JsonPersistable); every client/mod/** feature extends it -> mod framework
com.moonsworth.lunar.client.framework	AlertExtension	com.moonsworth.lunar.client.framework.mod	AlertExtension	mod children trait (AlertExtension<Framework7Extension>, map of category->children, factory Nameplate3) -> mod framework
com.moonsworth.lunar.client.framework	ArgumentCommandNode	com.moonsworth.lunar.client.command	ArgumentCommandNode	command node taking a CommandArgumentParser argument (Brigadier-style) -> command framework
com.moonsworth.lunar.client.framework	BackgroundHudComponent	com.moonsworth.lunar.client.ui.hud	BackgroundHudComponent	HUD component wrapper drawing a background quad -> HUD framework
com.moonsworth.lunar.client.framework	BoundArguments	com.moonsworth.lunar.client.command	BoundArguments	bound command argument map (String/int/double/duration) -> command framework
com.moonsworth.lunar.client.framework	Calculator2Handler	com.moonsworth.lunar.client.framework.mod	Calculator2Handler	category registry (new/hud/server/mechanic/dev/none) used by feature GUI; superseded twin of ModCategory -> mod framework
com.moonsworth.lunar.client.framework	ChildModBinding	com.moonsworth.lunar.client.framework.mod	ChildModBinding	child-mod binding trait (bound Framework7Extension + enabled BooleanSupplier, factory ConditionalChildBinding) -> mod framework
com.moonsworth.lunar.client.framework	ClientCommand	com.moonsworth.lunar.client.command	ClientCommand	registered client command wrapper around LiteralCommandNode (name/aliases/enabled/execute) -> command framework
com.moonsworth.lunar.client.framework	CommandArgumentParser	com.moonsworth.lunar.client.command	CommandArgumentParser	abstract command argument parser base (parse + suggestions, ThreadModuleDump27 cursor) -> command framework
com.moonsworth.lunar.client.framework	CommandArguments	com.moonsworth.lunar.client.command	CommandArguments	read-only command argument accessor (getString/getInteger/getDouble/getDuration) -> command framework
com.moonsworth.lunar.client.framework	CommandExecutor	com.moonsworth.lunar.client.command	CommandExecutor	functional command executor (execute(CommandArguments)) -> command framework
com.moonsworth.lunar.client.framework	CommandNode	com.moonsworth.lunar.client.command	CommandNode	abstract command tree node (children, executor, parse(StringCursor,BoundArguments)) -> command framework
com.moonsworth.lunar.client.framework	CommandParser	com.moonsworth.lunar.client.command	CommandParser	command dispatcher parsing a full command string through a LiteralCommandNode tree -> command framework
com.moonsworth.lunar.client.framework	ConditionSetBuilder	com.moonsworth.lunar.client.ui.hud	ConditionSetBuilder	builds a HudConditionSet from four ConditionState predicates (duplicate of MixinCore$Data, 0 refs) -> HUD framework
com.moonsworth.lunar.client.framework	DurationArgumentParser	com.moonsworth.lunar.client.command	DurationArgumentParser	argument parser for Duration values -> command framework
com.moonsworth.lunar.client.framework	DynamicCondition	com.moonsworth.lunar.client.framework.mod	DynamicCondition	dynamic enabled-condition trait (isEnabled/setEnabled, factory Framework11Handler) -> mod framework
com.moonsworth.lunar.client.framework	EmptyHudComponent	com.moonsworth.lunar.client.ui.hud	EmptyHudComponent	zero-size HudComponent placeholder -> HUD framework
com.moonsworth.lunar.client.framework	FeatureToggleKeybind	com.moonsworth.lunar.client.framework.mod	FeatureToggleKeybind	per-feature toggle keybind option created by AbstractFeature; ModifierKeybindOption + OptionRegistrant -> mod framework
com.moonsworth.lunar.client.framework	Framework	com.moonsworth.lunar.client.framework.mod	Framework	old-generation per-mod trait/attribute registry (hud_renderer/enabled/options/... keys) used by old tree; twin of ModTraits -> mod framework
com.moonsworth.lunar.client.framework	Framework10	com.moonsworth.lunar.client.framework.mod	Framework10	old-generation mod display trait (icon/lastModified/render); twin of ModDisplay -> mod framework
com.moonsworth.lunar.client.framework	Framework10Extension	com.moonsworth.lunar.client.framework.mod	Framework10Extension	old-generation lifecycle/event trait (init/options/children/reload); twin of ModLifecycle -> mod framework
com.moonsworth.lunar.client.framework	Framework11	com.moonsworth.lunar.client.framework.mod	Framework11	old-generation dynamic condition trait (isEnabled/setEnabled); twin of DynamicCondition -> mod framework
com.moonsworth.lunar.client.framework	Framework12	com.moonsworth.lunar.client.framework.mod	Framework12	old-generation panel position trait (x/y/scale/reset); twin of PanelPosition -> mod framework
com.moonsworth.lunar.client.framework	Framework2	com.moonsworth.lunar.client.framework.mod	Framework2	old-generation mod categories trait (set of category types); twin of ModCategories -> mod framework
com.moonsworth.lunar.client.framework	Framework4	com.moonsworth.lunar.client.framework.mod	Framework4	old-generation child-mod binding trait (ChildModBinding factories) -> mod framework
com.moonsworth.lunar.client.framework	Framework5	com.moonsworth.lunar.client.framework.mod	Framework5	old-generation option container trait (option sets/prune/register); twin of OptionContainer -> mod framework
com.moonsworth.lunar.client.framework	Framework6	com.moonsworth.lunar.client.framework.mod	Framework6	old-generation page state trait (enabled/withEnabled); twin of PageState -> mod framework
com.moonsworth.lunar.client.framework	Framework7	com.moonsworth.lunar.client.framework.mod	Framework7	mod restriction trait (isRestricted/reload, binds a Nameplate predicate) -> mod framework
com.moonsworth.lunar.client.framework	Framework7Extension	com.moonsworth.lunar.client.framework.mod	Framework7Extension	the mod/feature interface (getId/isEnabled/updateEnabled/options/children/serialize); implemented by every feature -> mod framework
com.moonsworth.lunar.client.framework	Framework7Loader	com.moonsworth.lunar.client.framework.mod	Framework7Loader	per-mod keybind config (ichor_keybind trait): loads/saves bound keybinds via JsonObject -> mod framework
com.moonsworth.lunar.client.framework	FrameworkType	com.moonsworth.lunar.client.framework.mod	FrameworkType	mod load-stage enum (CONSTRUCTOR..COMPLETE); twin of ModLoadState -> mod framework
com.moonsworth.lunar.client.framework	GreedyStringArgumentParser	com.moonsworth.lunar.client.command	GreedyStringArgumentParser	greedy string argument parser (rest of input) -> command framework
com.moonsworth.lunar.client.framework	Gui2Extension	com.moonsworth.lunar.client.ui.hud	HudPlacement	shared HUD placement enum (TOP/BOTTOM/MIDDLE/LEFT/RIGHT, OptionEnumValue) returned by getHorizontal/getVertical -> HUD framework (renamed: client.hitbox.Gui2Extension, a row-alignment enum, also lands in client/ui/hud via moves-mods.tsv)
com.moonsworth.lunar.client.framework	HideableHudComponent	com.moonsworth.lunar.client.ui.hud	HideableHudComponent	HudComponentWrapper with boolean/Supplier visibility toggle -> HUD framework
com.moonsworth.lunar.client.framework	HudAlignment	com.moonsworth.lunar.client.ui.hud	HudAlignment	HUD alignment enum (OptionEnumValue) used by HUD mods -> HUD framework
com.moonsworth.lunar.client.framework	HudAnchor	com.moonsworth.lunar.client.ui.hud	HudAnchor	HUD anchor enum + padding math (OptionEnumValue) used by every hud element -> HUD framework
com.moonsworth.lunar.client.framework	HudComponent	com.moonsworth.lunar.client.ui.hud	HudComponent	HUD element contract (clearCache/getWidth/getHeight/draw(HudRenderContext)) -> HUD framework
com.moonsworth.lunar.client.framework	HudComponentDecorator	com.moonsworth.lunar.client.ui.hud	HudComponentDecorator	abstract pass-through HudComponent decorator base -> HUD framework
com.moonsworth.lunar.client.framework	HudComponentGroup	com.moonsworth.lunar.client.ui.hud	HudComponentGroup	HUD layout group (START/CENTER/END/Spacer) composing child components -> HUD framework
com.moonsworth.lunar.client.framework	HudComponentStyle	com.moonsworth.lunar.client.ui.hud	HudComponentStyle	spacing/style fluent interface for HUD components (old twin of MixinCore7) -> HUD framework
com.moonsworth.lunar.client.framework	HudComponentValue	com.moonsworth.lunar.client.ui.hud	HudComponentValue	value holder for HUD components (fixed value or Supplier, nullable) -> HUD framework
com.moonsworth.lunar.client.framework	HudComponentWrapper	com.moonsworth.lunar.client.ui.hud	HudComponentWrapper	self-typed wrapper base for HudComponents -> HUD framework
com.moonsworth.lunar.client.framework	HudConditionSet	com.moonsworth.lunar.client.ui.hud	HudConditionSet	four-condition visibility set (TL/TR/BL/BR) evaluated per HudElement -> HUD framework
com.moonsworth.lunar.client.framework	HudElementBase	com.moonsworth.lunar.client.ui.hud	HudElementBase	base HudRenderer element (x/y/anchor/scale, draw(HighlightImpl); implements MixinCore9Extension) -> HUD framework
com.moonsworth.lunar.client.framework	HudLine	com.moonsworth.lunar.client.ui.hud	HudLine	one HUD line (item/icon/component + text) rendered by HUD elements -> HUD framework
com.moonsworth.lunar.client.framework	HudRenderContext	com.moonsworth.lunar.client.ui.hud	HudRenderContext	render context passed to HudComponent.draw (drawer, chatOpen, mouse, scale, coords) -> HUD framework
com.moonsworth.lunar.client.framework	HudRowElement	com.moonsworth.lunar.client.ui.hud	HudRowElement	abstract deprecated row-based HUD element (extends HudElementBase) -> HUD framework
com.moonsworth.lunar.client.framework	HudSize	com.moonsworth.lunar.client.ui.hud	HudSize	HUD min/max width/height record used by HUD components -> HUD framework
com.moonsworth.lunar.client.framework	IntegerArgumentParser	com.moonsworth.lunar.client.command	IntegerArgumentParser	argument parser for Integer values -> command framework
com.moonsworth.lunar.client.framework	ItemMapHandler	com.moonsworth.lunar.client.framework.loading	ItemMapHandler	loadable key->value registry (init/close + LoadingStage registration via Fishing3 loading manager) -> loading framework
com.moonsworth.lunar.client.framework	ItemSetHandler	com.moonsworth.lunar.client.framework.loading	ItemSetHandler	loadable item set registry (init/close + LoadingStage registration) -> loading framework
com.moonsworth.lunar.client.framework	ItemStackHudComponent	com.moonsworth.lunar.client.ui.hud	ItemStackHudComponent	HudComponent rendering an ItemStack/ItemBridge icon -> HUD framework
com.moonsworth.lunar.client.framework	JsonFileConfig	com.moonsworth.lunar.client.config	JsonFileConfig	JSON config file interface (file/load/save, crash reporting, JsonConfigurable) -> config framework
com.moonsworth.lunar.client.framework	LiteralCommandNode	com.moonsworth.lunar.client.command	LiteralCommandNode	literal command node (name text, children/executor builders) -> command framework
com.moonsworth.lunar.client.framework	LoadableHandler	com.moonsworth.lunar.client.framework.loading	LoadableHandler	client service lifecycle contract (init/close) used by RenderSubmissionManager/ModProfileManager/PlayerCombatState -> loading framework
com.moonsworth.lunar.client.framework	MixinCore	com.moonsworth.lunar.client.command	MixinCore	old-generation argument parser base (parse + suggestions); twin of CommandArgumentParser -> command framework
com.moonsworth.lunar.client.framework	MixinCore$Data	com.moonsworth.lunar.client.ui.hud	MixinCore$Data	HudConditionSet builder (constant/function/supplier conditions) -> HUD framework
com.moonsworth.lunar.client.framework	MixinCore2	com.moonsworth.lunar.client.ui.hud	MixinCore2	HudSize value object (toString says HudSize); legacy twin of HudSize -> HUD framework
com.moonsworth.lunar.client.framework	MixinCore3	com.moonsworth.lunar.client.ui.hud	MixinCore3	HudLine value object (item/icon/consumer + Component); legacy twin of HudLine -> HUD framework
com.moonsworth.lunar.client.framework	MixinCore5	com.moonsworth.lunar.client.ui.hud	MixinCore5	HUD component contract (clearCache/getWidth/getHeight/draw(HudRenderContext)); core of HUD framework
com.moonsworth.lunar.client.framework	MixinCore5Handler	com.moonsworth.lunar.client.ui.hud	MixinCore5Handler	empty/no-op MixinCore5 HUD component -> HUD framework
com.moonsworth.lunar.client.framework	MixinCore5Handler2	com.moonsworth.lunar.client.ui.hud	MixinCore5Handler2	abstract MixinCore5 delegate base over a wrapped component -> HUD framework
com.moonsworth.lunar.client.framework	MixinCore5Handler2_2	com.moonsworth.lunar.client.ui.hud	MixinCore5Handler2_2	MixinCore5 texture component (ResourceLocation + u/v size) -> HUD framework
com.moonsworth.lunar.client.framework	MixinCore5Handler2_3	com.moonsworth.lunar.client.ui.hud	MixinCore5Handler2_3	MixinCore5 delegate wrapper with visibility toggles over two components -> HUD framework
com.moonsworth.lunar.client.framework	MixinCore5Handler4	com.moonsworth.lunar.client.ui.hud	MixinCore5Handler4	MixinCore5 item-stack component (renders ItemStackBridge/Bridge6_4) -> HUD framework
com.moonsworth.lunar.client.framework	MixinCore5Handler_2	com.moonsworth.lunar.client.ui.hud	MixinCore5Handler_2	self-typed abstract MixinCore5 wrapper delegating width/height/draw -> HUD framework
com.moonsworth.lunar.client.framework	MixinCore5Impl	com.moonsworth.lunar.client.ui.hud	MixinCore5Impl	MixinCore5 boolean/hideable wrapper (fluent setters) -> HUD framework
com.moonsworth.lunar.client.framework	MixinCore5Impl2	com.moonsworth.lunar.client.ui.hud	MixinCore5Impl2	MixinCore5 integer-value wrapper (fluent setters) -> HUD framework
com.moonsworth.lunar.client.framework	MixinCore5Impl3	com.moonsworth.lunar.client.ui.hud	MixinCore5Impl3	empty MixinCore5 wrapper subclass (kept for inheritance) -> HUD framework
com.moonsworth.lunar.client.framework	MixinCore5Iterator	com.moonsworth.lunar.client.ui.hud	MixinCore5Iterator	MixinCore5 layout container (START/CENTER/END alignment, vertical flag, gap) composing child components -> HUD framework
com.moonsworth.lunar.client.framework	MixinCore5Task	com.moonsworth.lunar.client.ui.hud	MixinCore5Task	MixinCore5 line component holding Components with click/hover callbacks and fluent setters -> HUD framework
com.moonsworth.lunar.client.framework	MixinCore6	com.moonsworth.lunar.client.ui.hud	MixinCore6	HUD value holder (value or Supplier + nullable flag); twin of HudComponentValue -> HUD framework
com.moonsworth.lunar.client.framework	MixinCore7	com.moonsworth.lunar.client.ui.hud	MixinCore7	HUD padding/margin fluent interface (5 float pairs); twin of HudComponentStyle -> HUD framework
com.moonsworth.lunar.client.framework	MixinCore9Base	com.moonsworth.lunar.client.ui.hud	MixinCore9Base	abstract HUD renderer base (renders a MixinCore5 content into self, scissor/scale handling) -> HUD framework
com.moonsworth.lunar.client.framework	MixinCore9Extension	com.moonsworth.lunar.client.ui.hud	MixinCore9Extension	HUD-renderer trait implemented by hud mods (size/x/y/scale/render, registered as hud_renderer) -> HUD framework
com.moonsworth.lunar.client.framework	MixinCoreImpl	com.moonsworth.lunar.client.command	MixinCoreImpl	argument parser for Double values (extends MixinCore<Double>) -> command framework
com.moonsworth.lunar.client.framework	MixinHelper	com.moonsworth.lunar.client.command	MixinHelper	functional command executor callback (execute(MixinHelper2)); registered per command leaf -> command framework
com.moonsworth.lunar.client.framework	MixinHelper2	com.moonsworth.lunar.client.command	MixinHelper2	command argument accessor interface (String/int/double/Duration) -> command framework
com.moonsworth.lunar.client.framework	MixinHelper22	com.moonsworth.lunar.client.command	MixinHelper22	bound command argument map implementation (MixinHelper2) -> command framework
com.moonsworth.lunar.client.framework	MixinHelper3	com.moonsworth.lunar.client.command	MixinHelper3	old-generation command dispatcher parsing a string through a MixinNameplate tree -> command framework
com.moonsworth.lunar.client.framework	MixinNameplate	com.moonsworth.lunar.client.command	MixinNameplate	old-generation abstract command node (children, executable leaf, parse(ThreadModuleDump27,MixinHelper22)) -> command framework
com.moonsworth.lunar.client.framework	MixinNameplate2	com.moonsworth.lunar.client.command	MixinNameplate2	command definition wrapper (name, /name, enabled, execute, suggestions) used by command registry -> command framework
com.moonsworth.lunar.client.framework	MixinNameplateImpl	com.moonsworth.lunar.client.command	MixinNameplateImpl	literal command node (fixed name) -> command framework
com.moonsworth.lunar.client.framework	MixinNameplateIterator	com.moonsworth.lunar.client.command	MixinNameplateIterator	command node with an argument parser (MixinCore) as root -> command framework
com.moonsworth.lunar.client.framework	ModCategories	com.moonsworth.lunar.client.framework.mod	ModCategories	mod category-set trait (RewindhandlersType set, factories ModCategorySet) -> mod framework
com.moonsworth.lunar.client.framework	ModCategory	com.moonsworth.lunar.client.framework.mod	ModCategory	mod category value object (new/hud/server/mechanic/dev/none, Translatable) -> mod framework
com.moonsworth.lunar.client.framework	ModChildren	com.moonsworth.lunar.client.framework.mod	ModChildren	mod children trait (category->children map, AlertExtension, factory FeatureChildren) -> mod framework
com.moonsworth.lunar.client.framework	ModDetails	com.moonsworth.lunar.client.framework.mod	ModDetails	mod display details trait (name/description/icon/prefix, Data builder) -> mod framework
com.moonsworth.lunar.client.framework	ModDisplay	com.moonsworth.lunar.client.framework.mod	ModDisplay	mod HUD display trait (icon/lastModified/render, factory via ModDisplayData) -> mod framework
com.moonsworth.lunar.client.framework	ModEnabledState	com.moonsworth.lunar.client.framework.mod	ModEnabledState	mod enabled-state trait (isEnabled/setEnabled/option-backed) + factories Nameplate4* -> mod framework
com.moonsworth.lunar.client.framework	ModLifecycle	com.moonsworth.lunar.client.framework.mod	ModLifecycle	mod lifecycle trait (init/load/children/events, factory FeatureLifecycleManager) -> mod framework
com.moonsworth.lunar.client.framework	ModLoadState	com.moonsworth.lunar.client.framework.mod	ModLoadState	mod load-stage enum (CONSTRUCTOR..COMPLETE) used by migration + features -> mod framework
com.moonsworth.lunar.client.framework	ModMetadata	com.moonsworth.lunar.client.framework.mod	ModMetadata	mod metadata annotations holder (categories/server/modifier sets, string templates) -> mod framework
com.moonsworth.lunar.client.framework	ModRestriction	com.moonsworth.lunar.client.framework.mod	ModRestriction	mod restriction trait (binds a Nameplate predicate into Nameplate8) -> mod framework
com.moonsworth.lunar.client.framework	ModSearchIndex	com.moonsworth.lunar.client.framework.mod	ModSearchIndex	mod search-index trait (search terms/keybinds, factory Nameplate9) -> mod framework
com.moonsworth.lunar.client.framework	ModSupport	com.moonsworth.lunar.client.framework.mod	ModSupport	mod support trait (server/version/keystroke matrix, Data builder, factory Nameplate11) -> mod framework
com.moonsworth.lunar.client.framework	ModTraits	com.moonsworth.lunar.client.framework.mod	ModTraits	the per-mod trait/attribute registry (hud_renderer/enabled/options/children/... keys) used by all client/mod/** mods -> mod framework
com.moonsworth.lunar.client.framework	OptionContainer	com.moonsworth.lunar.client.framework.mod	OptionContainer	mod option-container trait (option sets, prune, register; factory FeatureOptionContainer) -> mod framework
com.moonsworth.lunar.client.framework	PaddedHudComponent	com.moonsworth.lunar.client.ui.hud	PaddedHudComponent	MixinCore5 wrapper adding padding on all sides -> HUD framework
com.moonsworth.lunar.client.framework	PageState	com.moonsworth.lunar.client.framework.mod	PageState	mod settings-page state trait (enabled/withEnabled; factory MutablePageState) -> mod framework
com.moonsworth.lunar.client.framework	PanelPosition	com.moonsworth.lunar.client.framework.mod	PanelPosition	mod config panel position trait (x/y/scale/reset; factory ConfigPanelPosition) -> mod framework
com.moonsworth.lunar.client.framework	PlaceholderHudComponent	com.moonsworth.lunar.client.ui.hud	PlaceholderHudComponent	empty placeholder HudComponentWrapper -> HUD framework
com.moonsworth.lunar.client.framework	PlayerArgumentParser	com.moonsworth.lunar.client.command	PlayerArgumentParser	argument parser for player names (extends StringArgumentParser) -> command framework
com.moonsworth.lunar.client.framework	ScrollableHudComponent	com.moonsworth.lunar.client.ui.hud	ScrollableHudComponent	MixinCore5 wrapper with scroll offset + clipping -> HUD framework
com.moonsworth.lunar.client.framework	StringArgumentParser	com.moonsworth.lunar.client.command	StringArgumentParser	argument parser for strings (optionally quoted) -> command framework
com.moonsworth.lunar.client.framework	TextHudComponent	com.moonsworth.lunar.client.ui.hud	TextHudComponent	MixinCore5 text component (Component/Supplier, shadow/color) -> HUD framework
com.moonsworth.lunar.client.framework	TextureHudComponent	com.moonsworth.lunar.client.ui.hud	TextureHudComponent	HudComponent drawing a texture region (ResourceLocation, u/v size) -> HUD framework
com.moonsworth.lunar.client.framework	Tickable	com.moonsworth.lunar.client.framework.loading	Tickable	unused per-tick lifecycle hook interface -> grouped with loadable lifecycle contracts
com.moonsworth.lunar.client.framework	TitledHudElement	com.moonsworth.lunar.client.ui.hud	TitledHudElement	HudElementBase with title/labels for HUD panels -> HUD framework
com.moonsworth.lunar.client.framework	ToggleHudComponent	com.moonsworth.lunar.client.ui.hud	ToggleHudComponent	HudComponentDecorator switching between two children on a boolean -> HUD framework
com.moonsworth.lunar.client.framework	TwoColumnHudComponent	com.moonsworth.lunar.client.ui.hud	TwoColumnHudComponent	MixinCore5 two-column layout container -> HUD framework
com.moonsworth.lunar.client.framework	TypedHudRenderer	com.moonsworth.lunar.client.ui.hud	TypedHudRenderer	abstract typed HUD element rendering lines/rows with a formatter -> HUD framework
com.moonsworth.lunar.client.framework.combat	PlayerCombatState	com.moonsworth.lunar.client.mod.combat	PlayerCombatState	per-player combat state (last/current hit timestamps, UUID keyed) used by combat features -> combat category helper
com.moonsworth.lunar.client.framework.holograms	Serverholograms	com.moonsworth.lunar.client.mod.render.serverholograms	Serverholograms	server hologram model (id, lines, position, flags) rendered by the ServerHolograms feature and replay/fog hologram stores -> helper lives with the serverholograms feature (moves-mods.tsv puts the mod in the same folder)
com.moonsworth.lunar.client.framework.hud	HorizontalHudRow	com.moonsworth.lunar.client.ui.hud	HorizontalHudRow	row layout helper laying out HudRow children horizontally -> HUD framework
com.moonsworth.lunar.client.framework.hud	HudRow	com.moonsworth.lunar.client.ui.hud	HudRow	single HUD row model (elements, padding, spacing) -> HUD framework
com.moonsworth.lunar.client.framework.hud	HudRowAlignment	com.moonsworth.lunar.client.ui.hud	HudRowAlignment	HUD row alignment enum -> HUD framework
com.moonsworth.lunar.client.framework.hud	HudRowLayout	com.moonsworth.lunar.client.ui.hud	HudRowLayout	row layout engine for HUD elements -> HUD framework
com.moonsworth.lunar.client.framework.hud	ItemIconHudRow	com.moonsworth.lunar.client.ui.hud	ItemIconHudRow	HudRow rendering an item icon -> HUD framework
com.moonsworth.lunar.client.framework.hud	SpacerHudRow	com.moonsworth.lunar.client.ui.hud	SpacerHudRow	HudRow spacer -> HUD framework
com.moonsworth.lunar.client.framework.hud	TextHudRow	com.moonsworth.lunar.client.ui.hud	TextHudRow	HudRow rendering text -> HUD framework
com.moonsworth.lunar.client.framework.listener.mixin	GuiRewindhandlers	com.moonsworth.lunar.client.framework.listener	AutoReconnectListener	auto-reconnect service: countdown/retry on the disconnect screen via EventTick/EventServerPing -> listener framework (renamed to avoid collision with the GuiRewindhandlers interface)
com.moonsworth.lunar.client.framework.listener.mixin	HudTimerTicker	com.moonsworth.lunar.client.framework.listener	HudTimerTicker	ticks registered client.util.HudTimer instances on server ticks -> listener framework
com.moonsworth.lunar.client.framework.listener.mixin	KeybindOptionListener	com.moonsworth.lunar.client.framework.listener	KeybindOptionListener	dispatches key/mouse events to registered AbstractKeybindOption instances -> listener framework
com.moonsworth.lunar.client.framework.listener.mixin	PlayerCosmeticsSubscription	com.moonsworth.lunar.client.framework.listener	PlayerCosmeticsSubscription	subscribes/unsubscribes to websocket player-cosmetic pushes and applies them to CosmeticManager -> listener framework
com.moonsworth.lunar.client.framework.listener.mixin	PlayerStatTracker	com.moonsworth.lunar.client.framework.listener	PlayerStatTracker	tracks other players (health/armour/potions/projectiles) from game events; feeds PvP/stat features -> listener framework
com.moonsworth.lunar.client.framework.listener.mixin	ProjectileTracker	com.moonsworth.lunar.client.framework.listener	ProjectileTracker	tracks live projectiles by entity id (hit/spawn/remove events) used for combat indicators -> listener framework
com.moonsworth.lunar.client.framework.listener.mixin	ScreenInteractionHandler	com.moonsworth.lunar.client.framework.listener	ScreenInteractionHandler	routes screen clicks/keybinds (external links, driver routes, alerts) -> listener framework
com.moonsworth.lunar.client.framework.listener.mixin	ServerSettingsListener	com.moonsworth.lunar.client.framework.listener	ServerSettingsListener	applies per-server option overrides on server join/brand events -> listener framework
com.moonsworth.lunar.client.framework.listener.nameplate	DynamicListenerEvent	com.moonsworth.lunar.client.event	DynamicListenerEvent	marker interface implemented by events that can be handled by dynamic listeners -> event package
com.moonsworth.lunar.client.framework.listener.nameplate	EventSubscriptionRegistry	com.moonsworth.lunar.client.framework.listener	EventSubscriptionRegistry	registry of event subscriptions (LunarEvent consumer + priority) used by the dynamic listener system -> listener framework
com.moonsworth.lunar.client.framework.listener.nameplate	ThreadedEvent	com.moonsworth.lunar.client.event	ThreadedEvent	marker interface allowing an event to be fired off-thread (checked by LunarEventBus) -> event package
com.moonsworth.lunar.client.framework.listener.rewindhandlers	HypixelLocation	com.moonsworth.lunar.client.framework.listener	HypixelLocation	Hypixel /locraw location model (server/gametype/map/lobby, GSON) -> listener framework
com.moonsworth.lunar.client.framework.listener.rewindhandlers	HypixelPartyTracker	com.moonsworth.lunar.client.framework.listener	HypixelPartyTracker	tracks Hypixel party members from chat/scoreboard events -> listener framework
com.moonsworth.lunar.client.framework.listener.rewindhandlers	LocrawResponse	com.moonsworth.lunar.client.framework.listener	LocrawResponse	/locraw response DTO -> listener framework
com.moonsworth.lunar.client.framework.listener.rewindhandlers	PartyState	com.moonsworth.lunar.client.framework.listener	PartyState	mutable party member/base state for HypixelLocationListener -> listener framework
com.moonsworth.lunar.client.framework.listener.rewindhandlers	TpsTracker	com.moonsworth.lunar.client.framework.listener	TpsTracker	server TPS tracker (tick timing, TPS display) -> listener framework
com.moonsworth.lunar.client.framework.mixin	Highlight3Handler	com.moonsworth.lunar.client.framework.bootstrap	Highlight3Handler	startup guard instantiated in Client init; cancels early screen-change events until first tick -> bootstrap
com.moonsworth.lunar.client.framework.mixin	InitialScreenGuard	com.moonsworth.lunar.client.framework.bootstrap	InitialScreenGuard	startup guard: cancels the initial screen-open event until the first client tick -> bootstrap
com.moonsworth.lunar.client.framework.nameplate	Alert2Iterator	com.moonsworth.lunar.client.framework.mod	Alert2Iterator	Alert2<Framework7Extension,Boolean> override handler for per-mod alerts -> mod framework impl
com.moonsworth.lunar.client.framework.nameplate	Alert2Iterator2	com.moonsworth.lunar.client.framework.mod	Alert2Iterator2	Framework2 (mod categories) impl over RewindhandlersType set -> mod framework impl
com.moonsworth.lunar.client.framework.nameplate	CommandCompleter	com.moonsworth.lunar.client.command	CommandCompleter	command completer utilities (suggestions from command string) -> command framework
com.moonsworth.lunar.client.framework.nameplate	CommandSuggestionBuilder	com.moonsworth.lunar.client.command	CommandSuggestionBuilder	command suggestion builder interface -> command framework
com.moonsworth.lunar.client.framework.nameplate	CommandSuggestionCollector	com.moonsworth.lunar.client.command	CommandSuggestionCollector	CommandSuggestionBuilder impl collecting suggestions -> command framework
com.moonsworth.lunar.client.framework.nameplate	CommandSuggestionProvider	com.moonsworth.lunar.client.command	CommandSuggestionProvider	command suggestion provider interface -> command framework
com.moonsworth.lunar.client.framework.nameplate	CompoundBooleanOption	com.moonsworth.lunar.client.config.option	CompoundBooleanOption	ModEnabledState over multiple ClientOption<Boolean> -> options framework
com.moonsworth.lunar.client.framework.nameplate	ConditionalChildBinding	com.moonsworth.lunar.client.framework.mod	ConditionalChildBinding	ChildModBinding impl (bound mod + optional enabled BooleanSupplier) -> mod framework impl
com.moonsworth.lunar.client.framework.nameplate	ConfigPanelPosition	com.moonsworth.lunar.client.framework.mod	ConfigPanelPosition	PanelPosition impl (x/y/scale/reset, JsonConfigurable) -> mod framework impl
com.moonsworth.lunar.client.framework.nameplate	DefaultedBooleanOption	com.moonsworth.lunar.client.config.option	DefaultedBooleanOption	EnabledOption + persisted default (JsonConfigurable) -> options framework
com.moonsworth.lunar.client.framework.nameplate	DynamicFeatureDetails	com.moonsworth.lunar.client.framework.mod	DynamicFeatureDetails	ModDetails impl with runtime-computed name/description -> mod framework impl
com.moonsworth.lunar.client.framework.nameplate	EnabledOption	com.moonsworth.lunar.client.config.option	EnabledOption	ModEnabledState over one ClientOption<Boolean> -> options framework
com.moonsworth.lunar.client.framework.nameplate	FeatureChildren	com.moonsworth.lunar.client.framework.mod	FeatureChildren	ModChildren impl (category->children map, JsonConfigurable) -> mod framework impl
com.moonsworth.lunar.client.framework.nameplate	FeatureDetails	com.moonsworth.lunar.client.framework.mod	FeatureDetails	ModDetails impl (name/description/translation key, Translatable) -> mod framework impl
com.moonsworth.lunar.client.framework.nameplate	FeatureIndex	com.moonsworth.lunar.client.framework.mod	FeatureIndex	ModSearchIndex impl (search terms/options) -> mod framework impl
com.moonsworth.lunar.client.framework.nameplate	FeatureLifecycleManager	com.moonsworth.lunar.client.framework.mod	FeatureLifecycleManager	ModLifecycle impl: initialises/loads features, children, events, commands -> mod framework impl
com.moonsworth.lunar.client.framework.nameplate	FeatureOptionContainer	com.moonsworth.lunar.client.framework.mod	FeatureOptionContainer	OptionContainer impl over ClientOption sets (JsonConfigurable) -> mod framework impl
com.moonsworth.lunar.client.framework.nameplate	FixedBooleanOption	com.moonsworth.lunar.client.config.option	FixedBooleanOption	constant ModEnabledState -> options framework
com.moonsworth.lunar.client.framework.nameplate	Framework4Handler	com.moonsworth.lunar.client.framework.mod	Framework4Handler	Framework4 (child binding) impl -> mod framework impl
com.moonsworth.lunar.client.framework.nameplate	KeystrokeSupport	com.moonsworth.lunar.client.framework.mod	KeystrokeSupport	ModSupport impl (server/keystroke support matrix) -> mod framework impl
com.moonsworth.lunar.client.framework.nameplate	ModCategorySet	com.moonsworth.lunar.client.framework.mod	ModCategorySet	ModCategories impl over RewindhandlersType set -> mod framework impl
com.moonsworth.lunar.client.framework.nameplate	ModDisplayData	com.moonsworth.lunar.client.framework.mod	ModDisplayData	ModDisplay impl (icons + render callback, JsonConfigurable) -> mod framework impl
com.moonsworth.lunar.client.framework.nameplate	MutablePageState	com.moonsworth.lunar.client.framework.mod	MutablePageState	PageState impl (mutable enabled flag) -> mod framework impl
com.moonsworth.lunar.client.framework.nameplate	Nameplate	com.moonsworth.lunar.client.framework.mod	Nameplate	ModEnabledState wrapper holding an option in a locked/unlocked state (GuardedOption) -> mod framework impl
com.moonsworth.lunar.client.framework.nameplate	Nameplate10	com.moonsworth.lunar.client.framework.mod	Nameplate10	Framework12 (panel position) impl (x/y/scale/reset) -> mod framework impl
com.moonsworth.lunar.client.framework.nameplate	Nameplate11	com.moonsworth.lunar.client.framework.mod	Nameplate11	ModSupport impl (server/version support matrix) -> mod framework impl
com.moonsworth.lunar.client.framework.nameplate	Nameplate2	com.moonsworth.lunar.client.framework.mod	Nameplate2	ModDetails impl with metadata-driven translation (extends Nameplate5) -> mod framework impl
com.moonsworth.lunar.client.framework.nameplate	Nameplate2_2	com.moonsworth.lunar.client.command	Nameplate2_2	argument suggestion provider interface (provide(args, suggestions)) -> command framework
com.moonsworth.lunar.client.framework.nameplate	Nameplate3	com.moonsworth.lunar.client.framework.mod	Nameplate3	AlertExtension (mod children) impl over per-category lists -> mod framework impl
com.moonsworth.lunar.client.framework.nameplate	Nameplate3Handler	com.moonsworth.lunar.client.command	Nameplate3Handler	Nameplate3_2 suggestion builder impl -> command framework
com.moonsworth.lunar.client.framework.nameplate	Nameplate3_2	com.moonsworth.lunar.client.command	Nameplate3_2	command suggestion builder interface (text/start/withText/withStart) -> command framework
com.moonsworth.lunar.client.framework.nameplate	Nameplate4	com.moonsworth.lunar.client.framework.mod	Nameplate4	ModEnabledState impl over a single ClientOption<Boolean> -> mod framework impl
com.moonsworth.lunar.client.framework.nameplate	Nameplate4Impl	com.moonsworth.lunar.client.framework.mod	Nameplate4Impl	ModEnabledState impl combining several ClientOption<Boolean> (AND/OR) -> mod framework impl
com.moonsworth.lunar.client.framework.nameplate	Nameplate4Impl2	com.moonsworth.lunar.client.framework.mod	Nameplate4Impl2	fixed-value ModEnabledState impl -> mod framework impl
com.moonsworth.lunar.client.framework.nameplate	Nameplate4Impl22	com.moonsworth.lunar.client.framework.mod	Nameplate4Impl22	Framework10 (mod display) impl with render callback -> mod framework impl
com.moonsworth.lunar.client.framework.nameplate	Nameplate4Loader	com.moonsworth.lunar.client.framework.mod	Nameplate4Loader	ModEnabledState impl with persisted user choice (JsonPersistable) -> mod framework impl
com.moonsworth.lunar.client.framework.nameplate	Nameplate5	com.moonsworth.lunar.client.framework.mod	Nameplate5	ModDetails+Calculator2 impl (name/description/translation, metadata) -> mod framework impl
com.moonsworth.lunar.client.framework.nameplate	Nameplate6	com.moonsworth.lunar.client.framework.mod	Nameplate6	Framework5 (option container) impl with option sets + predicate filter -> mod framework impl
com.moonsworth.lunar.client.framework.nameplate	Nameplate7	com.moonsworth.lunar.client.framework.mod	Nameplate7	Framework6 (page state) impl -> mod framework impl
com.moonsworth.lunar.client.framework.nameplate	Nameplate8	com.moonsworth.lunar.client.framework.mod	Nameplate8	Framework7 (mod restriction) impl delegating to a Nameplate predicate -> mod framework impl
com.moonsworth.lunar.client.framework.nameplate	Nameplate9	com.moonsworth.lunar.client.framework.mod	Nameplate9	ModSearchIndex impl (search over options/children) -> mod framework impl
com.moonsworth.lunar.client.framework.nameplate	NameplateImpl	com.moonsworth.lunar.client.command	NameplateImpl	MixinHelper2 (command argument) impl backed by a string map -> command framework
com.moonsworth.lunar.client.framework.nameplate	NameplateTask	com.moonsworth.lunar.client.framework.mod	NameplateTask	Framework10Extension/ModLifecycle impl (init/load/children/events/reload) -> mod framework impl
com.moonsworth.lunar.client.framework.nameplate	Nameplate_2	com.moonsworth.lunar.client.command	Nameplate_2	static command-suggestion helpers over a MixinNameplateImpl tree -> command framework
com.moonsworth.lunar.client.framework.nameplate	SettingOverrideInterceptor	com.moonsworth.lunar.client.config.override	SettingOverrideInterceptor	SettingIntercept<Framework7Extension,Boolean> impl (config override source/handler) -> config override framework
com.moonsworth.lunar.client.framework.nameplate	SuggestionCommandArguments	com.moonsworth.lunar.client.command	SuggestionCommandArguments	CommandArguments impl used while completing suggestions -> command framework
com.moonsworth.lunar.client.framework.nameplate	UnlockableFeature	com.moonsworth.lunar.client.framework.mod	UnlockableFeature	ModEnabledState wrapper that hides the feature until unlocked -> mod framework impl
com.moonsworth.lunar.client.framework.nameplate.mixin	Framework11Handler	com.moonsworth.lunar.client.framework.mod	Framework11Handler	Framework11/DynamicCondition impl gated by a Nameplate predicate -> mod framework impl
com.moonsworth.lunar.client.framework.nameplate.mixin	Nameplate	com.moonsworth.lunar.client.framework.listener	Nameplate	@FunctionalInterface dynamic-listener isEnabled predicate (@Annotation2 DYNAMICLISTENER_ISENABLED) implemented by mixin features -> listener framework
